fq_name	module	kind	uses_sorry	pretty_type_uncurried	pretty_type_unfolded	unfold_status
LRA.Set.Subcover	LRA.Set.Interface.Definitions.Families	instance	false	∀ {SetObject : Type v} {Collection : Type w} [inst : HasSubset SetObject] [inst_1 : HasSubset Collection]   [inst_2 : LRA.Set.HasCollectionUnion SetObject Collection] (subcollection collection : Collection)   (target : SetObject), And (inst_1.Subset subcollection collection) (LRA.Set.Covers subcollection target)	∀ {SetObject : Type v} {Collection : Type w} [inst : HasSubset SetObject] [inst_1 : HasSubset Collection]   [inst_2 : LRA.Set.HasCollectionUnion SetObject Collection] (subcollection collection : Collection)   (target : SetObject), And (inst_1.1 subcollection collection) (inst.1 target (inst_2.1 subcollection))	ok
LRA.Set.Covers	LRA.Set.Interface.Definitions.Families	instance	false	∀ {SetObject : Type v} {Collection : Type w} [inst : HasSubset SetObject]   [inst_1 : LRA.Set.HasCollectionUnion SetObject Collection] (collection : Collection) (target : SetObject),   inst.1 target (inst_1.collectionUnion collection)	∀ {SetObject : Type v} {Collection : Type w} [inst : HasSubset SetObject]   [inst_1 : LRA.Set.HasCollectionUnion SetObject Collection] (collection : Collection) (target : SetObject),   inst.1 target (inst_1.1 collection)	ok
LRA.Set.IsPairwise	LRA.Set.Interface.Definitions.RelationSets	instance	false	∀ (Left Right : Type u) {Pair : Type u} {RelationObject : Type v} [inst : LRA.Set.HasPairing Left Right Pair]   [inst_1 : Membership Pair RelationObject] (relation : RelationObject) (member : Pair),   inst_1.mem relation member → Exists fun input => Exists fun output => Eq member (LRA.Set.OrderedPair input output)	∀ (Left Right : Type u) {Pair : Type u} {RelationObject : Type v} [inst : LRA.Set.HasPairing Left Right Pair]   [inst_1 : Membership Pair RelationObject] (relation : RelationObject) (member : Pair),   inst_1.1 relation member → Exists fun input => Exists fun output => Eq member (inst.1 input output)	ok
LRA.Set.IsExtensionOf	LRA.Set.Interface.Definitions.RelationSets	instance	false	∀ {RelationObject : Type v} [inst : HasSubset RelationObject] (extension relation : RelationObject),   inst.1 relation extension	∀ {RelationObject : Type v} [inst : HasSubset RelationObject] (extension relation : RelationObject),   inst.1 relation extension	ok
LRA.Set.IsSingleValued	LRA.Set.Interface.Definitions.RelationSets	instance	false	∀ (Left Right : Type u) {Pair : Type u} {RelationObject : Type v} [inst : LRA.Set.HasPairing Left Right Pair]   [inst_1 : Membership Pair RelationObject] (relation : RelationObject) (input : Left)   (firstOutput secondOutput : Right),   And (LRA.Set.Relates relation input firstOutput) (LRA.Set.Relates relation input secondOutput) →     Eq firstOutput secondOutput	∀ (Left Right : Type u) {Pair : Type u} {RelationObject : Type v} [inst : LRA.Set.HasPairing Left Right Pair]   [inst_1 : Membership Pair RelationObject] (relation : RelationObject) (input : Left)   (firstOutput secondOutput : Right),   And (inst_1.1 relation (inst.1 input firstOutput)) (inst_1.1 relation (inst.1 input secondOutput)) →     Eq firstOutput secondOutput	ok
LRA.Set.Relates	LRA.Set.Interface.Definitions.RelationSets	instance	false	∀ {Left Right Pair : Type u} {RelationObject : Type v} [inst : LRA.Set.HasPairing Left Right Pair]   [inst_1 : Membership Pair RelationObject] (relation : RelationObject) (input : Left) (output : Right),   inst_1.1 relation (LRA.Set.OrderedPair input output)	∀ {Left Right Pair : Type u} {RelationObject : Type v} [inst : LRA.Set.HasPairing Left Right Pair]   [inst_1 : Membership Pair RelationObject] (relation : RelationObject) (input : Left) (output : Right),   inst_1.1 relation (inst.1 input output)	ok
LRA.Set.IsFunctionalSet	LRA.Set.Interface.Definitions.RelationSets	instance	false	∀ (Left Right : Type u) {Pair : Type u} {RelationObject : Type v} [inst : LRA.Set.HasPairing Left Right Pair]   [inst_1 : Membership Pair RelationObject] (relation : RelationObject),   And (LRA.Set.IsPairwise Left Right relation) (LRA.Set.IsSingleValued Left Right relation)	∀ (Left Right : Type u) {Pair : Type u} {RelationObject : Type v} [inst : LRA.Set.HasPairing Left Right Pair]   [inst_1 : Membership Pair RelationObject] (relation : RelationObject),   And     (∀ (member : Pair),       inst_1.1 relation member → Exists fun input => Exists fun output => Eq member (inst.1 input output))     (∀ (input : Left) (firstOutput secondOutput : Right),       inst_1.1 relation (inst.1 input firstOutput) →         inst_1.1 relation (inst.1 input secondOutput) → Eq firstOutput secondOutput)	ok
LRA.Set.IsTotalOn	LRA.Set.Interface.Definitions.RelationSets	instance	false	∀ (Right : Type u) {Left Pair : Type u} {RelationObject DomainObject : Type v}   [inst : LRA.Set.HasPairing Left Right Pair] [inst_1 : Membership Pair RelationObject]   [inst_2 : Membership Left DomainObject] (relation : RelationObject) (domain : DomainObject) (input : Left),   inst_2.mem domain input → Exists fun output => LRA.Set.Relates relation input output	∀ (Right : Type u) {Left Pair : Type u} {RelationObject DomainObject : Type v}   [inst : LRA.Set.HasPairing Left Right Pair] [inst_1 : Membership Pair RelationObject]   [inst_2 : Membership Left DomainObject] (relation : RelationObject) (domain : DomainObject) (input : Left),   inst_2.1 domain input → Exists fun output => inst_1.1 relation (inst.1 input output)	ok
LRA.Set.EmptyMembership	LRA.Set.Interface.Laws.Membership	theorem	true	∀ {Element : Type u} {SetObject : Type v} [inst : Membership Element SetObject] [inst_1 : Union SetObject]   [inst_2 : Inter SetObject] [inst_3 : SDiff SetObject] [inst_4 : EmptyCollection SetObject]   [inst_5 : HasSubset SetObject],   LRA.Set.MembershipLaws Element SetObject → ∀ (x : Element), Not (inst.mem inst_4.emptyCollection x)	∀ {Element : Type u} {SetObject : Type v} [inst : Membership Element SetObject] [inst_1 : Union SetObject]   [inst_2 : Inter SetObject] [inst_3 : SDiff SetObject] [inst_4 : EmptyCollection SetObject]   [inst_5 : HasSubset SetObject], LRA.Set.MembershipLaws Element SetObject → ∀ (x : Element), inst.1 inst_4.1 x → False	ok
LRA.Set.DifferenceMembership	LRA.Set.Interface.Laws.Membership	theorem	true	∀ {Element : Type u} {SetObject : Type v} [inst : Membership Element SetObject] [inst_1 : Union SetObject]   [inst_2 : Inter SetObject] [inst_3 : SDiff SetObject] [inst_4 : EmptyCollection SetObject]   [inst_5 : HasSubset SetObject],   LRA.Set.MembershipLaws Element SetObject →     ∀ (A B : SetObject) (x : Element), Iff (inst.mem (inst_3.sdiff A B) x) (And (inst.mem A x) (Not (inst.mem B x)))	∀ {Element : Type u} {SetObject : Type v} [inst : Membership Element SetObject] [inst_1 : Union SetObject]   [inst_2 : Inter SetObject] [inst_3 : SDiff SetObject] [inst_4 : EmptyCollection SetObject]   [inst_5 : HasSubset SetObject],   LRA.Set.MembershipLaws Element SetObject →     ∀ (A B : SetObject) (x : Element), Iff (inst.1 (inst_3.1 A B) x) (And (inst.1 A x) (inst.1 B x → False))	ok
LRA.Set.IntersectionMembership	LRA.Set.Interface.Laws.Membership	theorem	true	∀ {Element : Type u} {SetObject : Type v} [inst : Membership Element SetObject] [inst_1 : Union SetObject]   [inst_2 : Inter SetObject] [inst_3 : SDiff SetObject] [inst_4 : EmptyCollection SetObject]   [inst_5 : HasSubset SetObject],   LRA.Set.MembershipLaws Element SetObject →     ∀ (A B : SetObject) (x : Element), Iff (inst.mem (inst_2.inter A B) x) (And (inst.mem A x) (inst.mem B x))	∀ {Element : Type u} {SetObject : Type v} [inst : Membership Element SetObject] [inst_1 : Union SetObject]   [inst_2 : Inter SetObject] [inst_3 : SDiff SetObject] [inst_4 : EmptyCollection SetObject]   [inst_5 : HasSubset SetObject],   LRA.Set.MembershipLaws Element SetObject →     ∀ (A B : SetObject) (x : Element), Iff (inst.1 (inst_2.1 A B) x) (And (inst.1 A x) (inst.1 B x))	ok
LRA.Set.SetExtensionality	LRA.Set.Interface.Laws.Membership	theorem	true	∀ {Element : Type u} {SetObject : Type v} [inst : Membership Element SetObject],   LRA.Set.ExtensionalityLaw Element SetObject →     ∀ {A B : SetObject}, (∀ (x : Element), Iff (inst.mem A x) (inst.mem B x)) → Eq A B	∀ {Element : Type u} {SetObject : Type v} [inst : Membership Element SetObject],   LRA.Set.ExtensionalityLaw Element SetObject →     ∀ {A B : SetObject}, (∀ (x : Element), Iff (inst.1 A x) (inst.1 B x)) → Eq A B	ok
LRA.Set.SeparationMembership	LRA.Set.Interface.Laws.Membership	theorem	true	∀ {Element : Type u} {SetObject : Type v} [inst : Membership Element SetObject]   [inst_1 : LRA.Set.HasSeparation Element SetObject],   LRA.Set.SeparationLaws Element SetObject →     ∀ (A : SetObject) (property : Element → Prop) (x : Element),       Iff (inst.mem (inst_1.separation A property) x) (And (inst.mem A x) (property x))	∀ {Element : Type u} {SetObject : Type v} [inst : Membership Element SetObject]   [inst_1 : LRA.Set.HasSeparation Element SetObject],   LRA.Set.SeparationLaws Element SetObject →     ∀ (A : SetObject) (property : Element → Prop) (x : Element),       Iff (inst.1 (inst_1.1 A property) x) (And (inst.1 A x) (property x))	ok
LRA.Set.PowersetMembership	LRA.Set.Interface.Laws.Membership	theorem	true	∀ {SetObject : Type u} {Collection : Type v} [inst : Membership SetObject Collection] [inst_1 : HasSubset SetObject]   [inst_2 : LRA.Set.HasPowerset SetObject Collection],   LRA.Set.PowersetMembershipLaws SetObject Collection →     ∀ (A B : SetObject), Iff (inst.mem (inst_2.powerset A) B) (inst_1.Subset B A)	∀ {SetObject : Type u} {Collection : Type v} [inst : Membership SetObject Collection] [inst_1 : HasSubset SetObject]   [inst_2 : LRA.Set.HasPowerset SetObject Collection],   LRA.Set.PowersetMembershipLaws SetObject Collection → ∀ (A B : SetObject), Iff (inst.1 (inst_2.1 A) B) (inst_1.1 B A)	ok
LRA.Set.UnionMembership	LRA.Set.Interface.Laws.Membership	theorem	true	∀ {Element : Type u} {SetObject : Type v} [inst : Membership Element SetObject] [inst_1 : Union SetObject]   [inst_2 : Inter SetObject] [inst_3 : SDiff SetObject] [inst_4 : EmptyCollection SetObject]   [inst_5 : HasSubset SetObject],   LRA.Set.MembershipLaws Element SetObject →     ∀ (A B : SetObject) (x : Element), Iff (inst.mem (inst_1.union A B) x) (Or (inst.mem A x) (inst.mem B x))	∀ {Element : Type u} {SetObject : Type v} [inst : Membership Element SetObject] [inst_1 : Union SetObject]   [inst_2 : Inter SetObject] [inst_3 : SDiff SetObject] [inst_4 : EmptyCollection SetObject]   [inst_5 : HasSubset SetObject],   LRA.Set.MembershipLaws Element SetObject →     ∀ (A B : SetObject) (x : Element), Iff (inst.1 (inst_1.1 A B) x) (Or (inst.1 A x) (inst.1 B x))	ok
LRA.Set.UniversalMembership	LRA.Set.Interface.Laws.Membership	theorem	true	∀ {Element : Type u} {SetObject : Type v} [inst : Membership Element SetObject]   [inst_1 : LRA.Set.HasUniversal SetObject] [inst_2 : LRA.Set.HasComplement SetObject],   LRA.Set.UniversalMembershipLaws Element SetObject → ∀ (x : Element), inst.mem inst_1.universal x	∀ {Element : Type u} {SetObject : Type v} [inst : Membership Element SetObject]   [inst_1 : LRA.Set.HasUniversal SetObject] [inst_2 : LRA.Set.HasComplement SetObject],   LRA.Set.UniversalMembershipLaws Element SetObject → ∀ (x : Element), inst.1 inst_1.1 x	ok
LRA.Set.SubsetIffAllMembers	LRA.Set.Interface.Laws.Membership	theorem	true	∀ {Element : Type u} {SetObject : Type v} [inst : Membership Element SetObject] [inst_1 : Union SetObject]   [inst_2 : Inter SetObject] [inst_3 : SDiff SetObject] [inst_4 : EmptyCollection SetObject]   [inst_5 : HasSubset SetObject],   LRA.Set.MembershipLaws Element SetObject →     ∀ (A B : SetObject), Iff (inst_5.Subset A B) (∀ (x : Element), inst.mem A x → inst.mem B x)	∀ {Element : Type u} {SetObject : Type v} [inst : Membership Element SetObject] [inst_1 : Union SetObject]   [inst_2 : Inter SetObject] [inst_3 : SDiff SetObject] [inst_4 : EmptyCollection SetObject]   [inst_5 : HasSubset SetObject],   LRA.Set.MembershipLaws Element SetObject →     ∀ (A B : SetObject), Iff (inst_5.1 A B) (∀ (x : Element), inst.1 A x → inst.1 B x)	ok
LRA.Set.ComplementMembership	LRA.Set.Interface.Laws.Membership	theorem	true	∀ {Element : Type u} {SetObject : Type v} [inst : Membership Element SetObject]   [inst_1 : LRA.Set.HasUniversal SetObject] [inst_2 : LRA.Set.HasComplement SetObject],   LRA.Set.UniversalMembershipLaws Element SetObject →     ∀ (A : SetObject) (x : Element), Iff (inst.mem (inst_2.complement A) x) (Not (inst.mem A x))	∀ {Element : Type u} {SetObject : Type v} [inst : Membership Element SetObject]   [inst_1 : LRA.Set.HasUniversal SetObject] [inst_2 : LRA.Set.HasComplement SetObject],   LRA.Set.UniversalMembershipLaws Element SetObject →     ∀ (A : SetObject) (x : Element), Iff (inst.1 (inst_2.1 A) x) (inst.1 A x → False)	ok
LRA.Set.SymmetricDifferenceMembership	LRA.Set.Interface.Laws.Membership	theorem	true	∀ {Element : Type u} {SetObject : Type v} [inst : Membership Element SetObject]   [inst_1 : LRA.Set.HasSymmDiff SetObject],   LRA.Set.SymmDiffMembershipLaws Element SetObject →     ∀ (A B : SetObject) (x : Element),       Iff (inst.mem (inst_1.symmDiff A B) x)         (Or (And (inst.mem A x) (Not (inst.mem B x))) (And (inst.mem B x) (Not (inst.mem A x))))	∀ {Element : Type u} {SetObject : Type v} [inst : Membership Element SetObject]   [inst_1 : LRA.Set.HasSymmDiff SetObject],   LRA.Set.SymmDiffMembershipLaws Element SetObject →     ∀ (A B : SetObject) (x : Element),       Iff (inst.1 (inst_1.1 A B) x) (Or (And (inst.1 A x) (inst.1 B x → False)) (And (inst.1 B x) (inst.1 A x → False)))	ok
LRA.Set.PairInjective	LRA.Set.Interface.Laws.Pairing	theorem	true	∀ {Left Right Pair : Type u} [inst : LRA.Set.HasPairing Left Right Pair],   LRA.Set.PairingLaws Left Right Pair →     ∀ (firstLeft secondLeft : Left) (firstRight secondRight : Right),       Iff (Eq (LRA.Set.OrderedPair firstLeft firstRight) (LRA.Set.OrderedPair secondLeft secondRight))         (And (Eq firstLeft secondLeft) (Eq firstRight secondRight))	∀ {Left Right Pair : Type u} [inst : LRA.Set.HasPairing Left Right Pair],   LRA.Set.PairingLaws Left Right Pair →     ∀ (firstLeft secondLeft : Left) (firstRight secondRight : Right),       Iff (Eq (inst.1 firstLeft firstRight) (inst.1 secondLeft secondRight))         (And (Eq firstLeft secondLeft) (Eq firstRight secondRight))	ok
LRA.Set.instProdPairingLaws	LRA.Set.Interface.Laws.Pairing	theorem	true	∀ {Left Right : Type u}, LRA.Set.PairingLaws Left Right (Prod Left Right)	∀ {Left Right : Type u}, LRA.Set.PairingLaws Left Right (Prod Left Right)	ok
LRA.Set.SubsetIffUnionEqRight	LRA.Set.Interface.Laws.Union	theorem	true	∀ {α : Type u} [inst : Union α] [inst_1 : EmptyCollection α] [inst_2 : HasSubset α],   LRA.Set.UnionLaws α → ∀ (A B : α), Iff (inst_2.Subset A B) (Eq (inst.union A B) B)	∀ {α : Type u} [inst : Union α] [inst_1 : EmptyCollection α] [inst_2 : HasSubset α],   LRA.Set.UnionLaws α → ∀ (A B : α), Iff (inst_2.1 A B) (Eq (inst.1 A B) B)	ok
LRA.Set.UnionEmpty	LRA.Set.Interface.Laws.Union	theorem	true	∀ {α : Type u} [inst : Union α] [inst_1 : EmptyCollection α] [inst_2 : HasSubset α],   LRA.Set.UnionLaws α → ∀ (A : α), Eq (inst.union A inst_1.emptyCollection) A	∀ {α : Type u} [inst : Union α] [inst_1 : EmptyCollection α] [inst_2 : HasSubset α],   LRA.Set.UnionLaws α → ∀ (A : α), Eq (inst.1 A inst_1.1) A	ok
LRA.Set.UnionCommutative	LRA.Set.Interface.Laws.Union	theorem	true	∀ {α : Type u} [inst : Union α] [inst_1 : EmptyCollection α] [inst_2 : HasSubset α],   LRA.Set.UnionLaws α → ∀ (A B : α), Eq (inst.union A B) (inst.union B A)	∀ {α : Type u} [inst : Union α] [inst_1 : EmptyCollection α] [inst_2 : HasSubset α],   LRA.Set.UnionLaws α → ∀ (A B : α), Eq (inst.1 A B) (inst.1 B A)	ok
LRA.Set.EmptyUnion	LRA.Set.Interface.Laws.Union	theorem	true	∀ {α : Type u} [inst : Union α] [inst_1 : EmptyCollection α] [inst_2 : HasSubset α],   LRA.Set.UnionLaws α → ∀ (A : α), Eq (inst.union inst_1.emptyCollection A) A	∀ {α : Type u} [inst : Union α] [inst_1 : EmptyCollection α] [inst_2 : HasSubset α],   LRA.Set.UnionLaws α → ∀ (A : α), Eq (inst.1 inst_1.1 A) A	ok
LRA.Set.UnionAssociative	LRA.Set.Interface.Laws.Union	theorem	true	∀ {α : Type u} [inst : Union α] [inst_1 : EmptyCollection α] [inst_2 : HasSubset α],   LRA.Set.UnionLaws α → ∀ (A B C : α), Eq (inst.union (inst.union A B) C) (inst.union A (inst.union B C))	∀ {α : Type u} [inst : Union α] [inst_1 : EmptyCollection α] [inst_2 : HasSubset α],   LRA.Set.UnionLaws α → ∀ (A B C : α), Eq (inst.1 (inst.1 A B) C) (inst.1 A (inst.1 B C))	ok
LRA.Set.UnionMonotone	LRA.Set.Interface.Laws.Union	theorem	true	∀ {α : Type u} [inst : Union α] [inst_1 : EmptyCollection α] [inst_2 : HasSubset α],   LRA.Set.UnionLaws α →     ∀ (A₁ A₂ B₁ B₂ : α),       And (inst_2.Subset A₁ A₂) (inst_2.Subset B₁ B₂) → inst_2.Subset (inst.union A₁ B₁) (inst.union A₂ B₂)	∀ {α : Type u} [inst : Union α] [inst_1 : EmptyCollection α] [inst_2 : HasSubset α],   LRA.Set.UnionLaws α →     ∀ (A₁ A₂ B₁ B₂ : α), And (inst_2.1 A₁ A₂) (inst_2.1 B₁ B₂) → inst_2.1 (inst.1 A₁ B₁) (inst.1 A₂ B₂)	ok
LRA.Set.UnionIdempotent	LRA.Set.Interface.Laws.Union	theorem	true	∀ {α : Type u} [inst : Union α] [inst_1 : EmptyCollection α] [inst_2 : HasSubset α],   LRA.Set.UnionLaws α → ∀ (A : α), Eq (inst.union A A) A	∀ {α : Type u} [inst : Union α] [inst_1 : EmptyCollection α] [inst_2 : HasSubset α],   LRA.Set.UnionLaws α → ∀ (A : α), Eq (inst.1 A A) A	ok
LRA.Set.EmptyIntersection	LRA.Set.Interface.Laws.Intersection	theorem	true	∀ {α : Type u} [inst : Inter α] [inst_1 : EmptyCollection α] [inst_2 : HasSubset α],   LRA.Set.IntersectionLaws α → ∀ (A : α), Eq (inst.inter inst_1.emptyCollection A) inst_1.emptyCollection	∀ {α : Type u} [inst : Inter α] [inst_1 : EmptyCollection α] [inst_2 : HasSubset α],   LRA.Set.IntersectionLaws α → ∀ (A : α), Eq (inst.1 inst_1.1 A) inst_1.1	ok
LRA.Set.IntersectionIdempotent	LRA.Set.Interface.Laws.Intersection	theorem	true	∀ {α : Type u} [inst : Inter α] [inst_1 : EmptyCollection α] [inst_2 : HasSubset α],   LRA.Set.IntersectionLaws α → ∀ (A : α), Eq (inst.inter A A) A	∀ {α : Type u} [inst : Inter α] [inst_1 : EmptyCollection α] [inst_2 : HasSubset α],   LRA.Set.IntersectionLaws α → ∀ (A : α), Eq (inst.1 A A) A	ok
LRA.Set.IntersectionAssociative	LRA.Set.Interface.Laws.Intersection	theorem	true	∀ {α : Type u} [inst : Inter α] [inst_1 : EmptyCollection α] [inst_2 : HasSubset α],   LRA.Set.IntersectionLaws α → ∀ (A B C : α), Eq (inst.inter (inst.inter A B) C) (inst.inter A (inst.inter B C))	∀ {α : Type u} [inst : Inter α] [inst_1 : EmptyCollection α] [inst_2 : HasSubset α],   LRA.Set.IntersectionLaws α → ∀ (A B C : α), Eq (inst.1 (inst.1 A B) C) (inst.1 A (inst.1 B C))	ok
LRA.Set.IntersectionMonotone	LRA.Set.Interface.Laws.Intersection	theorem	true	∀ {α : Type u} [inst : Inter α] [inst_1 : EmptyCollection α] [inst_2 : HasSubset α],   LRA.Set.IntersectionLaws α →     ∀ (A₁ A₂ B₁ B₂ : α),       And (inst_2.Subset A₁ A₂) (inst_2.Subset B₁ B₂) → inst_2.Subset (inst.inter A₁ B₁) (inst.inter A₂ B₂)	∀ {α : Type u} [inst : Inter α] [inst_1 : EmptyCollection α] [inst_2 : HasSubset α],   LRA.Set.IntersectionLaws α →     ∀ (A₁ A₂ B₁ B₂ : α), And (inst_2.1 A₁ A₂) (inst_2.1 B₁ B₂) → inst_2.1 (inst.1 A₁ B₁) (inst.1 A₂ B₂)	ok
LRA.Set.SubsetIffIntersectionEqLeft	LRA.Set.Interface.Laws.Intersection	theorem	true	∀ {α : Type u} [inst : Inter α] [inst_1 : EmptyCollection α] [inst_2 : HasSubset α],   LRA.Set.IntersectionLaws α → ∀ (A B : α), Iff (inst_2.Subset A B) (Eq (inst.inter A B) A)	∀ {α : Type u} [inst : Inter α] [inst_1 : EmptyCollection α] [inst_2 : HasSubset α],   LRA.Set.IntersectionLaws α → ∀ (A B : α), Iff (inst_2.1 A B) (Eq (inst.1 A B) A)	ok
LRA.Set.IntersectionCommutative	LRA.Set.Interface.Laws.Intersection	theorem	true	∀ {α : Type u} [inst : Inter α] [inst_1 : EmptyCollection α] [inst_2 : HasSubset α],   LRA.Set.IntersectionLaws α → ∀ (A B : α), Eq (inst.inter A B) (inst.inter B A)	∀ {α : Type u} [inst : Inter α] [inst_1 : EmptyCollection α] [inst_2 : HasSubset α],   LRA.Set.IntersectionLaws α → ∀ (A B : α), Eq (inst.1 A B) (inst.1 B A)	ok
LRA.Set.IntersectionEmpty	LRA.Set.Interface.Laws.Intersection	theorem	true	∀ {α : Type u} [inst : Inter α] [inst_1 : EmptyCollection α] [inst_2 : HasSubset α],   LRA.Set.IntersectionLaws α → ∀ (A : α), Eq (inst.inter A inst_1.emptyCollection) inst_1.emptyCollection	∀ {α : Type u} [inst : Inter α] [inst_1 : EmptyCollection α] [inst_2 : HasSubset α],   LRA.Set.IntersectionLaws α → ∀ (A : α), Eq (inst.1 A inst_1.1) inst_1.1	ok
LRA.Set.SubsetReflexive	LRA.Set.Interface.Laws.Subset	theorem	true	∀ {α : Type u} [inst : HasSubset α], LRA.Set.SubsetLaws α → ∀ (A : α), inst.Subset A A	∀ {α : Type u} [inst : HasSubset α], LRA.Set.SubsetLaws α → ∀ (A : α), inst.1 A A	ok
LRA.Set.SetEqualityIffMutualSubset	LRA.Set.Interface.Laws.Subset	theorem	true	∀ {α : Type u} [inst : HasSubset α],   LRA.Set.SubsetLaws α → ∀ (A B : α), Iff (Eq A B) (And (inst.Subset A B) (inst.Subset B A))	∀ {α : Type u} [inst : HasSubset α], LRA.Set.SubsetLaws α → ∀ (A B : α), Iff (Eq A B) (And (inst.1 A B) (inst.1 B A))	ok
LRA.Set.SubsetTransitive	LRA.Set.Interface.Laws.Subset	theorem	true	∀ {α : Type u} [inst : HasSubset α],   LRA.Set.SubsetLaws α → ∀ (A B C : α), And (inst.Subset A B) (inst.Subset B C) → inst.Subset A C	∀ {α : Type u} [inst : HasSubset α], LRA.Set.SubsetLaws α → ∀ (A B C : α), And (inst.1 A B) (inst.1 B C) → inst.1 A C	ok
LRA.Set.DifferenceMonotoneLeft	LRA.Set.Interface.Laws.Difference	theorem	true	∀ {α : Type u} [inst : SDiff α] [inst_1 : Union α] [inst_2 : Inter α] [inst_3 : EmptyCollection α]   [inst_4 : HasSubset α],   LRA.Set.DifferenceLaws α → ∀ (A₁ A₂ B : α), inst_4.Subset A₁ A₂ → inst_4.Subset (inst.sdiff A₁ B) (inst.sdiff A₂ B)	∀ {α : Type u} [inst : SDiff α] [inst_1 : Union α] [inst_2 : Inter α] [inst_3 : EmptyCollection α]   [inst_4 : HasSubset α],   LRA.Set.DifferenceLaws α → ∀ (A₁ A₂ B : α), inst_4.1 A₁ A₂ → inst_4.1 (inst.1 A₁ B) (inst.1 A₂ B)	ok
LRA.Set.DifferenceDisjointRight	LRA.Set.Interface.Laws.Difference	theorem	true	∀ {α : Type u} [inst : SDiff α] [inst_1 : Union α] [inst_2 : Inter α] [inst_3 : EmptyCollection α]   [inst_4 : HasSubset α],   LRA.Set.DifferenceLaws α → ∀ (A B : α), Eq (inst_2.inter (inst.sdiff A B) B) inst_3.emptyCollection	∀ {α : Type u} [inst : SDiff α] [inst_1 : Union α] [inst_2 : Inter α] [inst_3 : EmptyCollection α]   [inst_4 : HasSubset α], LRA.Set.DifferenceLaws α → ∀ (A B : α), Eq (inst_2.1 (inst.1 A B) B) inst_3.1	ok
LRA.Set.DifferenceAntitoneRight	LRA.Set.Interface.Laws.Difference	theorem	true	∀ {α : Type u} [inst : SDiff α] [inst_1 : Union α] [inst_2 : Inter α] [inst_3 : EmptyCollection α]   [inst_4 : HasSubset α],   LRA.Set.DifferenceLaws α → ∀ (A B₁ B₂ : α), inst_4.Subset B₁ B₂ → inst_4.Subset (inst.sdiff A B₂) (inst.sdiff A B₁)	∀ {α : Type u} [inst : SDiff α] [inst_1 : Union α] [inst_2 : Inter α] [inst_3 : EmptyCollection α]   [inst_4 : HasSubset α],   LRA.Set.DifferenceLaws α → ∀ (A B₁ B₂ : α), inst_4.1 B₁ B₂ → inst_4.1 (inst.1 A B₂) (inst.1 A B₁)	ok
LRA.Set.DifferenceIntersection	LRA.Set.Interface.Laws.Difference	theorem	true	∀ {α : Type u} [inst : SDiff α] [inst_1 : Union α] [inst_2 : Inter α] [inst_3 : EmptyCollection α]   [inst_4 : HasSubset α],   LRA.Set.DifferenceLaws α →     ∀ (A B C : α), Eq (inst.sdiff A (inst_2.inter B C)) (inst_1.union (inst.sdiff A B) (inst.sdiff A C))	∀ {α : Type u} [inst : SDiff α] [inst_1 : Union α] [inst_2 : Inter α] [inst_3 : EmptyCollection α]   [inst_4 : HasSubset α],   LRA.Set.DifferenceLaws α → ∀ (A B C : α), Eq (inst.1 A (inst_2.1 B C)) (inst_1.1 (inst.1 A B) (inst.1 A C))	ok
LRA.Set.EmptyDifference	LRA.Set.Interface.Laws.Difference	theorem	true	∀ {α : Type u} [inst : SDiff α] [inst_1 : Union α] [inst_2 : Inter α] [inst_3 : EmptyCollection α]   [inst_4 : HasSubset α],   LRA.Set.DifferenceLaws α → ∀ (A : α), Eq (inst.sdiff inst_3.emptyCollection A) inst_3.emptyCollection	∀ {α : Type u} [inst : SDiff α] [inst_1 : Union α] [inst_2 : Inter α] [inst_3 : EmptyCollection α]   [inst_4 : HasSubset α], LRA.Set.DifferenceLaws α → ∀ (A : α), Eq (inst.1 inst_3.1 A) inst_3.1	ok
LRA.Set.DifferenceUnion	LRA.Set.Interface.Laws.Difference	theorem	true	∀ {α : Type u} [inst : SDiff α] [inst_1 : Union α] [inst_2 : Inter α] [inst_3 : EmptyCollection α]   [inst_4 : HasSubset α],   LRA.Set.DifferenceLaws α →     ∀ (A B C : α), Eq (inst.sdiff A (inst_1.union B C)) (inst_2.inter (inst.sdiff A B) (inst.sdiff A C))	∀ {α : Type u} [inst : SDiff α] [inst_1 : Union α] [inst_2 : Inter α] [inst_3 : EmptyCollection α]   [inst_4 : HasSubset α],   LRA.Set.DifferenceLaws α → ∀ (A B C : α), Eq (inst.1 A (inst_1.1 B C)) (inst_2.1 (inst.1 A B) (inst.1 A C))	ok
LRA.Set.DifferenceSelf	LRA.Set.Interface.Laws.Difference	theorem	true	∀ {α : Type u} [inst : SDiff α] [inst_1 : Union α] [inst_2 : Inter α] [inst_3 : EmptyCollection α]   [inst_4 : HasSubset α], LRA.Set.DifferenceLaws α → ∀ (A : α), Eq (inst.sdiff A A) inst_3.emptyCollection	∀ {α : Type u} [inst : SDiff α] [inst_1 : Union α] [inst_2 : Inter α] [inst_3 : EmptyCollection α]   [inst_4 : HasSubset α], LRA.Set.DifferenceLaws α → ∀ (A : α), Eq (inst.1 A A) inst_3.1	ok
LRA.Set.UnionDifferenceDistributes	LRA.Set.Interface.Laws.Difference	theorem	true	∀ {α : Type u} [inst : SDiff α] [inst_1 : Union α] [inst_2 : Inter α] [inst_3 : EmptyCollection α]   [inst_4 : HasSubset α],   LRA.Set.DifferenceLaws α →     ∀ (A B C : α), Eq (inst.sdiff (inst_1.union A B) C) (inst_1.union (inst.sdiff A C) (inst.sdiff B C))	∀ {α : Type u} [inst : SDiff α] [inst_1 : Union α] [inst_2 : Inter α] [inst_3 : EmptyCollection α]   [inst_4 : HasSubset α],   LRA.Set.DifferenceLaws α → ∀ (A B C : α), Eq (inst.1 (inst_1.1 A B) C) (inst_1.1 (inst.1 A C) (inst.1 B C))	ok
LRA.Set.DifferenceSubsetLeft	LRA.Set.Interface.Laws.Difference	theorem	true	∀ {α : Type u} [inst : SDiff α] [inst_1 : Union α] [inst_2 : Inter α] [inst_3 : EmptyCollection α]   [inst_4 : HasSubset α], LRA.Set.DifferenceLaws α → ∀ (A B : α), inst_4.Subset (inst.sdiff A B) A	∀ {α : Type u} [inst : SDiff α] [inst_1 : Union α] [inst_2 : Inter α] [inst_3 : EmptyCollection α]   [inst_4 : HasSubset α], LRA.Set.DifferenceLaws α → ∀ (A B : α), inst_4.1 (inst.1 A B) A	ok
LRA.Set.DifferenceEmpty	LRA.Set.Interface.Laws.Difference	theorem	true	∀ {α : Type u} [inst : SDiff α] [inst_1 : Union α] [inst_2 : Inter α] [inst_3 : EmptyCollection α]   [inst_4 : HasSubset α], LRA.Set.DifferenceLaws α → ∀ (A : α), Eq (inst.sdiff A inst_3.emptyCollection) A	∀ {α : Type u} [inst : SDiff α] [inst_1 : Union α] [inst_2 : Inter α] [inst_3 : EmptyCollection α]   [inst_4 : HasSubset α], LRA.Set.DifferenceLaws α → ∀ (A : α), Eq (inst.1 A inst_3.1) A	ok
LRA.Set.IntersectionDifferenceDistributes	LRA.Set.Interface.Laws.Difference	theorem	true	∀ {α : Type u} [inst : SDiff α] [inst_1 : Union α] [inst_2 : Inter α] [inst_3 : EmptyCollection α]   [inst_4 : HasSubset α],   LRA.Set.DifferenceLaws α →     ∀ (A B C : α), Eq (inst.sdiff (inst_2.inter A B) C) (inst_2.inter (inst.sdiff A C) (inst.sdiff B C))	∀ {α : Type u} [inst : SDiff α] [inst_1 : Union α] [inst_2 : Inter α] [inst_3 : EmptyCollection α]   [inst_4 : HasSubset α],   LRA.Set.DifferenceLaws α → ∀ (A B C : α), Eq (inst.1 (inst_2.1 A B) C) (inst_2.1 (inst.1 A C) (inst.1 B C))	ok
LRA.Set.SymmetricDifferenceSubsetUnion	LRA.Set.Interface.Laws.SymmetricDifference	theorem	true	∀ {α : Type u} [inst : LRA.Set.HasSymmDiff α] [inst_1 : Union α] [inst_2 : Inter α] [inst_3 : SDiff α]   [inst_4 : EmptyCollection α] [inst_5 : HasSubset α],   LRA.Set.SymmDiffLaws α → ∀ (A B : α), inst_5.Subset (inst.symmDiff A B) (inst_1.union A B)	∀ {α : Type u} [inst : LRA.Set.HasSymmDiff α] [inst_1 : Union α] [inst_2 : Inter α] [inst_3 : SDiff α]   [inst_4 : EmptyCollection α] [inst_5 : HasSubset α],   LRA.Set.SymmDiffLaws α → ∀ (A B : α), inst_5.1 (inst.1 A B) (inst_1.1 A B)	ok
LRA.Set.SymmetricDifferenceCommutative	LRA.Set.Interface.Laws.SymmetricDifference	theorem	true	∀ {α : Type u} [inst : LRA.Set.HasSymmDiff α] [inst_1 : Union α] [inst_2 : Inter α] [inst_3 : SDiff α]   [inst_4 : EmptyCollection α] [inst_5 : HasSubset α],   LRA.Set.SymmDiffLaws α → ∀ (A B : α), Eq (inst.symmDiff A B) (inst.symmDiff B A)	∀ {α : Type u} [inst : LRA.Set.HasSymmDiff α] [inst_1 : Union α] [inst_2 : Inter α] [inst_3 : SDiff α]   [inst_4 : EmptyCollection α] [inst_5 : HasSubset α],   LRA.Set.SymmDiffLaws α → ∀ (A B : α), Eq (inst.1 A B) (inst.1 B A)	ok
LRA.Set.SymmetricDifferenceEqEmptyIff	LRA.Set.Interface.Laws.SymmetricDifference	theorem	true	∀ {α : Type u} [inst : LRA.Set.HasSymmDiff α] [inst_1 : Union α] [inst_2 : Inter α] [inst_3 : SDiff α]   [inst_4 : EmptyCollection α] [inst_5 : HasSubset α],   LRA.Set.SymmDiffLaws α → ∀ (A B : α), Iff (Eq (inst.symmDiff A B) inst_4.emptyCollection) (Eq A B)	∀ {α : Type u} [inst : LRA.Set.HasSymmDiff α] [inst_1 : Union α] [inst_2 : Inter α] [inst_3 : SDiff α]   [inst_4 : EmptyCollection α] [inst_5 : HasSubset α],   LRA.Set.SymmDiffLaws α → ∀ (A B : α), Iff (Eq (inst.1 A B) inst_4.1) (Eq A B)	ok
LRA.Set.EmptySymmetricDifference	LRA.Set.Interface.Laws.SymmetricDifference	theorem	true	∀ {α : Type u} [inst : LRA.Set.HasSymmDiff α] [inst_1 : Union α] [inst_2 : Inter α] [inst_3 : SDiff α]   [inst_4 : EmptyCollection α] [inst_5 : HasSubset α],   LRA.Set.SymmDiffLaws α → ∀ (A : α), Eq (inst.symmDiff inst_4.emptyCollection A) A	∀ {α : Type u} [inst : LRA.Set.HasSymmDiff α] [inst_1 : Union α] [inst_2 : Inter α] [inst_3 : SDiff α]   [inst_4 : EmptyCollection α] [inst_5 : HasSubset α], LRA.Set.SymmDiffLaws α → ∀ (A : α), Eq (inst.1 inst_4.1 A) A	ok
LRA.Set.SymmetricDifferenceEmpty	LRA.Set.Interface.Laws.SymmetricDifference	theorem	true	∀ {α : Type u} [inst : LRA.Set.HasSymmDiff α] [inst_1 : Union α] [inst_2 : Inter α] [inst_3 : SDiff α]   [inst_4 : EmptyCollection α] [inst_5 : HasSubset α],   LRA.Set.SymmDiffLaws α → ∀ (A : α), Eq (inst.symmDiff A inst_4.emptyCollection) A	∀ {α : Type u} [inst : LRA.Set.HasSymmDiff α] [inst_1 : Union α] [inst_2 : Inter α] [inst_3 : SDiff α]   [inst_4 : EmptyCollection α] [inst_5 : HasSubset α], LRA.Set.SymmDiffLaws α → ∀ (A : α), Eq (inst.1 A inst_4.1) A	ok
LRA.Set.SymmetricDifferenceSelf	LRA.Set.Interface.Laws.SymmetricDifference	theorem	true	∀ {α : Type u} [inst : LRA.Set.HasSymmDiff α] [inst_1 : Union α] [inst_2 : Inter α] [inst_3 : SDiff α]   [inst_4 : EmptyCollection α] [inst_5 : HasSubset α],   LRA.Set.SymmDiffLaws α → ∀ (A : α), Eq (inst.symmDiff A A) inst_4.emptyCollection	∀ {α : Type u} [inst : LRA.Set.HasSymmDiff α] [inst_1 : Union α] [inst_2 : Inter α] [inst_3 : SDiff α]   [inst_4 : EmptyCollection α] [inst_5 : HasSubset α], LRA.Set.SymmDiffLaws α → ∀ (A : α), Eq (inst.1 A A) inst_4.1	ok
LRA.Set.SymmetricDifferenceAssociative	LRA.Set.Interface.Laws.SymmetricDifference	theorem	true	∀ {α : Type u} [inst : LRA.Set.HasSymmDiff α] [inst_1 : Union α] [inst_2 : Inter α] [inst_3 : SDiff α]   [inst_4 : EmptyCollection α] [inst_5 : HasSubset α],   LRA.Set.SymmDiffLaws α → ∀ (A B C : α), Eq (inst.symmDiff (inst.symmDiff A B) C) (inst.symmDiff A (inst.symmDiff B C))	∀ {α : Type u} [inst : LRA.Set.HasSymmDiff α] [inst_1 : Union α] [inst_2 : Inter α] [inst_3 : SDiff α]   [inst_4 : EmptyCollection α] [inst_5 : HasSubset α],   LRA.Set.SymmDiffLaws α → ∀ (A B C : α), Eq (inst.1 (inst.1 A B) C) (inst.1 A (inst.1 B C))	ok
LRA.Set.SymmetricDifferenceAsUnionDifferenceIntersection	LRA.Set.Interface.Laws.SymmetricDifference	theorem	true	∀ {α : Type u} [inst : LRA.Set.HasSymmDiff α] [inst_1 : Union α] [inst_2 : Inter α] [inst_3 : SDiff α]   [inst_4 : EmptyCollection α] [inst_5 : HasSubset α],   LRA.Set.SymmDiffLaws α → ∀ (A B : α), Eq (inst.symmDiff A B) (inst_3.sdiff (inst_1.union A B) (inst_2.inter A B))	∀ {α : Type u} [inst : LRA.Set.HasSymmDiff α] [inst_1 : Union α] [inst_2 : Inter α] [inst_3 : SDiff α]   [inst_4 : EmptyCollection α] [inst_5 : HasSubset α],   LRA.Set.SymmDiffLaws α → ∀ (A B : α), Eq (inst.1 A B) (inst_3.1 (inst_1.1 A B) (inst_2.1 A B))	ok
LRA.Set.SymmetricDifferenceAsUnionDifferences	LRA.Set.Interface.Laws.SymmetricDifference	theorem	true	∀ {α : Type u} [inst : LRA.Set.HasSymmDiff α] [inst_1 : Union α] [inst_2 : Inter α] [inst_3 : SDiff α]   [inst_4 : EmptyCollection α] [inst_5 : HasSubset α],   LRA.Set.SymmDiffLaws α → ∀ (A B : α), Eq (inst.symmDiff A B) (inst_1.union (inst_3.sdiff A B) (inst_3.sdiff B A))	∀ {α : Type u} [inst : LRA.Set.HasSymmDiff α] [inst_1 : Union α] [inst_2 : Inter α] [inst_3 : SDiff α]   [inst_4 : EmptyCollection α] [inst_5 : HasSubset α],   LRA.Set.SymmDiffLaws α → ∀ (A B : α), Eq (inst.1 A B) (inst_1.1 (inst_3.1 A B) (inst_3.1 B A))	ok
LRA.Set.AbsorptionUnionIntersection	LRA.Set.Interface.Laws.Distributivity	theorem	true	∀ {α : Type u} [inst : Union α] [inst_1 : Inter α],   LRA.Set.DistributivityLaws α → ∀ (A B : α), Eq (inst.union A (inst_1.inter A B)) A	∀ {α : Type u} [inst : Union α] [inst_1 : Inter α],   LRA.Set.DistributivityLaws α → ∀ (A B : α), Eq (inst.1 A (inst_1.1 A B)) A	ok
LRA.Set.AbsorptionIntersectionUnion	LRA.Set.Interface.Laws.Distributivity	theorem	true	∀ {α : Type u} [inst : Union α] [inst_1 : Inter α],   LRA.Set.DistributivityLaws α → ∀ (A B : α), Eq (inst_1.inter A (inst.union A B)) A	∀ {α : Type u} [inst : Union α] [inst_1 : Inter α],   LRA.Set.DistributivityLaws α → ∀ (A B : α), Eq (inst_1.1 A (inst.1 A B)) A	ok
LRA.Set.UnionDistributesOverIntersection	LRA.Set.Interface.Laws.Distributivity	theorem	true	∀ {α : Type u} [inst : Union α] [inst_1 : Inter α],   LRA.Set.DistributivityLaws α →     ∀ (A B C : α), Eq (inst.union A (inst_1.inter B C)) (inst_1.inter (inst.union A B) (inst.union A C))	∀ {α : Type u} [inst : Union α] [inst_1 : Inter α],   LRA.Set.DistributivityLaws α → ∀ (A B C : α), Eq (inst.1 A (inst_1.1 B C)) (inst_1.1 (inst.1 A B) (inst.1 A C))	ok
LRA.Set.IntersectionDistributesOverUnion	LRA.Set.Interface.Laws.Distributivity	theorem	true	∀ {α : Type u} [inst : Union α] [inst_1 : Inter α],   LRA.Set.DistributivityLaws α →     ∀ (A B C : α), Eq (inst_1.inter A (inst.union B C)) (inst.union (inst_1.inter A B) (inst_1.inter A C))	∀ {α : Type u} [inst : Union α] [inst_1 : Inter α],   LRA.Set.DistributivityLaws α → ∀ (A B C : α), Eq (inst_1.1 A (inst.1 B C)) (inst.1 (inst_1.1 A B) (inst_1.1 A C))	ok
LRA.Set.CountableUnionMembership	LRA.Set.Interface.Laws.Indexed	theorem	true	∀ {Element : Type u} {SetObject : Type v} [inst : Membership Element SetObject]   [inst_1 : LRA.Set.HasCountableUnion SetObject] [inst_2 : LRA.Set.HasCountableIntersection SetObject],   LRA.Set.CountableMembershipLaws Element SetObject →     ∀ (family : Nat → SetObject) (x : Element),       Iff (inst.mem (inst_1.countableUnion family) x) (Exists fun index => inst.mem (family index) x)	∀ {Element : Type u} {SetObject : Type v} [inst : Membership Element SetObject]   [inst_1 : LRA.Set.HasCountableUnion SetObject] [inst_2 : LRA.Set.HasCountableIntersection SetObject],   LRA.Set.CountableMembershipLaws Element SetObject →     ∀ (family : Nat → SetObject) (x : Element),       Iff (inst.1 (inst_1.1 family) x) (Exists fun index => inst.1 (family index) x)	ok
LRA.Set.CountableIntersectionMembership	LRA.Set.Interface.Laws.Indexed	theorem	true	∀ {Element : Type u} {SetObject : Type v} [inst : Membership Element SetObject]   [inst_1 : LRA.Set.HasCountableUnion SetObject] [inst_2 : LRA.Set.HasCountableIntersection SetObject],   LRA.Set.CountableMembershipLaws Element SetObject →     ∀ (family : Nat → SetObject) (x : Element),       Iff (inst.mem (inst_2.countableIntersection family) x) (∀ (index : Nat), inst.mem (family index) x)	∀ {Element : Type u} {SetObject : Type v} [inst : Membership Element SetObject]   [inst_1 : LRA.Set.HasCountableUnion SetObject] [inst_2 : LRA.Set.HasCountableIntersection SetObject],   LRA.Set.CountableMembershipLaws Element SetObject →     ∀ (family : Nat → SetObject) (x : Element),       Iff (inst.1 (inst_2.1 family) x) (∀ (index : Nat), inst.1 (family index) x)	ok
LRA.Set.IndexedIntersectionMembership	LRA.Set.Interface.Laws.Indexed	theorem	true	∀ {Element : Type u} {SetObject : Type v} [inst : Membership Element SetObject]   [inst_1 : LRA.Set.HasIndexedUnion SetObject] [inst_2 : LRA.Set.HasIndexedIntersection SetObject],   LRA.Set.IndexedMembershipLaws Element SetObject →     ∀ {Index : Type w} (family : Index → SetObject) (x : Element),       Iff (inst.mem (inst_2.indexedIntersection family) x) (∀ (index : Index), inst.mem (family index) x)	∀ {Element : Type u} {SetObject : Type v} [inst : Membership Element SetObject]   [inst_1 : LRA.Set.HasIndexedUnion SetObject] [inst_2 : LRA.Set.HasIndexedIntersection SetObject],   LRA.Set.IndexedMembershipLaws Element SetObject →     ∀ {Index : Type w} (family : Index → SetObject) (x : Element),       Iff (inst.1 (inst_2.1 family) x) (∀ (index : Index), inst.1 (family index) x)	ok
LRA.Set.IndexedUnionMembership	LRA.Set.Interface.Laws.Indexed	theorem	true	∀ {Element : Type u} {SetObject : Type v} [inst : Membership Element SetObject]   [inst_1 : LRA.Set.HasIndexedUnion SetObject] [inst_2 : LRA.Set.HasIndexedIntersection SetObject],   LRA.Set.IndexedMembershipLaws Element SetObject →     ∀ {Index : Type w} (family : Index → SetObject) (x : Element),       Iff (inst.mem (inst_1.indexedUnion family) x) (Exists fun index => inst.mem (family index) x)	∀ {Element : Type u} {SetObject : Type v} [inst : Membership Element SetObject]   [inst_1 : LRA.Set.HasIndexedUnion SetObject] [inst_2 : LRA.Set.HasIndexedIntersection SetObject],   LRA.Set.IndexedMembershipLaws Element SetObject →     ∀ {Index : Type w} (family : Index → SetObject) (x : Element),       Iff (inst.1 (inst_1.1 family) x) (Exists fun index => inst.1 (family index) x)	ok
LRA.Set.CollectionUnionMembership	LRA.Set.Interface.Laws.Families	theorem	true	∀ {Element : Type u} {SetObject : Type v} {Collection : Type w} [inst : Membership Element SetObject]   [inst_1 : Membership SetObject Collection] [inst_2 : LRA.Set.HasCollectionUnion SetObject Collection]   [inst_3 : LRA.Set.HasCollectionIntersection SetObject Collection],   LRA.Set.CollectionMembershipLaws Element SetObject Collection →     ∀ (collection : Collection) (x : Element),       Iff (inst.mem (inst_2.collectionUnion collection) x)         (Exists fun B => And (inst_1.mem collection B) (inst.mem B x))	∀ {Element : Type u} {SetObject : Type v} {Collection : Type w} [inst : Membership Element SetObject]   [inst_1 : Membership SetObject Collection] [inst_2 : LRA.Set.HasCollectionUnion SetObject Collection]   [inst_3 : LRA.Set.HasCollectionIntersection SetObject Collection],   LRA.Set.CollectionMembershipLaws Element SetObject Collection →     ∀ (collection : Collection) (x : Element),       Iff (inst.1 (inst_2.1 collection) x) (Exists fun B => And (inst_1.1 collection B) (inst.1 B x))	ok
LRA.Set.CollectionIntersectionMembership	LRA.Set.Interface.Laws.Families	theorem	true	∀ {Element : Type u} {SetObject : Type v} {Collection : Type w} [inst : Membership Element SetObject]   [inst_1 : Membership SetObject Collection] [inst_2 : LRA.Set.HasCollectionUnion SetObject Collection]   [inst_3 : LRA.Set.HasCollectionIntersection SetObject Collection],   LRA.Set.CollectionMembershipLaws Element SetObject Collection →     ∀ (collection : Collection) (x : Element),       (Exists fun B => inst_1.mem collection B) →         Iff (inst.mem (inst_3.collectionIntersection collection) x)           (∀ (B : SetObject), inst_1.mem collection B → inst.mem B x)	∀ {Element : Type u} {SetObject : Type v} {Collection : Type w} [inst : Membership Element SetObject]   [inst_1 : Membership SetObject Collection] [inst_2 : LRA.Set.HasCollectionUnion SetObject Collection]   [inst_3 : LRA.Set.HasCollectionIntersection SetObject Collection],   LRA.Set.CollectionMembershipLaws Element SetObject Collection →     ∀ (collection : Collection) (x : Element),       (Exists fun B => inst_1.1 collection B) →         Iff (inst.1 (inst_3.1 collection) x) (∀ (B : SetObject), inst_1.1 collection B → inst.1 B x)	ok
LRA.Set.DifferenceUniversal	LRA.Set.Interface.Laws.Complement	theorem	true	∀ {α : Type u} [inst : LRA.Set.HasComplement α] [inst_1 : LRA.Set.HasUniversal α] [inst_2 : Union α] [inst_3 : Inter α]   [inst_4 : SDiff α] [inst_5 : EmptyCollection α],   LRA.Set.ComplementLaws α → ∀ (A : α), Eq (inst_4.sdiff A inst_1.universal) inst_5.emptyCollection	∀ {α : Type u} [inst : LRA.Set.HasComplement α] [inst_1 : LRA.Set.HasUniversal α] [inst_2 : Union α] [inst_3 : Inter α]   [inst_4 : SDiff α] [inst_5 : EmptyCollection α],   LRA.Set.ComplementLaws α → ∀ (A : α), Eq (inst_4.1 A inst_1.1) inst_5.1	ok
LRA.Set.DualInvolutive	LRA.Set.Interface.Laws.Complement	theorem	true	∀ {α : Type u} [inst : LRA.Set.HasComplement α] [inst_1 : LRA.Set.HasUniversal α] [inst_2 : Union α] [inst_3 : Inter α]   [inst_4 : SDiff α] [inst_5 : EmptyCollection α],   LRA.Set.ComplementLaws α → ∀ (A : α), Eq (LRA.Set.Dual (LRA.Set.Dual A)) A	∀ {α : Type u} [inst : LRA.Set.HasComplement α] [inst_1 : LRA.Set.HasUniversal α] [inst_2 : Union α] [inst_3 : Inter α]   [inst_4 : SDiff α] [inst_5 : EmptyCollection α], LRA.Set.ComplementLaws α → ∀ (A : α), Eq (inst.1 (inst.1 A)) A	ok
LRA.Set.DeMorganUnion	LRA.Set.Interface.Laws.Complement	theorem	true	∀ {α : Type u} [inst : LRA.Set.HasComplement α] [inst_1 : LRA.Set.HasUniversal α] [inst_2 : Union α] [inst_3 : Inter α]   [inst_4 : SDiff α] [inst_5 : EmptyCollection α],   LRA.Set.ComplementLaws α →     ∀ (A B : α), Eq (inst.complement (inst_2.union A B)) (inst_3.inter (inst.complement A) (inst.complement B))	∀ {α : Type u} [inst : LRA.Set.HasComplement α] [inst_1 : LRA.Set.HasUniversal α] [inst_2 : Union α] [inst_3 : Inter α]   [inst_4 : SDiff α] [inst_5 : EmptyCollection α],   LRA.Set.ComplementLaws α → ∀ (A B : α), Eq (inst.1 (inst_2.1 A B)) (inst_3.1 (inst.1 A) (inst.1 B))	ok
LRA.Set.UniversalDifference	LRA.Set.Interface.Laws.Complement	theorem	true	∀ {α : Type u} [inst : LRA.Set.HasComplement α] [inst_1 : LRA.Set.HasUniversal α] [inst_2 : Union α] [inst_3 : Inter α]   [inst_4 : SDiff α] [inst_5 : EmptyCollection α],   LRA.Set.ComplementLaws α → ∀ (A : α), Eq (inst_4.sdiff inst_1.universal A) (inst.complement A)	∀ {α : Type u} [inst : LRA.Set.HasComplement α] [inst_1 : LRA.Set.HasUniversal α] [inst_2 : Union α] [inst_3 : Inter α]   [inst_4 : SDiff α] [inst_5 : EmptyCollection α],   LRA.Set.ComplementLaws α → ∀ (A : α), Eq (inst_4.1 inst_1.1 A) (inst.1 A)	ok
LRA.Set.DualUnion	LRA.Set.Interface.Laws.Complement	theorem	true	∀ {α : Type u} [inst : LRA.Set.HasComplement α] [inst_1 : LRA.Set.HasUniversal α] [inst_2 : Union α] [inst_3 : Inter α]   [inst_4 : SDiff α] [inst_5 : EmptyCollection α],   LRA.Set.ComplementLaws α →     ∀ (A B : α), Eq (LRA.Set.Dual (inst_2.union A B)) (inst_3.inter (LRA.Set.Dual A) (LRA.Set.Dual B))	∀ {α : Type u} [inst : LRA.Set.HasComplement α] [inst_1 : LRA.Set.HasUniversal α] [inst_2 : Union α] [inst_3 : Inter α]   [inst_4 : SDiff α] [inst_5 : EmptyCollection α],   LRA.Set.ComplementLaws α → ∀ (A B : α), Eq (inst.1 (inst_2.1 A B)) (inst_3.1 (inst.1 A) (inst.1 B))	ok
LRA.Set.DifferenceAsIntersectionComplement	LRA.Set.Interface.Laws.Complement	theorem	true	∀ {α : Type u} [inst : LRA.Set.HasComplement α] [inst_1 : LRA.Set.HasUniversal α] [inst_2 : Union α] [inst_3 : Inter α]   [inst_4 : SDiff α] [inst_5 : EmptyCollection α],   LRA.Set.ComplementLaws α → ∀ (A B : α), Eq (inst_4.sdiff A B) (inst_3.inter A (inst.complement B))	∀ {α : Type u} [inst : LRA.Set.HasComplement α] [inst_1 : LRA.Set.HasUniversal α] [inst_2 : Union α] [inst_3 : Inter α]   [inst_4 : SDiff α] [inst_5 : EmptyCollection α],   LRA.Set.ComplementLaws α → ∀ (A B : α), Eq (inst_4.1 A B) (inst_3.1 A (inst.1 B))	ok
LRA.Set.ComplementEmpty	LRA.Set.Interface.Laws.Complement	theorem	true	∀ {α : Type u} [inst : LRA.Set.HasComplement α] [inst_1 : LRA.Set.HasUniversal α] [inst_2 : Union α] [inst_3 : Inter α]   [inst_4 : SDiff α] [inst_5 : EmptyCollection α],   LRA.Set.ComplementLaws α → Eq (inst.complement inst_5.emptyCollection) inst_1.universal	∀ {α : Type u} [inst : LRA.Set.HasComplement α] [inst_1 : LRA.Set.HasUniversal α] [inst_2 : Union α] [inst_3 : Inter α]   [inst_4 : SDiff α] [inst_5 : EmptyCollection α], LRA.Set.ComplementLaws α → Eq (inst.1 inst_5.1) inst_1.1	ok
LRA.Set.DualIntersection	LRA.Set.Interface.Laws.Complement	theorem	true	∀ {α : Type u} [inst : LRA.Set.HasComplement α] [inst_1 : LRA.Set.HasUniversal α] [inst_2 : Union α] [inst_3 : Inter α]   [inst_4 : SDiff α] [inst_5 : EmptyCollection α],   LRA.Set.ComplementLaws α →     ∀ (A B : α), Eq (LRA.Set.Dual (inst_3.inter A B)) (inst_2.union (LRA.Set.Dual A) (LRA.Set.Dual B))	∀ {α : Type u} [inst : LRA.Set.HasComplement α] [inst_1 : LRA.Set.HasUniversal α] [inst_2 : Union α] [inst_3 : Inter α]   [inst_4 : SDiff α] [inst_5 : EmptyCollection α],   LRA.Set.ComplementLaws α → ∀ (A B : α), Eq (inst.1 (inst_3.1 A B)) (inst_2.1 (inst.1 A) (inst.1 B))	ok
LRA.Set.DoubleComplement	LRA.Set.Interface.Laws.Complement	theorem	true	∀ {α : Type u} [inst : LRA.Set.HasComplement α] [inst_1 : LRA.Set.HasUniversal α] [inst_2 : Union α] [inst_3 : Inter α]   [inst_4 : SDiff α] [inst_5 : EmptyCollection α],   LRA.Set.ComplementLaws α → ∀ (A : α), Eq (inst.complement (inst.complement A)) A	∀ {α : Type u} [inst : LRA.Set.HasComplement α] [inst_1 : LRA.Set.HasUniversal α] [inst_2 : Union α] [inst_3 : Inter α]   [inst_4 : SDiff α] [inst_5 : EmptyCollection α], LRA.Set.ComplementLaws α → ∀ (A : α), Eq (inst.1 (inst.1 A)) A	ok
LRA.Set.UnionComplement	LRA.Set.Interface.Laws.Complement	theorem	true	∀ {α : Type u} [inst : LRA.Set.HasComplement α] [inst_1 : LRA.Set.HasUniversal α] [inst_2 : Union α] [inst_3 : Inter α]   [inst_4 : SDiff α] [inst_5 : EmptyCollection α],   LRA.Set.ComplementLaws α → ∀ (A : α), Eq (inst_2.union A (inst.complement A)) inst_1.universal	∀ {α : Type u} [inst : LRA.Set.HasComplement α] [inst_1 : LRA.Set.HasUniversal α] [inst_2 : Union α] [inst_3 : Inter α]   [inst_4 : SDiff α] [inst_5 : EmptyCollection α],   LRA.Set.ComplementLaws α → ∀ (A : α), Eq (inst_2.1 A (inst.1 A)) inst_1.1	ok
LRA.Set.IntersectionComplement	LRA.Set.Interface.Laws.Complement	theorem	true	∀ {α : Type u} [inst : LRA.Set.HasComplement α] [inst_1 : LRA.Set.HasUniversal α] [inst_2 : Union α] [inst_3 : Inter α]   [inst_4 : SDiff α] [inst_5 : EmptyCollection α],   LRA.Set.ComplementLaws α → ∀ (A : α), Eq (inst_3.inter A (inst.complement A)) inst_5.emptyCollection	∀ {α : Type u} [inst : LRA.Set.HasComplement α] [inst_1 : LRA.Set.HasUniversal α] [inst_2 : Union α] [inst_3 : Inter α]   [inst_4 : SDiff α] [inst_5 : EmptyCollection α],   LRA.Set.ComplementLaws α → ∀ (A : α), Eq (inst_3.1 A (inst.1 A)) inst_5.1	ok
LRA.Set.DeMorganIntersection	LRA.Set.Interface.Laws.Complement	theorem	true	∀ {α : Type u} [inst : LRA.Set.HasComplement α] [inst_1 : LRA.Set.HasUniversal α] [inst_2 : Union α] [inst_3 : Inter α]   [inst_4 : SDiff α] [inst_5 : EmptyCollection α],   LRA.Set.ComplementLaws α →     ∀ (A B : α), Eq (inst.complement (inst_3.inter A B)) (inst_2.union (inst.complement A) (inst.complement B))	∀ {α : Type u} [inst : LRA.Set.HasComplement α] [inst_1 : LRA.Set.HasUniversal α] [inst_2 : Union α] [inst_3 : Inter α]   [inst_4 : SDiff α] [inst_5 : EmptyCollection α],   LRA.Set.ComplementLaws α → ∀ (A B : α), Eq (inst.1 (inst_3.1 A B)) (inst_2.1 (inst.1 A) (inst.1 B))	ok
LRA.Set.DualAntitone	LRA.Set.Interface.Laws.Complement	theorem	true	∀ {α : Type u} [inst : LRA.Set.HasComplement α] [inst_1 : LRA.Set.HasUniversal α] [inst_2 : Union α] [inst_3 : Inter α]   [inst_4 : SDiff α] [inst_5 : EmptyCollection α],   LRA.Set.ComplementLaws α →     ∀ [inst_6 : HasSubset α],       And (LRA.Set.UnionLaws α) (LRA.Set.IntersectionLaws α) →         ∀ (A B : α), Iff (inst_6.Subset A B) (inst_6.Subset (LRA.Set.Dual B) (LRA.Set.Dual A))	∀ {α : Type u} [inst : LRA.Set.HasComplement α] [inst_1 : LRA.Set.HasUniversal α] [inst_2 : Union α] [inst_3 : Inter α]   [inst_4 : SDiff α] [inst_5 : EmptyCollection α],   LRA.Set.ComplementLaws α →     ∀ [inst_6 : HasSubset α],       And (LRA.Set.UnionLaws α) (LRA.Set.IntersectionLaws α) →         ∀ (A B : α), Iff (inst_6.1 A B) (inst_6.1 (inst.1 B) (inst.1 A))	ok
LRA.Set.ComplementUniversal	LRA.Set.Interface.Laws.Complement	theorem	true	∀ {α : Type u} [inst : LRA.Set.HasComplement α] [inst_1 : LRA.Set.HasUniversal α] [inst_2 : Union α] [inst_3 : Inter α]   [inst_4 : SDiff α] [inst_5 : EmptyCollection α],   LRA.Set.ComplementLaws α → Eq (inst.complement inst_1.universal) inst_5.emptyCollection	∀ {α : Type u} [inst : LRA.Set.HasComplement α] [inst_1 : LRA.Set.HasUniversal α] [inst_2 : Union α] [inst_3 : Inter α]   [inst_4 : SDiff α] [inst_5 : EmptyCollection α], LRA.Set.ComplementLaws α → Eq (inst.1 inst_1.1) inst_5.1	ok
LRA.Set.PreimageOfCompositionOf	LRA.Set.Interface.Laws.Relation	theorem	true	∀ {Left Mid Right FirstPair SecondPair CompositePair : Type u}   {FirstObject SecondObject CompositeObject DomainObject MidObject RangeObject : Type v}   [inst : LRA.Set.HasPairing Left Mid FirstPair] [inst_1 : LRA.Set.HasPairing Mid Right SecondPair]   [inst_2 : LRA.Set.HasPairing Left Right CompositePair] [inst_3 : Membership FirstPair FirstObject]   [inst_4 : Membership SecondPair SecondObject] [inst_5 : Membership CompositePair CompositeObject]   [inst_6 : Membership Left DomainObject] [inst_7 : Membership Mid MidObject] [inst_8 : Membership Right RangeObject]   [inst_9 : LRA.Set.HasSeparation Left DomainObject] [inst_10 : LRA.Set.HasSeparation Mid MidObject],   LRA.Set.ExtensionalityLaw Left DomainObject →     ∀ (first : FirstObject) (second : SecondObject) (composite : CompositeObject) (outputs : RangeObject)       (ambientDomain : DomainObject) (ambientMid : MidObject),       (∀ (input : Left) (output : Right),           Iff (LRA.Set.Relates composite input output)             (Exists fun middle => And (LRA.Set.Relates first input middle) (LRA.Set.Relates second middle output))) →         Eq (LRA.Set.PreimageOf composite outputs ambientDomain)           (LRA.Set.PreimageOf first (LRA.Set.PreimageOf second outputs ambientMid) ambientDomain)	∀ {Left Mid Right FirstPair SecondPair CompositePair : Type u}   {FirstObject SecondObject CompositeObject DomainObject MidObject RangeObject : Type v}   [inst : LRA.Set.HasPairing Left Mid FirstPair] [inst_1 : LRA.Set.HasPairing Mid Right SecondPair]   [inst_2 : LRA.Set.HasPairing Left Right CompositePair] [inst_3 : Membership FirstPair FirstObject]   [inst_4 : Membership SecondPair SecondObject] [inst_5 : Membership CompositePair CompositeObject]   [inst_6 : Membership Left DomainObject] [inst_7 : Membership Mid MidObject] [inst_8 : Membership Right RangeObject]   [inst_9 : LRA.Set.HasSeparation Left DomainObject] [inst_10 : LRA.Set.HasSeparation Mid MidObject],   LRA.Set.ExtensionalityLaw Left DomainObject →     ∀ (first : FirstObject) (second : SecondObject) (composite : CompositeObject) (outputs : RangeObject)       (ambientDomain : DomainObject) (ambientMid : MidObject),       (∀ (input : Left) (output : Right),           Iff (inst_5.1 composite (inst_2.1 input output))             (Exists fun middle =>               And (inst_3.1 first (inst.1 input middle)) (inst_4.1 second (inst_1.1 middle output)))) →         Eq           (inst_9.1 ambientDomain fun input =>             Exists fun output => And (inst_8.1 outputs output) (inst_5.1 composite (inst_2.1 input output)))           (inst_9.1 ambientDomain fun input =>             Exists fun output =>               And                 (inst_7.1                   (inst_10.1 ambientMid fun input =>                     Exists fun output =>                       And (inst_8.1 outputs output) (inst_4.mem second (LRA.Set.OrderedPair input output)))                   output)                 (inst_3.1 first (inst.1 input output)))	ok
LRA.Set.UnionOfCompatibleFunctionalIsFunctional	LRA.Set.Interface.Laws.Relation	theorem	true	∀ {Left Right Pair : Type u} {RelationObject : Type v} [inst : LRA.Set.HasPairing Left Right Pair]   [inst_1 : Membership Pair RelationObject] [inst_2 : Union RelationObject] [inst_3 : Inter RelationObject]   [inst_4 : SDiff RelationObject] [inst_5 : EmptyCollection RelationObject] [inst_6 : HasSubset RelationObject],   LRA.Set.MembershipLaws Pair RelationObject →     ∀ (first second : RelationObject),       And (LRA.Set.IsFunctionalSet Left Right first)           (And (LRA.Set.IsFunctionalSet Left Right second)             (∀ (input : Left) (firstOutput secondOutput : Right),               LRA.Set.Relates first input firstOutput →                 LRA.Set.Relates second input secondOutput → Eq firstOutput secondOutput)) →         LRA.Set.IsFunctionalSet Left Right (inst_2.union first second)	∀ {Left Right Pair : Type u} {RelationObject : Type v} [inst : LRA.Set.HasPairing Left Right Pair]   [inst_1 : Membership Pair RelationObject] [inst_2 : Union RelationObject] [inst_3 : Inter RelationObject]   [inst_4 : SDiff RelationObject] [inst_5 : EmptyCollection RelationObject] [inst_6 : HasSubset RelationObject],   LRA.Set.MembershipLaws Pair RelationObject →     ∀ (first second : RelationObject),       And           (And             (∀ (member : Pair),               inst_1.1 first member → Exists fun input => Exists fun output => Eq member (inst.1 input output))             (∀ (input : Left) (firstOutput secondOutput : Right),               inst_1.1 first (inst.1 input firstOutput) →                 inst_1.1 first (inst.1 input secondOutput) → Eq firstOutput secondOutput))           (And             (And               (∀ (member : Pair),                 inst_1.1 second member → Exists fun input => Exists fun output => Eq member (inst.1 input output))               (∀ (input : Left) (firstOutput secondOutput : Right),                 inst_1.1 second (inst.1 input firstOutput) →                   inst_1.1 second (inst.1 input secondOutput) → Eq firstOutput secondOutput))             (∀ (input : Left) (firstOutput secondOutput : Right),               inst_1.1 first (inst.1 input firstOutput) →                 inst_1.1 second (inst.1 input secondOutput) → Eq firstOutput secondOutput)) →         And           (∀ (member : Pair),             inst_1.1 (inst_2.1 first second) member →               Exists fun input => Exists fun output => Eq member (inst.1 input output))           (∀ (input : Left) (firstOutput secondOutput : Right),             inst_1.1 (inst_2.1 first second) (inst.1 input firstOutput) →               inst_1.1 (inst_2.1 first second) (inst.1 input secondOutput) → Eq firstOutput secondOutput)	ok
LRA.Set.AppliedToRelates	LRA.Set.Interface.Laws.Relation	theorem	true	∀ {Left Right Pair : Type u} {RelationObject : Type v} [inst : LRA.Set.HasPairing Left Right Pair]   [inst_1 : Membership Pair RelationObject] (relation : RelationObject) (input : Left)   (hits : Exists fun output => LRA.Set.Relates relation input output),   LRA.Set.Relates relation input (LRA.Set.AppliedTo relation input hits)	∀ {Left Right Pair : Type u} {RelationObject : Type v} [inst : LRA.Set.HasPairing Left Right Pair]   [inst_1 : Membership Pair RelationObject] (relation : RelationObject) (input : Left)   (hits : Exists fun output => inst_1.1 relation (inst.1 input output)),   inst_1.1 relation (inst.1 input (Classical.indefiniteDescription (LRA.Set.Relates relation input) hits).val)	ok
LRA.Set.ImageOfCongrInputs	LRA.Set.Interface.Laws.Relation	theorem	true	∀ {Left Right Pair : Type u} {RelationObject DomainObject RangeObject : Type v}   [inst : LRA.Set.HasPairing Left Right Pair] [inst_1 : Membership Pair RelationObject]   [inst_2 : Membership Left DomainObject] [inst_3 : Membership Right RangeObject]   [inst_4 : LRA.Set.HasSeparation Right RangeObject],   And (LRA.Set.SeparationLaws Right RangeObject) (LRA.Set.ExtensionalityLaw Right RangeObject) →     ∀ (relation : RelationObject) (left right : DomainObject) (ambientRange : RangeObject),       (∀ (input : Left), Iff (inst_2.mem left input) (inst_2.mem right input)) →         Eq (LRA.Set.ImageOf relation left ambientRange) (LRA.Set.ImageOf relation right ambientRange)	∀ {Left Right Pair : Type u} {RelationObject DomainObject RangeObject : Type v}   [inst : LRA.Set.HasPairing Left Right Pair] [inst_1 : Membership Pair RelationObject]   [inst_2 : Membership Left DomainObject] [inst_3 : Membership Right RangeObject]   [inst_4 : LRA.Set.HasSeparation Right RangeObject],   And (LRA.Set.SeparationLaws Right RangeObject) (LRA.Set.ExtensionalityLaw Right RangeObject) →     ∀ (relation : RelationObject) (left right : DomainObject) (ambientRange : RangeObject),       (∀ (input : Left), Iff (inst_2.1 left input) (inst_2.1 right input)) →         Eq           (inst_4.1 ambientRange fun output =>             Exists fun input => And (inst_2.1 left input) (inst_1.1 relation (inst.1 input output)))           (inst_4.1 ambientRange fun output =>             Exists fun input => And (inst_2.1 right input) (inst_1.1 relation (inst.1 input output)))	ok
LRA.Set.ImageOfIdentityOn	LRA.Set.Interface.Laws.Relation	theorem	true	∀ {Left Pair : Type u} {RelationObject DomainObject : Type v} [inst : LRA.Set.HasPairing Left Left Pair]   [inst_1 : Membership Pair RelationObject] [inst_2 : Membership Left DomainObject]   [inst_3 : LRA.Set.HasSeparation Left DomainObject],   LRA.Set.ExtensionalityLaw Left DomainObject →     ∀ (identity : RelationObject) (inputs ambientDomain : DomainObject),       And           (∀ (leftElement rightElement : Left),             Iff (LRA.Set.Relates identity leftElement rightElement) (Eq leftElement rightElement))           (∀ (input : Left), inst_2.mem inputs input → inst_2.mem ambientDomain input) →         Eq (LRA.Set.ImageOf identity inputs ambientDomain) inputs	∀ {Left Pair : Type u} {RelationObject DomainObject : Type v} [inst : LRA.Set.HasPairing Left Left Pair]   [inst_1 : Membership Pair RelationObject] [inst_2 : Membership Left DomainObject]   [inst_3 : LRA.Set.HasSeparation Left DomainObject],   LRA.Set.ExtensionalityLaw Left DomainObject →     ∀ (identity : RelationObject) (inputs ambientDomain : DomainObject),       And           (∀ (leftElement rightElement : Left),             Iff (inst_1.1 identity (inst.1 leftElement rightElement)) (Eq leftElement rightElement))           (∀ (input : Left), inst_2.1 inputs input → inst_2.1 ambientDomain input) →         Eq           (inst_3.1 ambientDomain fun output =>             Exists fun input => And (inst_2.1 inputs input) (inst_1.1 identity (inst.1 input output)))           inputs	ok
LRA.Set.RestrictionIsSubset	LRA.Set.Interface.Laws.Relation	theorem	true	∀ {Left Right Pair : Type u} {RelationObject DomainObject : Type v} [inst : LRA.Set.HasPairing Left Right Pair]   [inst_1 : Membership Pair RelationObject] [inst_2 : LRA.Set.HasSeparation Pair RelationObject],   LRA.Set.SeparationLaws Pair RelationObject →     ∀ [inst_3 : Union RelationObject] [inst_4 : Inter RelationObject] [inst_5 : SDiff RelationObject]       [inst_6 : EmptyCollection RelationObject] [inst_7 : HasSubset RelationObject],       LRA.Set.MembershipLaws Pair RelationObject →         ∀ [inst_8 : Membership Left DomainObject] (relation : RelationObject) (inputs : DomainObject),           inst_7.Subset (LRA.Set.RestrictionOf Right relation inputs) relation	∀ {Left Right Pair : Type u} {RelationObject DomainObject : Type v} [inst : LRA.Set.HasPairing Left Right Pair]   [inst_1 : Membership Pair RelationObject] [inst_2 : LRA.Set.HasSeparation Pair RelationObject],   LRA.Set.SeparationLaws Pair RelationObject →     ∀ [inst_3 : Union RelationObject] [inst_4 : Inter RelationObject] [inst_5 : SDiff RelationObject]       [inst_6 : EmptyCollection RelationObject] [inst_7 : HasSubset RelationObject],       LRA.Set.MembershipLaws Pair RelationObject →         ∀ [inst_8 : Membership Left DomainObject] (relation : RelationObject) (inputs : DomainObject),           inst_7.1             (inst_2.1 relation fun member =>               Exists fun input => Exists fun output => And (Eq member (inst.1 input output)) (inst_8.1 inputs input))             relation	ok
LRA.Set.RestrictionOfFunctionalIsFunctional	LRA.Set.Interface.Laws.Relation	theorem	true	∀ {Left Right Pair : Type u} {RelationObject DomainObject : Type v} [inst : LRA.Set.HasPairing Left Right Pair]   [inst_1 : Membership Pair RelationObject] [inst_2 : LRA.Set.HasSeparation Pair RelationObject],   LRA.Set.SeparationLaws Pair RelationObject →     ∀ [inst_3 : Membership Left DomainObject],       LRA.Set.PairingLaws Left Right Pair →         ∀ (relation : RelationObject) (inputs : DomainObject),           LRA.Set.IsFunctionalSet Left Right relation →             LRA.Set.IsFunctionalSet Left Right (LRA.Set.RestrictionOf Right relation inputs)	∀ {Left Right Pair : Type u} {RelationObject DomainObject : Type v} [inst : LRA.Set.HasPairing Left Right Pair]   [inst_1 : Membership Pair RelationObject] [inst_2 : LRA.Set.HasSeparation Pair RelationObject],   LRA.Set.SeparationLaws Pair RelationObject →     ∀ [inst_3 : Membership Left DomainObject],       LRA.Set.PairingLaws Left Right Pair →         ∀ (relation : RelationObject) (inputs : DomainObject),           And               (∀ (member : Pair),                 inst_1.1 relation member → Exists fun input => Exists fun output => Eq member (inst.1 input output))               (∀ (input : Left) (firstOutput secondOutput : Right),                 inst_1.1 relation (inst.1 input firstOutput) →                   inst_1.1 relation (inst.1 input secondOutput) → Eq firstOutput secondOutput) →             And               (∀ (member : Pair),                 inst_1.1                     (inst_2.1 relation fun member =>                       Exists fun input =>                         Exists fun output => And (Eq member (inst.pair input output)) (inst_3.1 inputs input))                     member →                   Exists fun input => Exists fun output => Eq member (inst.1 input output))               (∀ (input : Left) (firstOutput secondOutput : Right),                 inst_1.1                     (inst_2.1 relation fun member =>                       Exists fun input =>                         Exists fun output =>                           And (Eq member (LRA.Set.OrderedPair input output)) (inst_3.mem inputs input))                     (inst.1 input firstOutput) →                   inst_1.1                       (inst_2.1 relation fun member =>                         Exists fun input =>                           Exists fun output =>                             And (Eq member (LRA.Set.OrderedPair input output)) (inst_3.mem inputs input))                       (inst.1 input secondOutput) →                     Eq firstOutput secondOutput)	ok
LRA.Set.PreimageOfSingletonIsFiberOf	LRA.Set.Interface.Laws.Relation	theorem	true	∀ {Left Right Pair : Type u} {RelationObject DomainObject RangeObject : Type v}   [inst : LRA.Set.HasPairing Left Right Pair] [inst_1 : Membership Pair RelationObject]   [inst_2 : Membership Left DomainObject] [inst_3 : Membership Right RangeObject]   [inst_4 : LRA.Set.HasSeparation Left DomainObject],   LRA.Set.ExtensionalityLaw Left DomainObject →     ∀ (relation : RelationObject) (outputs : RangeObject) (output : Right) (ambientDomain : DomainObject),       (∀ (candidate : Right), Iff (inst_3.mem outputs candidate) (Eq candidate output)) →         Eq (LRA.Set.PreimageOf relation outputs ambientDomain) (LRA.Set.FiberOf relation output ambientDomain)	∀ {Left Right Pair : Type u} {RelationObject DomainObject RangeObject : Type v}   [inst : LRA.Set.HasPairing Left Right Pair] [inst_1 : Membership Pair RelationObject]   [inst_2 : Membership Left DomainObject] [inst_3 : Membership Right RangeObject]   [inst_4 : LRA.Set.HasSeparation Left DomainObject],   LRA.Set.ExtensionalityLaw Left DomainObject →     ∀ (relation : RelationObject) (outputs : RangeObject) (output : Right) (ambientDomain : DomainObject),       (∀ (candidate : Right), Iff (inst_3.1 outputs candidate) (Eq candidate output)) →         Eq           (inst_4.1 ambientDomain fun input =>             Exists fun output => And (inst_3.1 outputs output) (inst_1.1 relation (inst.1 input output)))           (inst_4.1 ambientDomain fun input => inst_1.1 relation (inst.1 input output))	ok
LRA.Set.ImageOfIntersectionSubset	LRA.Set.Interface.Laws.Relation	theorem	true	∀ {Left Right Pair : Type u} {RelationObject DomainObject RangeObject : Type v}   [inst : LRA.Set.HasPairing Left Right Pair] [inst_1 : Membership Pair RelationObject]   [inst_2 : Membership Left DomainObject] [inst_3 : Membership Right RangeObject]   [inst_4 : LRA.Set.HasSeparation Right RangeObject],   And (LRA.Set.SeparationLaws Right RangeObject) (LRA.Set.ExtensionalityLaw Right RangeObject) →     ∀ [inst_5 : Inter DomainObject] [inst_6 : Inter RangeObject] [inst_7 : HasSubset RangeObject]       (relation : RelationObject) (left right : DomainObject) (ambientRange : RangeObject),       inst_7.Subset (LRA.Set.ImageOf relation (inst_5.inter left right) ambientRange)         (inst_6.inter (LRA.Set.ImageOf relation left ambientRange) (LRA.Set.ImageOf relation right ambientRange))	∀ {Left Right Pair : Type u} {RelationObject DomainObject RangeObject : Type v}   [inst : LRA.Set.HasPairing Left Right Pair] [inst_1 : Membership Pair RelationObject]   [inst_2 : Membership Left DomainObject] [inst_3 : Membership Right RangeObject]   [inst_4 : LRA.Set.HasSeparation Right RangeObject],   And (LRA.Set.SeparationLaws Right RangeObject) (LRA.Set.ExtensionalityLaw Right RangeObject) →     ∀ [inst_5 : Inter DomainObject] [inst_6 : Inter RangeObject] [inst_7 : HasSubset RangeObject]       (relation : RelationObject) (left right : DomainObject) (ambientRange : RangeObject),       inst_7.1         (inst_4.1 ambientRange fun output =>           Exists fun input => And (inst_2.1 (inst_5.1 left right) input) (inst_1.1 relation (inst.pair input output)))         (inst_6.1           (inst_4.1 ambientRange fun output =>             Exists fun input => And (inst_2.1 left input) (inst_1.1 relation (LRA.Set.OrderedPair input output)))           (inst_4.1 ambientRange fun output =>             Exists fun input => And (inst_2.1 right input) (inst_1.1 relation (LRA.Set.OrderedPair input output))))	ok
LRA.Set.RelatesUnion	LRA.Set.Interface.Laws.Relation	theorem	true	∀ {Left Right Pair : Type u} {RelationObject : Type v} [inst : LRA.Set.HasPairing Left Right Pair]   [inst_1 : Membership Pair RelationObject] [inst_2 : Union RelationObject] [inst_3 : Inter RelationObject]   [inst_4 : SDiff RelationObject] [inst_5 : EmptyCollection RelationObject] [inst_6 : HasSubset RelationObject],   LRA.Set.MembershipLaws Pair RelationObject →     ∀ (first second : RelationObject) (input : Left) (output : Right),       Iff (LRA.Set.Relates (inst_2.union first second) input output)         (Or (LRA.Set.Relates first input output) (LRA.Set.Relates second input output))	∀ {Left Right Pair : Type u} {RelationObject : Type v} [inst : LRA.Set.HasPairing Left Right Pair]   [inst_1 : Membership Pair RelationObject] [inst_2 : Union RelationObject] [inst_3 : Inter RelationObject]   [inst_4 : SDiff RelationObject] [inst_5 : EmptyCollection RelationObject] [inst_6 : HasSubset RelationObject],   LRA.Set.MembershipLaws Pair RelationObject →     ∀ (first second : RelationObject) (input : Left) (output : Right),       Iff (inst_1.1 (inst_2.1 first second) (inst.1 input output))         (Or (inst_1.1 first (inst.1 input output)) (inst_1.1 second (inst.1 input output)))	ok
LRA.Set.PreimageOfMonotone	LRA.Set.Interface.Laws.Relation	theorem	true	∀ {Left Right Pair : Type u} {RelationObject DomainObject RangeObject : Type v}   [inst : LRA.Set.HasPairing Left Right Pair] [inst_1 : Membership Pair RelationObject]   [inst_2 : Membership Left DomainObject] [inst_3 : Membership Right RangeObject]   [inst_4 : LRA.Set.HasSeparation Left DomainObject],   And (LRA.Set.SeparationLaws Left DomainObject) (LRA.Set.ExtensionalityLaw Left DomainObject) →     ∀ [inst_5 : HasSubset DomainObject] [inst_6 : HasSubset RangeObject] (relation : RelationObject)       (smaller larger : RangeObject) (ambientDomain : DomainObject),       inst_6.Subset smaller larger →         inst_5.Subset (LRA.Set.PreimageOf relation smaller ambientDomain)           (LRA.Set.PreimageOf relation larger ambientDomain)	∀ {Left Right Pair : Type u} {RelationObject DomainObject RangeObject : Type v}   [inst : LRA.Set.HasPairing Left Right Pair] [inst_1 : Membership Pair RelationObject]   [inst_2 : Membership Left DomainObject] [inst_3 : Membership Right RangeObject]   [inst_4 : LRA.Set.HasSeparation Left DomainObject],   And (LRA.Set.SeparationLaws Left DomainObject) (LRA.Set.ExtensionalityLaw Left DomainObject) →     ∀ [inst_5 : HasSubset DomainObject] [inst_6 : HasSubset RangeObject] (relation : RelationObject)       (smaller larger : RangeObject) (ambientDomain : DomainObject),       inst_6.1 smaller larger →         inst_5.1           (inst_4.1 ambientDomain fun input =>             Exists fun output => And (inst_3.1 smaller output) (inst_1.1 relation (inst.pair input output)))           (inst_4.1 ambientDomain fun input =>             Exists fun output => And (inst_3.1 larger output) (inst_1.1 relation (inst.pair input output)))	ok
LRA.Set.PreimageOfIndexedUnion	LRA.Set.Interface.Laws.Relation	theorem	true	∀ {Left Right Pair : Type u} {RelationObject DomainObject RangeObject : Type v}   [inst : LRA.Set.HasPairing Left Right Pair] [inst_1 : Membership Pair RelationObject]   [inst_2 : Membership Left DomainObject] [inst_3 : Membership Right RangeObject]   [inst_4 : LRA.Set.HasSeparation Left DomainObject],   And (LRA.Set.SeparationLaws Left DomainObject) (LRA.Set.ExtensionalityLaw Left DomainObject) →     ∀ {Index : Type u} [inst_5 : LRA.Set.HasIndexedUnion DomainObject] [inst_6 : LRA.Set.HasIndexedUnion RangeObject]       (relation : RelationObject) (family : Index → RangeObject) (ambientDomain : DomainObject),       Eq (LRA.Set.PreimageOf relation (inst_6.indexedUnion family) ambientDomain)         (inst_5.indexedUnion fun index => LRA.Set.PreimageOf relation (family index) ambientDomain)	∀ {Left Right Pair : Type u} {RelationObject DomainObject RangeObject : Type v}   [inst : LRA.Set.HasPairing Left Right Pair] [inst_1 : Membership Pair RelationObject]   [inst_2 : Membership Left DomainObject] [inst_3 : Membership Right RangeObject]   [inst_4 : LRA.Set.HasSeparation Left DomainObject],   And (LRA.Set.SeparationLaws Left DomainObject) (LRA.Set.ExtensionalityLaw Left DomainObject) →     ∀ {Index : Type u} [inst_5 : LRA.Set.HasIndexedUnion DomainObject] [inst_6 : LRA.Set.HasIndexedUnion RangeObject]       (relation : RelationObject) (family : Index → RangeObject) (ambientDomain : DomainObject),       Eq         (inst_4.1 ambientDomain fun input =>           Exists fun output => And (inst_3.1 (inst_6.1 family) output) (inst_1.1 relation (inst.1 input output)))         (inst_5.1 fun index =>           inst_4.1 ambientDomain fun input =>             Exists fun output => And (inst_3.1 (family index) output) (inst_1.1 relation (inst.pair input output)))	ok
LRA.Set.ImageOfUnion	LRA.Set.Interface.Laws.Relation	theorem	true	∀ {Left Right Pair : Type u} {RelationObject DomainObject RangeObject : Type v}   [inst : LRA.Set.HasPairing Left Right Pair] [inst_1 : Membership Pair RelationObject]   [inst_2 : Membership Left DomainObject] [inst_3 : Membership Right RangeObject]   [inst_4 : LRA.Set.HasSeparation Right RangeObject],   And (LRA.Set.SeparationLaws Right RangeObject) (LRA.Set.ExtensionalityLaw Right RangeObject) →     ∀ [inst_5 : Union DomainObject] [inst_6 : Inter DomainObject] [inst_7 : SDiff DomainObject]       [inst_8 : EmptyCollection DomainObject] [inst_9 : HasSubset DomainObject] [inst_10 : Union RangeObject]       [inst_11 : Inter RangeObject] [inst_12 : SDiff RangeObject] [inst_13 : EmptyCollection RangeObject]       [inst_14 : HasSubset RangeObject],       And (LRA.Set.MembershipLaws Left DomainObject) (LRA.Set.MembershipLaws Right RangeObject) →         ∀ (relation : RelationObject) (left right : DomainObject) (ambientRange : RangeObject),           Eq (LRA.Set.ImageOf relation (inst_5.union left right) ambientRange)             (inst_10.union (LRA.Set.ImageOf relation left ambientRange) (LRA.Set.ImageOf relation right ambientRange))	∀ {Left Right Pair : Type u} {RelationObject DomainObject RangeObject : Type v}   [inst : LRA.Set.HasPairing Left Right Pair] [inst_1 : Membership Pair RelationObject]   [inst_2 : Membership Left DomainObject] [inst_3 : Membership Right RangeObject]   [inst_4 : LRA.Set.HasSeparation Right RangeObject],   And (LRA.Set.SeparationLaws Right RangeObject) (LRA.Set.ExtensionalityLaw Right RangeObject) →     ∀ [inst_5 : Union DomainObject] [inst_6 : Inter DomainObject] [inst_7 : SDiff DomainObject]       [inst_8 : EmptyCollection DomainObject] [inst_9 : HasSubset DomainObject] [inst_10 : Union RangeObject]       [inst_11 : Inter RangeObject] [inst_12 : SDiff RangeObject] [inst_13 : EmptyCollection RangeObject]       [inst_14 : HasSubset RangeObject],       And (LRA.Set.MembershipLaws Left DomainObject) (LRA.Set.MembershipLaws Right RangeObject) →         ∀ (relation : RelationObject) (left right : DomainObject) (ambientRange : RangeObject),           Eq             (inst_4.1 ambientRange fun output =>               Exists fun input => And (inst_2.1 (inst_5.1 left right) input) (inst_1.1 relation (inst.1 input output)))             (inst_10.1               (inst_4.1 ambientRange fun output =>                 Exists fun input => And (inst_2.1 left input) (inst_1.1 relation (inst.pair input output)))               (inst_4.1 ambientRange fun output =>                 Exists fun input => And (inst_2.1 right input) (inst_1.1 relation (inst.pair input output))))	ok
LRA.Set.ImageOfCongrRelation	LRA.Set.Interface.Laws.Relation	theorem	true	∀ {Left Right Pair : Type u} {RelationObject DomainObject RangeObject : Type v}   [inst : LRA.Set.HasPairing Left Right Pair] [inst_1 : Membership Pair RelationObject]   [inst_2 : Membership Left DomainObject] [inst_3 : Membership Right RangeObject]   [inst_4 : LRA.Set.HasSeparation Right RangeObject],   And (LRA.Set.SeparationLaws Right RangeObject) (LRA.Set.ExtensionalityLaw Right RangeObject) →     ∀ (first second : RelationObject) (inputs : DomainObject) (ambientRange : RangeObject),       (∀ (input : Left) (output : Right),           Iff (LRA.Set.Relates first input output) (LRA.Set.Relates second input output)) →         Eq (LRA.Set.ImageOf first inputs ambientRange) (LRA.Set.ImageOf second inputs ambientRange)	∀ {Left Right Pair : Type u} {RelationObject DomainObject RangeObject : Type v}   [inst : LRA.Set.HasPairing Left Right Pair] [inst_1 : Membership Pair RelationObject]   [inst_2 : Membership Left DomainObject] [inst_3 : Membership Right RangeObject]   [inst_4 : LRA.Set.HasSeparation Right RangeObject],   And (LRA.Set.SeparationLaws Right RangeObject) (LRA.Set.ExtensionalityLaw Right RangeObject) →     ∀ (first second : RelationObject) (inputs : DomainObject) (ambientRange : RangeObject),       (∀ (input : Left) (output : Right),           Iff (inst_1.1 first (inst.1 input output)) (inst_1.1 second (inst.1 input output))) →         Eq           (inst_4.1 ambientRange fun output =>             Exists fun input => And (inst_2.1 inputs input) (inst_1.1 first (inst.1 input output)))           (inst_4.1 ambientRange fun output =>             Exists fun input => And (inst_2.1 inputs input) (inst_1.1 second (inst.1 input output)))	ok
LRA.Set.RelatesGraphSetOf	LRA.Set.Interface.Laws.Relation	theorem	true	∀ {Left Right Pair : Type u} {RelationObject : Type v} [inst : LRA.Set.HasPairing Left Right Pair]   [inst_1 : Membership Pair RelationObject] [inst_2 : LRA.Set.HasSeparation Pair RelationObject],   And (LRA.Set.SeparationLaws Pair RelationObject) (LRA.Set.PairingLaws Left Right Pair) →     ∀ (map : Left → Right) (ambientPairs : RelationObject) (input : Left) (output : Right),       Iff (LRA.Set.Relates (LRA.Set.GraphSetOf map ambientPairs) input output)         (And (inst_1.mem ambientPairs (LRA.Set.OrderedPair input output)) (Eq (map input) output))	∀ {Left Right Pair : Type u} {RelationObject : Type v} [inst : LRA.Set.HasPairing Left Right Pair]   [inst_1 : Membership Pair RelationObject] [inst_2 : LRA.Set.HasSeparation Pair RelationObject],   And (LRA.Set.SeparationLaws Pair RelationObject) (LRA.Set.PairingLaws Left Right Pair) →     ∀ (map : Left → Right) (ambientPairs : RelationObject) (input : Left) (output : Right),       Iff         (inst_1.1 (inst_2.1 ambientPairs fun member => Exists fun input => Eq member (inst.1 input (map input)))           (inst.1 input output))         (And (inst_1.1 ambientPairs (inst.1 input output)) (Eq (map input) output))	ok
LRA.Set.PreimageOfIdentityOn	LRA.Set.Interface.Laws.Relation	theorem	true	∀ {Left Pair : Type u} {RelationObject DomainObject : Type v} [inst : LRA.Set.HasPairing Left Left Pair]   [inst_1 : Membership Pair RelationObject] [inst_2 : Membership Left DomainObject]   [inst_3 : LRA.Set.HasSeparation Left DomainObject],   LRA.Set.ExtensionalityLaw Left DomainObject →     ∀ (identity : RelationObject) (outputs ambientDomain : DomainObject),       And           (∀ (leftElement rightElement : Left),             Iff (LRA.Set.Relates identity leftElement rightElement) (Eq leftElement rightElement))           (∀ (output : Left), inst_2.mem outputs output → inst_2.mem ambientDomain output) →         Eq (LRA.Set.PreimageOf identity outputs ambientDomain) outputs	∀ {Left Pair : Type u} {RelationObject DomainObject : Type v} [inst : LRA.Set.HasPairing Left Left Pair]   [inst_1 : Membership Pair RelationObject] [inst_2 : Membership Left DomainObject]   [inst_3 : LRA.Set.HasSeparation Left DomainObject],   LRA.Set.ExtensionalityLaw Left DomainObject →     ∀ (identity : RelationObject) (outputs ambientDomain : DomainObject),       And           (∀ (leftElement rightElement : Left),             Iff (inst_1.1 identity (inst.1 leftElement rightElement)) (Eq leftElement rightElement))           (∀ (output : Left), inst_2.1 outputs output → inst_2.1 ambientDomain output) →         Eq           (inst_3.1 ambientDomain fun input =>             Exists fun output => And (inst_2.1 outputs output) (inst_1.1 identity (inst.1 input output)))           outputs	ok
LRA.Set.ImageOfCountableUnion	LRA.Set.Interface.Laws.Relation	theorem	true	∀ {Left Right Pair : Type u} {RelationObject DomainObject RangeObject : Type v}   [inst : LRA.Set.HasPairing Left Right Pair] [inst_1 : Membership Pair RelationObject]   [inst_2 : Membership Left DomainObject] [inst_3 : Membership Right RangeObject]   [inst_4 : LRA.Set.HasSeparation Right RangeObject],   And (LRA.Set.SeparationLaws Right RangeObject) (LRA.Set.ExtensionalityLaw Right RangeObject) →     ∀ [inst_5 : LRA.Set.HasCountableUnion DomainObject] [inst_6 : LRA.Set.HasCountableUnion RangeObject]       (relation : RelationObject) (family : Nat → DomainObject) (ambientRange : RangeObject),       Eq (LRA.Set.ImageOf relation (inst_5.countableUnion family) ambientRange)         (inst_6.countableUnion fun index => LRA.Set.ImageOf relation (family index) ambientRange)	∀ {Left Right Pair : Type u} {RelationObject DomainObject RangeObject : Type v}   [inst : LRA.Set.HasPairing Left Right Pair] [inst_1 : Membership Pair RelationObject]   [inst_2 : Membership Left DomainObject] [inst_3 : Membership Right RangeObject]   [inst_4 : LRA.Set.HasSeparation Right RangeObject],   And (LRA.Set.SeparationLaws Right RangeObject) (LRA.Set.ExtensionalityLaw Right RangeObject) →     ∀ [inst_5 : LRA.Set.HasCountableUnion DomainObject] [inst_6 : LRA.Set.HasCountableUnion RangeObject]       (relation : RelationObject) (family : Nat → DomainObject) (ambientRange : RangeObject),       Eq         (inst_4.1 ambientRange fun output =>           Exists fun input => And (inst_2.1 (inst_5.1 family) input) (inst_1.1 relation (inst.1 input output)))         (inst_6.1 fun index =>           inst_4.1 ambientRange fun output =>             Exists fun input => And (inst_2.1 (family index) input) (inst_1.1 relation (inst.pair input output)))	ok
LRA.Set.PreimageOfUnion	LRA.Set.Interface.Laws.Relation	theorem	true	∀ {Left Right Pair : Type u} {RelationObject DomainObject RangeObject : Type v}   [inst : LRA.Set.HasPairing Left Right Pair] [inst_1 : Membership Pair RelationObject]   [inst_2 : Membership Left DomainObject] [inst_3 : Membership Right RangeObject]   [inst_4 : LRA.Set.HasSeparation Left DomainObject],   And (LRA.Set.SeparationLaws Left DomainObject) (LRA.Set.ExtensionalityLaw Left DomainObject) →     ∀ [inst_5 : Union DomainObject] [inst_6 : Inter DomainObject] [inst_7 : SDiff DomainObject]       [inst_8 : EmptyCollection DomainObject] [inst_9 : HasSubset DomainObject] [inst_10 : Union RangeObject]       [inst_11 : Inter RangeObject] [inst_12 : SDiff RangeObject] [inst_13 : EmptyCollection RangeObject]       [inst_14 : HasSubset RangeObject],       And (LRA.Set.MembershipLaws Left DomainObject) (LRA.Set.MembershipLaws Right RangeObject) →         ∀ (relation : RelationObject) (left right : RangeObject) (ambientDomain : DomainObject),           Eq (LRA.Set.PreimageOf relation (inst_10.union left right) ambientDomain)             (inst_5.union (LRA.Set.PreimageOf relation left ambientDomain)               (LRA.Set.PreimageOf relation right ambientDomain))	∀ {Left Right Pair : Type u} {RelationObject DomainObject RangeObject : Type v}   [inst : LRA.Set.HasPairing Left Right Pair] [inst_1 : Membership Pair RelationObject]   [inst_2 : Membership Left DomainObject] [inst_3 : Membership Right RangeObject]   [inst_4 : LRA.Set.HasSeparation Left DomainObject],   And (LRA.Set.SeparationLaws Left DomainObject) (LRA.Set.ExtensionalityLaw Left DomainObject) →     ∀ [inst_5 : Union DomainObject] [inst_6 : Inter DomainObject] [inst_7 : SDiff DomainObject]       [inst_8 : EmptyCollection DomainObject] [inst_9 : HasSubset DomainObject] [inst_10 : Union RangeObject]       [inst_11 : Inter RangeObject] [inst_12 : SDiff RangeObject] [inst_13 : EmptyCollection RangeObject]       [inst_14 : HasSubset RangeObject],       And (LRA.Set.MembershipLaws Left DomainObject) (LRA.Set.MembershipLaws Right RangeObject) →         ∀ (relation : RelationObject) (left right : RangeObject) (ambientDomain : DomainObject),           Eq             (inst_4.1 ambientDomain fun input =>               Exists fun output =>                 And (inst_3.1 (inst_10.1 left right) output) (inst_1.1 relation (inst.1 input output)))             (inst_5.1               (inst_4.1 ambientDomain fun input =>                 Exists fun output => And (inst_3.1 left output) (inst_1.1 relation (inst.pair input output)))               (inst_4.1 ambientDomain fun input =>                 Exists fun output => And (inst_3.1 right output) (inst_1.1 relation (inst.pair input output))))	ok
LRA.Set.ImageOfIndexedIntersectionSubset	LRA.Set.Interface.Laws.Relation	theorem	true	∀ {Left Right Pair : Type u} {RelationObject DomainObject RangeObject : Type v}   [inst : LRA.Set.HasPairing Left Right Pair] [inst_1 : Membership Pair RelationObject]   [inst_2 : Membership Left DomainObject] [inst_3 : Membership Right RangeObject]   [inst_4 : LRA.Set.HasSeparation Right RangeObject],   And (LRA.Set.SeparationLaws Right RangeObject) (LRA.Set.ExtensionalityLaw Right RangeObject) →     ∀ {Index : Type u} [inst_5 : LRA.Set.HasIndexedIntersection DomainObject]       [inst_6 : LRA.Set.HasIndexedIntersection RangeObject] [inst_7 : HasSubset RangeObject] (relation : RelationObject)       (family : Index → DomainObject) (ambientRange : RangeObject),       inst_7.Subset (LRA.Set.ImageOf relation (inst_5.indexedIntersection family) ambientRange)         (inst_6.indexedIntersection fun index => LRA.Set.ImageOf relation (family index) ambientRange)	∀ {Left Right Pair : Type u} {RelationObject DomainObject RangeObject : Type v}   [inst : LRA.Set.HasPairing Left Right Pair] [inst_1 : Membership Pair RelationObject]   [inst_2 : Membership Left DomainObject] [inst_3 : Membership Right RangeObject]   [inst_4 : LRA.Set.HasSeparation Right RangeObject],   And (LRA.Set.SeparationLaws Right RangeObject) (LRA.Set.ExtensionalityLaw Right RangeObject) →     ∀ {Index : Type u} [inst_5 : LRA.Set.HasIndexedIntersection DomainObject]       [inst_6 : LRA.Set.HasIndexedIntersection RangeObject] [inst_7 : HasSubset RangeObject] (relation : RelationObject)       (family : Index → DomainObject) (ambientRange : RangeObject),       inst_7.1         (inst_4.1 ambientRange fun output =>           Exists fun input => And (inst_2.1 (inst_5.1 family) input) (inst_1.1 relation (inst.pair input output)))         (inst_6.1 fun index =>           inst_4.1 ambientRange fun output =>             Exists fun input =>               And (inst_2.1 (family index) input) (inst_1.1 relation (LRA.Set.OrderedPair input output)))	ok
LRA.Set.PreimageOfSubsetAmbient	LRA.Set.Interface.Laws.Relation	theorem	true	∀ {Left Right Pair : Type u} {RelationObject DomainObject RangeObject : Type v}   [inst : LRA.Set.HasPairing Left Right Pair] [inst_1 : Membership Pair RelationObject]   [inst_2 : Membership Left DomainObject] [inst_3 : Membership Right RangeObject]   [inst_4 : LRA.Set.HasSeparation Left DomainObject],   And (LRA.Set.SeparationLaws Left DomainObject) (LRA.Set.ExtensionalityLaw Left DomainObject) →     ∀ [inst_5 : HasSubset DomainObject] (relation : RelationObject) (outputs : RangeObject)       (ambientDomain : DomainObject), inst_5.Subset (LRA.Set.PreimageOf relation outputs ambientDomain) ambientDomain	∀ {Left Right Pair : Type u} {RelationObject DomainObject RangeObject : Type v}   [inst : LRA.Set.HasPairing Left Right Pair] [inst_1 : Membership Pair RelationObject]   [inst_2 : Membership Left DomainObject] [inst_3 : Membership Right RangeObject]   [inst_4 : LRA.Set.HasSeparation Left DomainObject],   And (LRA.Set.SeparationLaws Left DomainObject) (LRA.Set.ExtensionalityLaw Left DomainObject) →     ∀ [inst_5 : HasSubset DomainObject] (relation : RelationObject) (outputs : RangeObject)       (ambientDomain : DomainObject),       inst_5.1         (inst_4.1 ambientDomain fun input =>           Exists fun output => And (inst_3.1 outputs output) (inst_1.1 relation (inst.pair input output)))         ambientDomain	ok
LRA.Set.PreimageOfCountableUnion	LRA.Set.Interface.Laws.Relation	theorem	true	∀ {Left Right Pair : Type u} {RelationObject DomainObject RangeObject : Type v}   [inst : LRA.Set.HasPairing Left Right Pair] [inst_1 : Membership Pair RelationObject]   [inst_2 : Membership Left DomainObject] [inst_3 : Membership Right RangeObject]   [inst_4 : LRA.Set.HasSeparation Left DomainObject],   And (LRA.Set.SeparationLaws Left DomainObject) (LRA.Set.ExtensionalityLaw Left DomainObject) →     ∀ [inst_5 : LRA.Set.HasCountableUnion DomainObject] [inst_6 : LRA.Set.HasCountableUnion RangeObject]       (relation : RelationObject) (family : Nat → RangeObject) (ambientDomain : DomainObject),       Eq (LRA.Set.PreimageOf relation (inst_6.countableUnion family) ambientDomain)         (inst_5.countableUnion fun index => LRA.Set.PreimageOf relation (family index) ambientDomain)	∀ {Left Right Pair : Type u} {RelationObject DomainObject RangeObject : Type v}   [inst : LRA.Set.HasPairing Left Right Pair] [inst_1 : Membership Pair RelationObject]   [inst_2 : Membership Left DomainObject] [inst_3 : Membership Right RangeObject]   [inst_4 : LRA.Set.HasSeparation Left DomainObject],   And (LRA.Set.SeparationLaws Left DomainObject) (LRA.Set.ExtensionalityLaw Left DomainObject) →     ∀ [inst_5 : LRA.Set.HasCountableUnion DomainObject] [inst_6 : LRA.Set.HasCountableUnion RangeObject]       (relation : RelationObject) (family : Nat → RangeObject) (ambientDomain : DomainObject),       Eq         (inst_4.1 ambientDomain fun input =>           Exists fun output => And (inst_3.1 (inst_6.1 family) output) (inst_1.1 relation (inst.1 input output)))         (inst_5.1 fun index =>           inst_4.1 ambientDomain fun input =>             Exists fun output => And (inst_3.1 (family index) output) (inst_1.1 relation (inst.pair input output)))	ok
LRA.Set.MemberOfRangeOf	LRA.Set.Interface.Laws.Relation	theorem	true	∀ {Left Right Pair : Type u} {RelationObject RangeObject : Type v} [inst : LRA.Set.HasPairing Left Right Pair]   [inst_1 : Membership Pair RelationObject] [inst_2 : Membership Right RangeObject]   [inst_3 : LRA.Set.HasSeparation Right RangeObject],   LRA.Set.SeparationLaws Right RangeObject →     ∀ (relation : RelationObject) (ambientRange : RangeObject) (output : Right),       Iff (inst_2.mem (LRA.Set.RangeOf Left relation ambientRange) output)         (And (inst_2.mem ambientRange output) (Exists fun input => LRA.Set.Relates relation input output))	∀ {Left Right Pair : Type u} {RelationObject RangeObject : Type v} [inst : LRA.Set.HasPairing Left Right Pair]   [inst_1 : Membership Pair RelationObject] [inst_2 : Membership Right RangeObject]   [inst_3 : LRA.Set.HasSeparation Right RangeObject],   LRA.Set.SeparationLaws Right RangeObject →     ∀ (relation : RelationObject) (ambientRange : RangeObject) (output : Right),       Iff         (inst_2.1 (inst_3.1 ambientRange fun output => Exists fun input => inst_1.1 relation (inst.pair input output))           output)         (And (inst_2.1 ambientRange output) (Exists fun input => inst_1.1 relation (inst.1 input output)))	ok
LRA.Set.ImageOfEmpty	LRA.Set.Interface.Laws.Relation	theorem	true	∀ {Left Right Pair : Type u} {RelationObject DomainObject RangeObject : Type v}   [inst : LRA.Set.HasPairing Left Right Pair] [inst_1 : Membership Pair RelationObject]   [inst_2 : Membership Left DomainObject] [inst_3 : Membership Right RangeObject]   [inst_4 : LRA.Set.HasSeparation Right RangeObject],   And (LRA.Set.SeparationLaws Right RangeObject) (LRA.Set.ExtensionalityLaw Right RangeObject) →     ∀ [inst_5 : Union DomainObject] [inst_6 : Inter DomainObject] [inst_7 : SDiff DomainObject]       [inst_8 : EmptyCollection DomainObject] [inst_9 : HasSubset DomainObject] [inst_10 : Union RangeObject]       [inst_11 : Inter RangeObject] [inst_12 : SDiff RangeObject] [inst_13 : EmptyCollection RangeObject]       [inst_14 : HasSubset RangeObject],       And (LRA.Set.MembershipLaws Left DomainObject) (LRA.Set.MembershipLaws Right RangeObject) →         ∀ (relation : RelationObject) (ambientRange : RangeObject),           Eq (LRA.Set.ImageOf relation inst_8.emptyCollection ambientRange) inst_13.emptyCollection	∀ {Left Right Pair : Type u} {RelationObject DomainObject RangeObject : Type v}   [inst : LRA.Set.HasPairing Left Right Pair] [inst_1 : Membership Pair RelationObject]   [inst_2 : Membership Left DomainObject] [inst_3 : Membership Right RangeObject]   [inst_4 : LRA.Set.HasSeparation Right RangeObject],   And (LRA.Set.SeparationLaws Right RangeObject) (LRA.Set.ExtensionalityLaw Right RangeObject) →     ∀ [inst_5 : Union DomainObject] [inst_6 : Inter DomainObject] [inst_7 : SDiff DomainObject]       [inst_8 : EmptyCollection DomainObject] [inst_9 : HasSubset DomainObject] [inst_10 : Union RangeObject]       [inst_11 : Inter RangeObject] [inst_12 : SDiff RangeObject] [inst_13 : EmptyCollection RangeObject]       [inst_14 : HasSubset RangeObject],       And (LRA.Set.MembershipLaws Left DomainObject) (LRA.Set.MembershipLaws Right RangeObject) →         ∀ (relation : RelationObject) (ambientRange : RangeObject),           Eq             (inst_4.1 ambientRange fun output =>               Exists fun input => And (inst_2.1 inst_8.1 input) (inst_1.1 relation (inst.1 input output)))             inst_13.1	ok
LRA.Set.DifferenceOfImagesSubsetImageOfDifference	LRA.Set.Interface.Laws.Relation	theorem	true	∀ {Left Right Pair : Type u} {RelationObject DomainObject RangeObject : Type v}   [inst : LRA.Set.HasPairing Left Right Pair] [inst_1 : Membership Pair RelationObject]   [inst_2 : Membership Left DomainObject] [inst_3 : Membership Right RangeObject]   [inst_4 : LRA.Set.HasSeparation Right RangeObject],   And (LRA.Set.SeparationLaws Right RangeObject) (LRA.Set.ExtensionalityLaw Right RangeObject) →     ∀ [inst_5 : SDiff DomainObject] [inst_6 : SDiff RangeObject] [inst_7 : HasSubset RangeObject]       (relation : RelationObject) (left right : DomainObject) (ambientRange : RangeObject),       inst_7.Subset         (inst_6.sdiff (LRA.Set.ImageOf relation left ambientRange) (LRA.Set.ImageOf relation right ambientRange))         (LRA.Set.ImageOf relation (inst_5.sdiff left right) ambientRange)	∀ {Left Right Pair : Type u} {RelationObject DomainObject RangeObject : Type v}   [inst : LRA.Set.HasPairing Left Right Pair] [inst_1 : Membership Pair RelationObject]   [inst_2 : Membership Left DomainObject] [inst_3 : Membership Right RangeObject]   [inst_4 : LRA.Set.HasSeparation Right RangeObject],   And (LRA.Set.SeparationLaws Right RangeObject) (LRA.Set.ExtensionalityLaw Right RangeObject) →     ∀ [inst_5 : SDiff DomainObject] [inst_6 : SDiff RangeObject] [inst_7 : HasSubset RangeObject]       (relation : RelationObject) (left right : DomainObject) (ambientRange : RangeObject),       inst_7.1         (inst_6.1           (inst_4.1 ambientRange fun output =>             Exists fun input => And (inst_2.1 left input) (inst_1.1 relation (LRA.Set.OrderedPair input output)))           (inst_4.1 ambientRange fun output =>             Exists fun input => And (inst_2.1 right input) (inst_1.1 relation (LRA.Set.OrderedPair input output))))         (inst_4.1 ambientRange fun output =>           Exists fun input => And (inst_2.1 (inst_5.1 left right) input) (inst_1.1 relation (inst.pair input output)))	ok
LRA.Set.PreimageOfCongrOutputs	LRA.Set.Interface.Laws.Relation	theorem	true	∀ {Left Right Pair : Type u} {RelationObject DomainObject RangeObject : Type v}   [inst : LRA.Set.HasPairing Left Right Pair] [inst_1 : Membership Pair RelationObject]   [inst_2 : Membership Left DomainObject] [inst_3 : Membership Right RangeObject]   [inst_4 : LRA.Set.HasSeparation Left DomainObject],   And (LRA.Set.SeparationLaws Left DomainObject) (LRA.Set.ExtensionalityLaw Left DomainObject) →     ∀ (relation : RelationObject) (left right : RangeObject) (ambientDomain : DomainObject),       (∀ (output : Right), Iff (inst_3.mem left output) (inst_3.mem right output)) →         Eq (LRA.Set.PreimageOf relation left ambientDomain) (LRA.Set.PreimageOf relation right ambientDomain)	∀ {Left Right Pair : Type u} {RelationObject DomainObject RangeObject : Type v}   [inst : LRA.Set.HasPairing Left Right Pair] [inst_1 : Membership Pair RelationObject]   [inst_2 : Membership Left DomainObject] [inst_3 : Membership Right RangeObject]   [inst_4 : LRA.Set.HasSeparation Left DomainObject],   And (LRA.Set.SeparationLaws Left DomainObject) (LRA.Set.ExtensionalityLaw Left DomainObject) →     ∀ (relation : RelationObject) (left right : RangeObject) (ambientDomain : DomainObject),       (∀ (output : Right), Iff (inst_3.1 left output) (inst_3.1 right output)) →         Eq           (inst_4.1 ambientDomain fun input =>             Exists fun output => And (inst_3.1 left output) (inst_1.1 relation (inst.1 input output)))           (inst_4.1 ambientDomain fun input =>             Exists fun output => And (inst_3.1 right output) (inst_1.1 relation (inst.1 input output)))	ok
LRA.Set.MemberOfImageOf	LRA.Set.Interface.Laws.Relation	theorem	true	∀ {Left Right Pair : Type u} {RelationObject DomainObject RangeObject : Type v}   [inst : LRA.Set.HasPairing Left Right Pair] [inst_1 : Membership Pair RelationObject]   [inst_2 : Membership Left DomainObject] [inst_3 : Membership Right RangeObject]   [inst_4 : LRA.Set.HasSeparation Right RangeObject],   LRA.Set.SeparationLaws Right RangeObject →     ∀ (relation : RelationObject) (inputs : DomainObject) (ambientRange : RangeObject) (output : Right),       Iff (inst_3.mem (LRA.Set.ImageOf relation inputs ambientRange) output)         (And (inst_3.mem ambientRange output)           (Exists fun input => And (inst_2.mem inputs input) (LRA.Set.Relates relation input output)))	∀ {Left Right Pair : Type u} {RelationObject DomainObject RangeObject : Type v}   [inst : LRA.Set.HasPairing Left Right Pair] [inst_1 : Membership Pair RelationObject]   [inst_2 : Membership Left DomainObject] [inst_3 : Membership Right RangeObject]   [inst_4 : LRA.Set.HasSeparation Right RangeObject],   LRA.Set.SeparationLaws Right RangeObject →     ∀ (relation : RelationObject) (inputs : DomainObject) (ambientRange : RangeObject) (output : Right),       Iff         (inst_3.1           (inst_4.1 ambientRange fun output =>             Exists fun input => And (inst_2.1 inputs input) (inst_1.1 relation (inst.pair input output)))           output)         (And (inst_3.1 ambientRange output)           (Exists fun input => And (inst_2.1 inputs input) (inst_1.1 relation (inst.1 input output))))	ok
LRA.Set.PreimageOfCongrRelation	LRA.Set.Interface.Laws.Relation	theorem	true	∀ {Left Right Pair : Type u} {RelationObject DomainObject RangeObject : Type v}   [inst : LRA.Set.HasPairing Left Right Pair] [inst_1 : Membership Pair RelationObject]   [inst_2 : Membership Left DomainObject] [inst_3 : Membership Right RangeObject]   [inst_4 : LRA.Set.HasSeparation Left DomainObject],   And (LRA.Set.SeparationLaws Left DomainObject) (LRA.Set.ExtensionalityLaw Left DomainObject) →     ∀ (first second : RelationObject) (outputs : RangeObject) (ambientDomain : DomainObject),       (∀ (input : Left) (output : Right),           Iff (LRA.Set.Relates first input output) (LRA.Set.Relates second input output)) →         Eq (LRA.Set.PreimageOf first outputs ambientDomain) (LRA.Set.PreimageOf second outputs ambientDomain)	∀ {Left Right Pair : Type u} {RelationObject DomainObject RangeObject : Type v}   [inst : LRA.Set.HasPairing Left Right Pair] [inst_1 : Membership Pair RelationObject]   [inst_2 : Membership Left DomainObject] [inst_3 : Membership Right RangeObject]   [inst_4 : LRA.Set.HasSeparation Left DomainObject],   And (LRA.Set.SeparationLaws Left DomainObject) (LRA.Set.ExtensionalityLaw Left DomainObject) →     ∀ (first second : RelationObject) (outputs : RangeObject) (ambientDomain : DomainObject),       (∀ (input : Left) (output : Right),           Iff (inst_1.1 first (inst.1 input output)) (inst_1.1 second (inst.1 input output))) →         Eq           (inst_4.1 ambientDomain fun input =>             Exists fun output => And (inst_3.1 outputs output) (inst_1.1 first (inst.1 input output)))           (inst_4.1 ambientDomain fun input =>             Exists fun output => And (inst_3.1 outputs output) (inst_1.1 second (inst.1 input output)))	ok
LRA.Set.GraphSetOfIsFunctional	LRA.Set.Interface.Laws.Relation	theorem	true	∀ {Left Right Pair : Type u} {RelationObject : Type v} [inst : LRA.Set.HasPairing Left Right Pair]   [inst_1 : Membership Pair RelationObject] [inst_2 : LRA.Set.HasSeparation Pair RelationObject],   And (LRA.Set.SeparationLaws Pair RelationObject) (LRA.Set.PairingLaws Left Right Pair) →     ∀ (map : Left → Right) (ambientPairs : RelationObject),       LRA.Set.IsFunctionalSet Left Right (LRA.Set.GraphSetOf map ambientPairs)	∀ {Left Right Pair : Type u} {RelationObject : Type v} [inst : LRA.Set.HasPairing Left Right Pair]   [inst_1 : Membership Pair RelationObject] [inst_2 : LRA.Set.HasSeparation Pair RelationObject],   And (LRA.Set.SeparationLaws Pair RelationObject) (LRA.Set.PairingLaws Left Right Pair) →     ∀ (map : Left → Right) (ambientPairs : RelationObject),       And         (∀ (member : Pair),           inst_1.1 (inst_2.1 ambientPairs fun member => Exists fun input => Eq member (inst.pair input (map input)))               member →             Exists fun input => Exists fun output => Eq member (inst.1 input output))         (∀ (input : Left) (firstOutput secondOutput : Right),           inst_1.1               (inst_2.1 ambientPairs fun member =>                 Exists fun input => Eq member (LRA.Set.OrderedPair input (map input)))               (inst.1 input firstOutput) →             inst_1.1                 (inst_2.1 ambientPairs fun member =>                   Exists fun input => Eq member (LRA.Set.OrderedPair input (map input)))                 (inst.1 input secondOutput) →               Eq firstOutput secondOutput)	ok
LRA.Set.AppliedToUnique	LRA.Set.Interface.Laws.Relation	theorem	true	∀ {Left Right Pair : Type u} {RelationObject : Type v} [inst : LRA.Set.HasPairing Left Right Pair]   [inst_1 : Membership Pair RelationObject] (relation : RelationObject),   LRA.Set.IsSingleValued Left Right relation →     ∀ (input : Left) (output : Right),       LRA.Set.Relates relation input output →         ∀ (hits : Exists fun someOutput => LRA.Set.Relates relation input someOutput),           Eq (LRA.Set.AppliedTo relation input hits) output	∀ {Left Right Pair : Type u} {RelationObject : Type v} [inst : LRA.Set.HasPairing Left Right Pair]   [inst_1 : Membership Pair RelationObject] (relation : RelationObject),   (∀ (input : Left) (firstOutput secondOutput : Right),       inst_1.1 relation (inst.1 input firstOutput) →         inst_1.1 relation (inst.1 input secondOutput) → Eq firstOutput secondOutput) →     ∀ (input : Left) (output : Right),       inst_1.1 relation (inst.1 input output) →         ∀ (hits : Exists fun someOutput => inst_1.1 relation (inst.1 input someOutput)),           Eq (Classical.indefiniteDescription (LRA.Set.Relates relation input) hits).1 output	ok
LRA.Set.ImageOfCountableIntersectionSubset	LRA.Set.Interface.Laws.Relation	theorem	true	∀ {Left Right Pair : Type u} {RelationObject DomainObject RangeObject : Type v}   [inst : LRA.Set.HasPairing Left Right Pair] [inst_1 : Membership Pair RelationObject]   [inst_2 : Membership Left DomainObject] [inst_3 : Membership Right RangeObject]   [inst_4 : LRA.Set.HasSeparation Right RangeObject],   And (LRA.Set.SeparationLaws Right RangeObject) (LRA.Set.ExtensionalityLaw Right RangeObject) →     ∀ [inst_5 : LRA.Set.HasCountableIntersection DomainObject] [inst_6 : LRA.Set.HasCountableIntersection RangeObject]       [inst_7 : HasSubset RangeObject] (relation : RelationObject) (family : Nat → DomainObject)       (ambientRange : RangeObject),       inst_7.Subset (LRA.Set.ImageOf relation (inst_5.countableIntersection family) ambientRange)         (inst_6.countableIntersection fun index => LRA.Set.ImageOf relation (family index) ambientRange)	∀ {Left Right Pair : Type u} {RelationObject DomainObject RangeObject : Type v}   [inst : LRA.Set.HasPairing Left Right Pair] [inst_1 : Membership Pair RelationObject]   [inst_2 : Membership Left DomainObject] [inst_3 : Membership Right RangeObject]   [inst_4 : LRA.Set.HasSeparation Right RangeObject],   And (LRA.Set.SeparationLaws Right RangeObject) (LRA.Set.ExtensionalityLaw Right RangeObject) →     ∀ [inst_5 : LRA.Set.HasCountableIntersection DomainObject] [inst_6 : LRA.Set.HasCountableIntersection RangeObject]       [inst_7 : HasSubset RangeObject] (relation : RelationObject) (family : Nat → DomainObject)       (ambientRange : RangeObject),       inst_7.1         (inst_4.1 ambientRange fun output =>           Exists fun input => And (inst_2.1 (inst_5.1 family) input) (inst_1.1 relation (inst.pair input output)))         (inst_6.1 fun index =>           inst_4.1 ambientRange fun output =>             Exists fun input =>               And (inst_2.1 (family index) input) (inst_1.1 relation (LRA.Set.OrderedPair input output)))	ok
LRA.Set.RelatesRestrictionOf	LRA.Set.Interface.Laws.Relation	theorem	true	∀ {Left Right Pair : Type u} {RelationObject DomainObject : Type v} [inst : LRA.Set.HasPairing Left Right Pair]   [inst_1 : Membership Pair RelationObject] [inst_2 : LRA.Set.HasSeparation Pair RelationObject],   LRA.Set.SeparationLaws Pair RelationObject →     ∀ [inst_3 : Membership Left DomainObject],       LRA.Set.PairingLaws Left Right Pair →         ∀ (relation : RelationObject) (inputs : DomainObject) (input : Left) (output : Right),           Iff (LRA.Set.Relates (LRA.Set.RestrictionOf Right relation inputs) input output)             (And (LRA.Set.Relates relation input output) (inst_3.mem inputs input))	∀ {Left Right Pair : Type u} {RelationObject DomainObject : Type v} [inst : LRA.Set.HasPairing Left Right Pair]   [inst_1 : Membership Pair RelationObject] [inst_2 : LRA.Set.HasSeparation Pair RelationObject],   LRA.Set.SeparationLaws Pair RelationObject →     ∀ [inst_3 : Membership Left DomainObject],       LRA.Set.PairingLaws Left Right Pair →         ∀ (relation : RelationObject) (inputs : DomainObject) (input : Left) (output : Right),           Iff             (inst_1.1               (inst_2.1 relation fun member =>                 Exists fun input => Exists fun output => And (Eq member (inst.1 input output)) (inst_3.1 inputs input))               (inst.1 input output))             (And (inst_1.1 relation (inst.1 input output)) (inst_3.1 inputs input))	ok
LRA.Set.MemberOfFiberOf	LRA.Set.Interface.Laws.Relation	theorem	true	∀ {Left Right Pair : Type u} {RelationObject DomainObject : Type v} [inst : LRA.Set.HasPairing Left Right Pair]   [inst_1 : Membership Pair RelationObject] [inst_2 : Membership Left DomainObject]   [inst_3 : LRA.Set.HasSeparation Left DomainObject],   LRA.Set.SeparationLaws Left DomainObject →     ∀ (relation : RelationObject) (output : Right) (ambientDomain : DomainObject) (input : Left),       Iff (inst_2.mem (LRA.Set.FiberOf relation output ambientDomain) input)         (And (inst_2.mem ambientDomain input) (LRA.Set.Relates relation input output))	∀ {Left Right Pair : Type u} {RelationObject DomainObject : Type v} [inst : LRA.Set.HasPairing Left Right Pair]   [inst_1 : Membership Pair RelationObject] [inst_2 : Membership Left DomainObject]   [inst_3 : LRA.Set.HasSeparation Left DomainObject],   LRA.Set.SeparationLaws Left DomainObject →     ∀ (relation : RelationObject) (output : Right) (ambientDomain : DomainObject) (input : Left),       Iff (inst_2.1 (inst_3.1 ambientDomain fun input => inst_1.1 relation (inst.pair input output)) input)         (And (inst_2.1 ambientDomain input) (inst_1.1 relation (inst.1 input output)))	ok
LRA.Set.ImageOfMonotone	LRA.Set.Interface.Laws.Relation	theorem	true	∀ {Left Right Pair : Type u} {RelationObject DomainObject RangeObject : Type v}   [inst : LRA.Set.HasPairing Left Right Pair] [inst_1 : Membership Pair RelationObject]   [inst_2 : Membership Left DomainObject] [inst_3 : Membership Right RangeObject]   [inst_4 : LRA.Set.HasSeparation Right RangeObject],   And (LRA.Set.SeparationLaws Right RangeObject) (LRA.Set.ExtensionalityLaw Right RangeObject) →     ∀ [inst_5 : HasSubset DomainObject] [inst_6 : HasSubset RangeObject] (relation : RelationObject)       (smaller larger : DomainObject) (ambientRange : RangeObject),       inst_5.Subset smaller larger →         inst_6.Subset (LRA.Set.ImageOf relation smaller ambientRange) (LRA.Set.ImageOf relation larger ambientRange)	∀ {Left Right Pair : Type u} {RelationObject DomainObject RangeObject : Type v}   [inst : LRA.Set.HasPairing Left Right Pair] [inst_1 : Membership Pair RelationObject]   [inst_2 : Membership Left DomainObject] [inst_3 : Membership Right RangeObject]   [inst_4 : LRA.Set.HasSeparation Right RangeObject],   And (LRA.Set.SeparationLaws Right RangeObject) (LRA.Set.ExtensionalityLaw Right RangeObject) →     ∀ [inst_5 : HasSubset DomainObject] [inst_6 : HasSubset RangeObject] (relation : RelationObject)       (smaller larger : DomainObject) (ambientRange : RangeObject),       inst_5.1 smaller larger →         inst_6.1           (inst_4.1 ambientRange fun output =>             Exists fun input => And (inst_2.1 smaller input) (inst_1.1 relation (inst.pair input output)))           (inst_4.1 ambientRange fun output =>             Exists fun input => And (inst_2.1 larger input) (inst_1.1 relation (inst.pair input output)))	ok
LRA.Set.ImageOfCompositionOf	LRA.Set.Interface.Laws.Relation	theorem	true	∀ {Left Mid Right FirstPair SecondPair CompositePair : Type u}   {FirstObject SecondObject CompositeObject DomainObject MidObject RangeObject : Type v}   [inst : LRA.Set.HasPairing Left Mid FirstPair] [inst_1 : LRA.Set.HasPairing Mid Right SecondPair]   [inst_2 : LRA.Set.HasPairing Left Right CompositePair] [inst_3 : Membership FirstPair FirstObject]   [inst_4 : Membership SecondPair SecondObject] [inst_5 : Membership CompositePair CompositeObject]   [inst_6 : Membership Left DomainObject] [inst_7 : Membership Mid MidObject] [inst_8 : Membership Right RangeObject]   [inst_9 : LRA.Set.HasSeparation Mid MidObject] [inst_10 : LRA.Set.HasSeparation Right RangeObject],   LRA.Set.ExtensionalityLaw Right RangeObject →     ∀ (first : FirstObject) (second : SecondObject) (composite : CompositeObject) (inputs : DomainObject)       (ambientMid : MidObject) (ambientRange : RangeObject),       (∀ (input : Left) (output : Right),           Iff (LRA.Set.Relates composite input output)             (Exists fun middle => And (LRA.Set.Relates first input middle) (LRA.Set.Relates second middle output))) →         Eq (LRA.Set.ImageOf composite inputs ambientRange)           (LRA.Set.ImageOf second (LRA.Set.ImageOf first inputs ambientMid) ambientRange)	∀ {Left Mid Right FirstPair SecondPair CompositePair : Type u}   {FirstObject SecondObject CompositeObject DomainObject MidObject RangeObject : Type v}   [inst : LRA.Set.HasPairing Left Mid FirstPair] [inst_1 : LRA.Set.HasPairing Mid Right SecondPair]   [inst_2 : LRA.Set.HasPairing Left Right CompositePair] [inst_3 : Membership FirstPair FirstObject]   [inst_4 : Membership SecondPair SecondObject] [inst_5 : Membership CompositePair CompositeObject]   [inst_6 : Membership Left DomainObject] [inst_7 : Membership Mid MidObject] [inst_8 : Membership Right RangeObject]   [inst_9 : LRA.Set.HasSeparation Mid MidObject] [inst_10 : LRA.Set.HasSeparation Right RangeObject],   LRA.Set.ExtensionalityLaw Right RangeObject →     ∀ (first : FirstObject) (second : SecondObject) (composite : CompositeObject) (inputs : DomainObject)       (ambientMid : MidObject) (ambientRange : RangeObject),       (∀ (input : Left) (output : Right),           Iff (inst_5.1 composite (inst_2.1 input output))             (Exists fun middle =>               And (inst_3.1 first (inst.1 input middle)) (inst_4.1 second (inst_1.1 middle output)))) →         Eq           (inst_10.1 ambientRange fun output =>             Exists fun input => And (inst_6.1 inputs input) (inst_5.1 composite (inst_2.1 input output)))           (inst_10.1 ambientRange fun output =>             Exists fun input =>               And                 (inst_7.1                   (inst_9.1 ambientMid fun output =>                     Exists fun input =>                       And (inst_6.1 inputs input) (inst_3.mem first (LRA.Set.OrderedPair input output)))                   input)                 (inst_4.1 second (inst_1.1 input output)))	ok
LRA.Set.ImageOfIndexedUnion	LRA.Set.Interface.Laws.Relation	theorem	true	∀ {Left Right Pair : Type u} {RelationObject DomainObject RangeObject : Type v}   [inst : LRA.Set.HasPairing Left Right Pair] [inst_1 : Membership Pair RelationObject]   [inst_2 : Membership Left DomainObject] [inst_3 : Membership Right RangeObject]   [inst_4 : LRA.Set.HasSeparation Right RangeObject],   And (LRA.Set.SeparationLaws Right RangeObject) (LRA.Set.ExtensionalityLaw Right RangeObject) →     ∀ {Index : Type u} [inst_5 : LRA.Set.HasIndexedUnion DomainObject] [inst_6 : LRA.Set.HasIndexedUnion RangeObject]       (relation : RelationObject) (family : Index → DomainObject) (ambientRange : RangeObject),       Eq (LRA.Set.ImageOf relation (inst_5.indexedUnion family) ambientRange)         (inst_6.indexedUnion fun index => LRA.Set.ImageOf relation (family index) ambientRange)	∀ {Left Right Pair : Type u} {RelationObject DomainObject RangeObject : Type v}   [inst : LRA.Set.HasPairing Left Right Pair] [inst_1 : Membership Pair RelationObject]   [inst_2 : Membership Left DomainObject] [inst_3 : Membership Right RangeObject]   [inst_4 : LRA.Set.HasSeparation Right RangeObject],   And (LRA.Set.SeparationLaws Right RangeObject) (LRA.Set.ExtensionalityLaw Right RangeObject) →     ∀ {Index : Type u} [inst_5 : LRA.Set.HasIndexedUnion DomainObject] [inst_6 : LRA.Set.HasIndexedUnion RangeObject]       (relation : RelationObject) (family : Index → DomainObject) (ambientRange : RangeObject),       Eq         (inst_4.1 ambientRange fun output =>           Exists fun input => And (inst_2.1 (inst_5.1 family) input) (inst_1.1 relation (inst.1 input output)))         (inst_6.1 fun index =>           inst_4.1 ambientRange fun output =>             Exists fun input => And (inst_2.1 (family index) input) (inst_1.1 relation (inst.pair input output)))	ok
LRA.Set.PreimageOfEmpty	LRA.Set.Interface.Laws.Relation	theorem	true	∀ {Left Right Pair : Type u} {RelationObject DomainObject RangeObject : Type v}   [inst : LRA.Set.HasPairing Left Right Pair] [inst_1 : Membership Pair RelationObject]   [inst_2 : Membership Left DomainObject] [inst_3 : Membership Right RangeObject]   [inst_4 : LRA.Set.HasSeparation Left DomainObject],   And (LRA.Set.SeparationLaws Left DomainObject) (LRA.Set.ExtensionalityLaw Left DomainObject) →     ∀ [inst_5 : Union DomainObject] [inst_6 : Inter DomainObject] [inst_7 : SDiff DomainObject]       [inst_8 : EmptyCollection DomainObject] [inst_9 : HasSubset DomainObject] [inst_10 : Union RangeObject]       [inst_11 : Inter RangeObject] [inst_12 : SDiff RangeObject] [inst_13 : EmptyCollection RangeObject]       [inst_14 : HasSubset RangeObject],       And (LRA.Set.MembershipLaws Left DomainObject) (LRA.Set.MembershipLaws Right RangeObject) →         ∀ (relation : RelationObject) (ambientDomain : DomainObject),           Eq (LRA.Set.PreimageOf relation inst_13.emptyCollection ambientDomain) inst_8.emptyCollection	∀ {Left Right Pair : Type u} {RelationObject DomainObject RangeObject : Type v}   [inst : LRA.Set.HasPairing Left Right Pair] [inst_1 : Membership Pair RelationObject]   [inst_2 : Membership Left DomainObject] [inst_3 : Membership Right RangeObject]   [inst_4 : LRA.Set.HasSeparation Left DomainObject],   And (LRA.Set.SeparationLaws Left DomainObject) (LRA.Set.ExtensionalityLaw Left DomainObject) →     ∀ [inst_5 : Union DomainObject] [inst_6 : Inter DomainObject] [inst_7 : SDiff DomainObject]       [inst_8 : EmptyCollection DomainObject] [inst_9 : HasSubset DomainObject] [inst_10 : Union RangeObject]       [inst_11 : Inter RangeObject] [inst_12 : SDiff RangeObject] [inst_13 : EmptyCollection RangeObject]       [inst_14 : HasSubset RangeObject],       And (LRA.Set.MembershipLaws Left DomainObject) (LRA.Set.MembershipLaws Right RangeObject) →         ∀ (relation : RelationObject) (ambientDomain : DomainObject),           Eq             (inst_4.1 ambientDomain fun input =>               Exists fun output => And (inst_3.1 inst_13.1 output) (inst_1.1 relation (inst.1 input output)))             inst_8.1	ok
LRA.Set.MemberOfDomainOf	LRA.Set.Interface.Laws.Relation	theorem	true	∀ {Left Right Pair : Type u} {RelationObject DomainObject : Type v} [inst : LRA.Set.HasPairing Left Right Pair]   [inst_1 : Membership Pair RelationObject] [inst_2 : Membership Left DomainObject]   [inst_3 : LRA.Set.HasSeparation Left DomainObject],   LRA.Set.SeparationLaws Left DomainObject →     ∀ (relation : RelationObject) (ambientDomain : DomainObject) (input : Left),       Iff (inst_2.mem (LRA.Set.DomainOf Right relation ambientDomain) input)         (And (inst_2.mem ambientDomain input) (Exists fun output => LRA.Set.Relates relation input output))	∀ {Left Right Pair : Type u} {RelationObject DomainObject : Type v} [inst : LRA.Set.HasPairing Left Right Pair]   [inst_1 : Membership Pair RelationObject] [inst_2 : Membership Left DomainObject]   [inst_3 : LRA.Set.HasSeparation Left DomainObject],   LRA.Set.SeparationLaws Left DomainObject →     ∀ (relation : RelationObject) (ambientDomain : DomainObject) (input : Left),       Iff         (inst_2.1 (inst_3.1 ambientDomain fun input => Exists fun output => inst_1.1 relation (inst.pair input output))           input)         (And (inst_2.1 ambientDomain input) (Exists fun output => inst_1.1 relation (inst.1 input output)))	ok
LRA.Set.MemberOfPreimageOf	LRA.Set.Interface.Laws.Relation	theorem	true	∀ {Left Right Pair : Type u} {RelationObject DomainObject RangeObject : Type v}   [inst : LRA.Set.HasPairing Left Right Pair] [inst_1 : Membership Pair RelationObject]   [inst_2 : Membership Right RangeObject] [inst_3 : Membership Left DomainObject]   [inst_4 : LRA.Set.HasSeparation Left DomainObject],   LRA.Set.SeparationLaws Left DomainObject →     ∀ (relation : RelationObject) (outputs : RangeObject) (ambientDomain : DomainObject) (input : Left),       Iff (inst_3.mem (LRA.Set.PreimageOf relation outputs ambientDomain) input)         (And (inst_3.mem ambientDomain input)           (Exists fun output => And (inst_2.mem outputs output) (LRA.Set.Relates relation input output)))	∀ {Left Right Pair : Type u} {RelationObject DomainObject RangeObject : Type v}   [inst : LRA.Set.HasPairing Left Right Pair] [inst_1 : Membership Pair RelationObject]   [inst_2 : Membership Right RangeObject] [inst_3 : Membership Left DomainObject]   [inst_4 : LRA.Set.HasSeparation Left DomainObject],   LRA.Set.SeparationLaws Left DomainObject →     ∀ (relation : RelationObject) (outputs : RangeObject) (ambientDomain : DomainObject) (input : Left),       Iff         (inst_3.1           (inst_4.1 ambientDomain fun input =>             Exists fun output => And (inst_2.1 outputs output) (inst_1.1 relation (inst.pair input output)))           input)         (And (inst_3.1 ambientDomain input)           (Exists fun output => And (inst_2.1 outputs output) (inst_1.1 relation (inst.1 input output))))	ok
LRA.Set.RelatesInverseOf	LRA.Set.Interface.Laws.Relation	theorem	true	∀ {Left Right Pair : Type u} {RelationObject : Type v} {ReversedPair : Type u} {ReversedObject : Type v}   [inst : LRA.Set.HasPairing Left Right Pair] [inst_1 : LRA.Set.HasPairing Right Left ReversedPair]   [inst_2 : Membership Pair RelationObject] [inst_3 : Membership ReversedPair ReversedObject]   [inst_4 : LRA.Set.HasSeparation ReversedPair ReversedObject],   And (LRA.Set.SeparationLaws ReversedPair ReversedObject) (LRA.Set.PairingLaws Right Left ReversedPair) →     ∀ (relation : RelationObject) (ambientReversed : ReversedObject) (input : Left) (output : Right),       Iff (LRA.Set.Relates (LRA.Set.InverseOf Left Right relation ambientReversed) output input)         (And (inst_3.mem ambientReversed (LRA.Set.OrderedPair output input)) (LRA.Set.Relates relation input output))	∀ {Left Right Pair : Type u} {RelationObject : Type v} {ReversedPair : Type u} {ReversedObject : Type v}   [inst : LRA.Set.HasPairing Left Right Pair] [inst_1 : LRA.Set.HasPairing Right Left ReversedPair]   [inst_2 : Membership Pair RelationObject] [inst_3 : Membership ReversedPair ReversedObject]   [inst_4 : LRA.Set.HasSeparation ReversedPair ReversedObject],   And (LRA.Set.SeparationLaws ReversedPair ReversedObject) (LRA.Set.PairingLaws Right Left ReversedPair) →     ∀ (relation : RelationObject) (ambientReversed : ReversedObject) (input : Left) (output : Right),       Iff         (inst_3.1           (inst_4.1 ambientReversed fun reversed =>             Exists fun input =>               Exists fun output =>                 And (Eq reversed (inst_1.1 output input)) (inst_2.1 relation (LRA.Set.OrderedPair input output)))           (inst_1.1 output input))         (And (inst_3.1 ambientReversed (inst_1.1 output input)) (inst_2.1 relation (inst.1 input output)))	ok
LRA.Set.PreimageOfCompositionMonotone	LRA.Set.Interface.Laws.Relation	theorem	true	∀ {Left Right Pair : Type u} {RelationObject DomainObject RangeObject : Type v}   [inst : LRA.Set.HasPairing Left Right Pair] [inst_1 : Membership Pair RelationObject]   (a : Membership Left DomainObject) [inst_2 : Membership Right RangeObject]   [inst_3 : LRA.Set.HasSeparation Left DomainObject] [inst_4 : HasSubset DomainObject] [inst_5 : HasSubset RangeObject]   (composite : RelationObject) (smaller larger : RangeObject) (ambientDomain : DomainObject),   inst_5.Subset smaller larger →     inst_4.Subset (LRA.Set.PreimageOf composite smaller ambientDomain)       (LRA.Set.PreimageOf composite larger ambientDomain)	∀ {Left Right Pair : Type u} {RelationObject DomainObject RangeObject : Type v}   [inst : LRA.Set.HasPairing Left Right Pair] [inst_1 : Membership Pair RelationObject]   (a : Membership Left DomainObject) [inst_2 : Membership Right RangeObject]   [inst_3 : LRA.Set.HasSeparation Left DomainObject] [inst_4 : HasSubset DomainObject] [inst_5 : HasSubset RangeObject]   (composite : RelationObject) (smaller larger : RangeObject) (ambientDomain : DomainObject),   inst_5.1 smaller larger →     inst_4.1       (inst_3.1 ambientDomain fun input =>         Exists fun output => And (inst_2.1 smaller output) (inst_1.1 composite (inst.pair input output)))       (inst_3.1 ambientDomain fun input =>         Exists fun output => And (inst_2.1 larger output) (inst_1.1 composite (inst.pair input output)))	ok
LRA.Set.RelatesIntersection	LRA.Set.Interface.Laws.Relation	theorem	true	∀ {Left Right Pair : Type u} {RelationObject : Type v} [inst : LRA.Set.HasPairing Left Right Pair]   [inst_1 : Membership Pair RelationObject] [inst_2 : Union RelationObject] [inst_3 : Inter RelationObject]   [inst_4 : SDiff RelationObject] [inst_5 : EmptyCollection RelationObject] [inst_6 : HasSubset RelationObject],   LRA.Set.MembershipLaws Pair RelationObject →     ∀ (first second : RelationObject) (input : Left) (output : Right),       Iff (LRA.Set.Relates (inst_3.inter first second) input output)         (And (LRA.Set.Relates first input output) (LRA.Set.Relates second input output))	∀ {Left Right Pair : Type u} {RelationObject : Type v} [inst : LRA.Set.HasPairing Left Right Pair]   [inst_1 : Membership Pair RelationObject] [inst_2 : Union RelationObject] [inst_3 : Inter RelationObject]   [inst_4 : SDiff RelationObject] [inst_5 : EmptyCollection RelationObject] [inst_6 : HasSubset RelationObject],   LRA.Set.MembershipLaws Pair RelationObject →     ∀ (first second : RelationObject) (input : Left) (output : Right),       Iff (inst_1.1 (inst_3.1 first second) (inst.1 input output))         (And (inst_1.1 first (inst.1 input output)) (inst_1.1 second (inst.1 input output)))	ok
LRA.Set.CartesianProductOfMonotoneLeft	LRA.Set.Interface.Laws.CartesianProduct	theorem	true	∀ {Left Right Pair : Type u} {DomainObject RangeObject RelationObject : Type v}   [inst : LRA.Set.HasPairing Left Right Pair] [inst_1 : LRA.Set.HasSeparation Pair RelationObject]   [inst_2 : Membership Left DomainObject] [inst_3 : Membership Right RangeObject]   [inst_4 : Membership Pair RelationObject],   And (LRA.Set.SeparationLaws Pair RelationObject) (LRA.Set.PairingLaws Left Right Pair) →     ∀ [inst_5 : Union DomainObject] [inst_6 : Inter DomainObject] [inst_7 : SDiff DomainObject]       [inst_8 : EmptyCollection DomainObject] [inst_9 : HasSubset DomainObject] [inst_10 : Union RangeObject]       [inst_11 : Inter RangeObject] [inst_12 : SDiff RangeObject] [inst_13 : EmptyCollection RangeObject]       [inst_14 : HasSubset RangeObject] [inst_15 : Union RelationObject] [inst_16 : Inter RelationObject]       [inst_17 : SDiff RelationObject] [inst_18 : EmptyCollection RelationObject] [inst_19 : HasSubset RelationObject],       And (LRA.Set.MembershipLaws Left DomainObject)           (And (LRA.Set.MembershipLaws Right RangeObject) (LRA.Set.MembershipLaws Pair RelationObject)) →         ∀ (smaller larger : DomainObject) (right : RangeObject) (ambientPairs : RelationObject),           inst_9.Subset smaller larger →             inst_19.Subset (LRA.Set.CartesianProductOf smaller right ambientPairs)               (LRA.Set.CartesianProductOf larger right ambientPairs)	∀ {Left Right Pair : Type u} {DomainObject RangeObject RelationObject : Type v}   [inst : LRA.Set.HasPairing Left Right Pair] [inst_1 : LRA.Set.HasSeparation Pair RelationObject]   [inst_2 : Membership Left DomainObject] [inst_3 : Membership Right RangeObject]   [inst_4 : Membership Pair RelationObject],   And (LRA.Set.SeparationLaws Pair RelationObject) (LRA.Set.PairingLaws Left Right Pair) →     ∀ [inst_5 : Union DomainObject] [inst_6 : Inter DomainObject] [inst_7 : SDiff DomainObject]       [inst_8 : EmptyCollection DomainObject] [inst_9 : HasSubset DomainObject] [inst_10 : Union RangeObject]       [inst_11 : Inter RangeObject] [inst_12 : SDiff RangeObject] [inst_13 : EmptyCollection RangeObject]       [inst_14 : HasSubset RangeObject] [inst_15 : Union RelationObject] [inst_16 : Inter RelationObject]       [inst_17 : SDiff RelationObject] [inst_18 : EmptyCollection RelationObject] [inst_19 : HasSubset RelationObject],       And (LRA.Set.MembershipLaws Left DomainObject)           (And (LRA.Set.MembershipLaws Right RangeObject) (LRA.Set.MembershipLaws Pair RelationObject)) →         ∀ (smaller larger : DomainObject) (right : RangeObject) (ambientPairs : RelationObject),           inst_9.1 smaller larger →             inst_19.1               (inst_1.1 ambientPairs fun member =>                 Exists fun a =>                   Exists fun b => And (Eq member (inst.1 a b)) (And (inst_2.1 smaller a) (inst_3.1 right b)))               (inst_1.1 ambientPairs fun member =>                 Exists fun a =>                   Exists fun b => And (Eq member (inst.1 a b)) (And (inst_2.1 larger a) (inst_3.1 right b)))	ok
LRA.Set.CartesianProductOfUnionRight	LRA.Set.Interface.Laws.CartesianProduct	theorem	true	∀ {Left Right Pair : Type u} {DomainObject RangeObject RelationObject : Type v}   [inst : LRA.Set.HasPairing Left Right Pair] [inst_1 : LRA.Set.HasSeparation Pair RelationObject]   [inst_2 : Membership Left DomainObject] [inst_3 : Membership Right RangeObject]   [inst_4 : Membership Pair RelationObject],   And (LRA.Set.SeparationLaws Pair RelationObject) (LRA.Set.PairingLaws Left Right Pair) →     ∀ [inst_5 : Union DomainObject] [inst_6 : Inter DomainObject] [inst_7 : SDiff DomainObject]       [inst_8 : EmptyCollection DomainObject] [inst_9 : HasSubset DomainObject] [inst_10 : Union RangeObject]       [inst_11 : Inter RangeObject] [inst_12 : SDiff RangeObject] [inst_13 : EmptyCollection RangeObject]       [inst_14 : HasSubset RangeObject] [inst_15 : Union RelationObject] [inst_16 : Inter RelationObject]       [inst_17 : SDiff RelationObject] [inst_18 : EmptyCollection RelationObject] [inst_19 : HasSubset RelationObject],       And (LRA.Set.MembershipLaws Left DomainObject)           (And (LRA.Set.MembershipLaws Right RangeObject) (LRA.Set.MembershipLaws Pair RelationObject)) →         ∀ (left : DomainObject) (right right' : RangeObject) (ambientPairs : RelationObject),           Eq (LRA.Set.CartesianProductOf left (inst_10.union right right') ambientPairs)             (inst_15.union (LRA.Set.CartesianProductOf left right ambientPairs)               (LRA.Set.CartesianProductOf left right' ambientPairs))	∀ {Left Right Pair : Type u} {DomainObject RangeObject RelationObject : Type v}   [inst : LRA.Set.HasPairing Left Right Pair] [inst_1 : LRA.Set.HasSeparation Pair RelationObject]   [inst_2 : Membership Left DomainObject] [inst_3 : Membership Right RangeObject]   [inst_4 : Membership Pair RelationObject],   And (LRA.Set.SeparationLaws Pair RelationObject) (LRA.Set.PairingLaws Left Right Pair) →     ∀ [inst_5 : Union DomainObject] [inst_6 : Inter DomainObject] [inst_7 : SDiff DomainObject]       [inst_8 : EmptyCollection DomainObject] [inst_9 : HasSubset DomainObject] [inst_10 : Union RangeObject]       [inst_11 : Inter RangeObject] [inst_12 : SDiff RangeObject] [inst_13 : EmptyCollection RangeObject]       [inst_14 : HasSubset RangeObject] [inst_15 : Union RelationObject] [inst_16 : Inter RelationObject]       [inst_17 : SDiff RelationObject] [inst_18 : EmptyCollection RelationObject] [inst_19 : HasSubset RelationObject],       And (LRA.Set.MembershipLaws Left DomainObject)           (And (LRA.Set.MembershipLaws Right RangeObject) (LRA.Set.MembershipLaws Pair RelationObject)) →         ∀ (left : DomainObject) (right right' : RangeObject) (ambientPairs : RelationObject),           Eq             (inst_1.1 ambientPairs fun member =>               Exists fun a =>                 Exists fun b =>                   And (Eq member (inst.1 a b)) (And (inst_2.1 left a) (inst_3.1 (inst_10.1 right right') b)))             (inst_15.1               (inst_1.1 ambientPairs fun member =>                 Exists fun a => Exists fun b => And (Eq member (inst.1 a b)) (And (inst_2.1 left a) (inst_3.1 right b)))               (inst_1.1 ambientPairs fun member =>                 Exists fun a =>                   Exists fun b => And (Eq member (inst.1 a b)) (And (inst_2.1 left a) (inst_3.1 right' b))))	ok
LRA.Set.CartesianProductOfIsPairwise	LRA.Set.Interface.Laws.CartesianProduct	theorem	true	∀ {Left Right Pair : Type u} {DomainObject RangeObject RelationObject : Type v}   [inst : LRA.Set.HasPairing Left Right Pair] [inst_1 : LRA.Set.HasSeparation Pair RelationObject]   [inst_2 : Membership Left DomainObject] [inst_3 : Membership Right RangeObject]   [inst_4 : Membership Pair RelationObject],   And (LRA.Set.SeparationLaws Pair RelationObject) (LRA.Set.PairingLaws Left Right Pair) →     ∀ (left : DomainObject) (right : RangeObject) (ambientPairs : RelationObject),       LRA.Set.IsPairwise Left Right (LRA.Set.CartesianProductOf left right ambientPairs)	∀ {Left Right Pair : Type u} {DomainObject RangeObject RelationObject : Type v}   [inst : LRA.Set.HasPairing Left Right Pair] [inst_1 : LRA.Set.HasSeparation Pair RelationObject]   [inst_2 : Membership Left DomainObject] [inst_3 : Membership Right RangeObject]   [inst_4 : Membership Pair RelationObject],   And (LRA.Set.SeparationLaws Pair RelationObject) (LRA.Set.PairingLaws Left Right Pair) →     ∀ (left : DomainObject) (right : RangeObject) (ambientPairs : RelationObject) (member : Pair),       inst_4.1           (inst_1.1 ambientPairs fun member =>             Exists fun a => Exists fun b => And (Eq member (inst.1 a b)) (And (inst_2.1 left a) (inst_3.1 right b)))           member →         Exists fun input => Exists fun output => Eq member (inst.1 input output)	ok
LRA.Set.CartesianProductOfEmptyRight	LRA.Set.Interface.Laws.CartesianProduct	theorem	true	∀ {Left Right Pair : Type u} {DomainObject RangeObject RelationObject : Type v}   [inst : LRA.Set.HasPairing Left Right Pair] [inst_1 : LRA.Set.HasSeparation Pair RelationObject]   [inst_2 : Membership Left DomainObject] [inst_3 : Membership Right RangeObject]   [inst_4 : Membership Pair RelationObject],   And (LRA.Set.SeparationLaws Pair RelationObject) (LRA.Set.PairingLaws Left Right Pair) →     ∀ [inst_5 : Union DomainObject] [inst_6 : Inter DomainObject] [inst_7 : SDiff DomainObject]       [inst_8 : EmptyCollection DomainObject] [inst_9 : HasSubset DomainObject] [inst_10 : Union RangeObject]       [inst_11 : Inter RangeObject] [inst_12 : SDiff RangeObject] [inst_13 : EmptyCollection RangeObject]       [inst_14 : HasSubset RangeObject] [inst_15 : Union RelationObject] [inst_16 : Inter RelationObject]       [inst_17 : SDiff RelationObject] [inst_18 : EmptyCollection RelationObject] [inst_19 : HasSubset RelationObject],       And (LRA.Set.MembershipLaws Left DomainObject)           (And (LRA.Set.MembershipLaws Right RangeObject) (LRA.Set.MembershipLaws Pair RelationObject)) →         ∀ (left : DomainObject) (ambientPairs : RelationObject),           Eq (LRA.Set.CartesianProductOf left inst_13.emptyCollection ambientPairs) inst_18.emptyCollection	∀ {Left Right Pair : Type u} {DomainObject RangeObject RelationObject : Type v}   [inst : LRA.Set.HasPairing Left Right Pair] [inst_1 : LRA.Set.HasSeparation Pair RelationObject]   [inst_2 : Membership Left DomainObject] [inst_3 : Membership Right RangeObject]   [inst_4 : Membership Pair RelationObject],   And (LRA.Set.SeparationLaws Pair RelationObject) (LRA.Set.PairingLaws Left Right Pair) →     ∀ [inst_5 : Union DomainObject] [inst_6 : Inter DomainObject] [inst_7 : SDiff DomainObject]       [inst_8 : EmptyCollection DomainObject] [inst_9 : HasSubset DomainObject] [inst_10 : Union RangeObject]       [inst_11 : Inter RangeObject] [inst_12 : SDiff RangeObject] [inst_13 : EmptyCollection RangeObject]       [inst_14 : HasSubset RangeObject] [inst_15 : Union RelationObject] [inst_16 : Inter RelationObject]       [inst_17 : SDiff RelationObject] [inst_18 : EmptyCollection RelationObject] [inst_19 : HasSubset RelationObject],       And (LRA.Set.MembershipLaws Left DomainObject)           (And (LRA.Set.MembershipLaws Right RangeObject) (LRA.Set.MembershipLaws Pair RelationObject)) →         ∀ (left : DomainObject) (ambientPairs : RelationObject),           Eq             (inst_1.1 ambientPairs fun member =>               Exists fun a =>                 Exists fun b => And (Eq member (inst.1 a b)) (And (inst_2.1 left a) (inst_3.1 inst_13.1 b)))             inst_18.1	ok
LRA.Set.CartesianProductOfCongr	LRA.Set.Interface.Laws.CartesianProduct	theorem	true	∀ {Left Right Pair : Type u} {DomainObject RangeObject RelationObject : Type v}   [inst : LRA.Set.HasPairing Left Right Pair] [inst_1 : LRA.Set.HasSeparation Pair RelationObject]   [inst_2 : Membership Left DomainObject] [inst_3 : Membership Right RangeObject]   [inst_4 : Membership Pair RelationObject],   And (LRA.Set.SeparationLaws Pair RelationObject) (LRA.Set.PairingLaws Left Right Pair) →     ∀ [inst_5 : Union DomainObject] [inst_6 : Inter DomainObject] [inst_7 : SDiff DomainObject]       [inst_8 : EmptyCollection DomainObject] [inst_9 : HasSubset DomainObject] [inst_10 : Union RangeObject]       [inst_11 : Inter RangeObject] [inst_12 : SDiff RangeObject] [inst_13 : EmptyCollection RangeObject]       [inst_14 : HasSubset RangeObject] [inst_15 : Union RelationObject] [inst_16 : Inter RelationObject]       [inst_17 : SDiff RelationObject] [inst_18 : EmptyCollection RelationObject] [inst_19 : HasSubset RelationObject],       And (LRA.Set.MembershipLaws Left DomainObject)           (And (LRA.Set.MembershipLaws Right RangeObject) (LRA.Set.MembershipLaws Pair RelationObject)) →         ∀ (leftFirst leftSecond : DomainObject) (rightFirst rightSecond : RangeObject) (ambientPairs : RelationObject),           And (∀ (a : Left), Iff (inst_2.mem leftFirst a) (inst_2.mem leftSecond a))               (∀ (b : Right), Iff (inst_3.mem rightFirst b) (inst_3.mem rightSecond b)) →             Eq (LRA.Set.CartesianProductOf leftFirst rightFirst ambientPairs)               (LRA.Set.CartesianProductOf leftSecond rightSecond ambientPairs)	∀ {Left Right Pair : Type u} {DomainObject RangeObject RelationObject : Type v}   [inst : LRA.Set.HasPairing Left Right Pair] [inst_1 : LRA.Set.HasSeparation Pair RelationObject]   [inst_2 : Membership Left DomainObject] [inst_3 : Membership Right RangeObject]   [inst_4 : Membership Pair RelationObject],   And (LRA.Set.SeparationLaws Pair RelationObject) (LRA.Set.PairingLaws Left Right Pair) →     ∀ [inst_5 : Union DomainObject] [inst_6 : Inter DomainObject] [inst_7 : SDiff DomainObject]       [inst_8 : EmptyCollection DomainObject] [inst_9 : HasSubset DomainObject] [inst_10 : Union RangeObject]       [inst_11 : Inter RangeObject] [inst_12 : SDiff RangeObject] [inst_13 : EmptyCollection RangeObject]       [inst_14 : HasSubset RangeObject] [inst_15 : Union RelationObject] [inst_16 : Inter RelationObject]       [inst_17 : SDiff RelationObject] [inst_18 : EmptyCollection RelationObject] [inst_19 : HasSubset RelationObject],       And (LRA.Set.MembershipLaws Left DomainObject)           (And (LRA.Set.MembershipLaws Right RangeObject) (LRA.Set.MembershipLaws Pair RelationObject)) →         ∀ (leftFirst leftSecond : DomainObject) (rightFirst rightSecond : RangeObject) (ambientPairs : RelationObject),           And (∀ (a : Left), Iff (inst_2.1 leftFirst a) (inst_2.1 leftSecond a))               (∀ (b : Right), Iff (inst_3.1 rightFirst b) (inst_3.1 rightSecond b)) →             Eq               (inst_1.1 ambientPairs fun member =>                 Exists fun a =>                   Exists fun b => And (Eq member (inst.1 a b)) (And (inst_2.1 leftFirst a) (inst_3.1 rightFirst b)))               (inst_1.1 ambientPairs fun member =>                 Exists fun a =>                   Exists fun b => And (Eq member (inst.1 a b)) (And (inst_2.1 leftSecond a) (inst_3.1 rightSecond b)))	ok
LRA.Set.CartesianProductOfSubsetAmbient	LRA.Set.Interface.Laws.CartesianProduct	theorem	true	∀ {Left Right Pair : Type u} {DomainObject RangeObject RelationObject : Type v}   [inst : LRA.Set.HasPairing Left Right Pair] [inst_1 : LRA.Set.HasSeparation Pair RelationObject]   [inst_2 : Membership Left DomainObject] [inst_3 : Membership Right RangeObject]   [inst_4 : Membership Pair RelationObject],   And (LRA.Set.SeparationLaws Pair RelationObject) (LRA.Set.PairingLaws Left Right Pair) →     ∀ [inst_5 : Union DomainObject] [inst_6 : Inter DomainObject] [inst_7 : SDiff DomainObject]       [inst_8 : EmptyCollection DomainObject] [inst_9 : HasSubset DomainObject] [inst_10 : Union RangeObject]       [inst_11 : Inter RangeObject] [inst_12 : SDiff RangeObject] [inst_13 : EmptyCollection RangeObject]       [inst_14 : HasSubset RangeObject] [inst_15 : Union RelationObject] [inst_16 : Inter RelationObject]       [inst_17 : SDiff RelationObject] [inst_18 : EmptyCollection RelationObject] [inst_19 : HasSubset RelationObject],       And (LRA.Set.MembershipLaws Left DomainObject)           (And (LRA.Set.MembershipLaws Right RangeObject) (LRA.Set.MembershipLaws Pair RelationObject)) →         ∀ (left : DomainObject) (right : RangeObject) (ambientPairs : RelationObject),           inst_19.Subset (LRA.Set.CartesianProductOf left right ambientPairs) ambientPairs	∀ {Left Right Pair : Type u} {DomainObject RangeObject RelationObject : Type v}   [inst : LRA.Set.HasPairing Left Right Pair] [inst_1 : LRA.Set.HasSeparation Pair RelationObject]   [inst_2 : Membership Left DomainObject] [inst_3 : Membership Right RangeObject]   [inst_4 : Membership Pair RelationObject],   And (LRA.Set.SeparationLaws Pair RelationObject) (LRA.Set.PairingLaws Left Right Pair) →     ∀ [inst_5 : Union DomainObject] [inst_6 : Inter DomainObject] [inst_7 : SDiff DomainObject]       [inst_8 : EmptyCollection DomainObject] [inst_9 : HasSubset DomainObject] [inst_10 : Union RangeObject]       [inst_11 : Inter RangeObject] [inst_12 : SDiff RangeObject] [inst_13 : EmptyCollection RangeObject]       [inst_14 : HasSubset RangeObject] [inst_15 : Union RelationObject] [inst_16 : Inter RelationObject]       [inst_17 : SDiff RelationObject] [inst_18 : EmptyCollection RelationObject] [inst_19 : HasSubset RelationObject],       And (LRA.Set.MembershipLaws Left DomainObject)           (And (LRA.Set.MembershipLaws Right RangeObject) (LRA.Set.MembershipLaws Pair RelationObject)) →         ∀ (left : DomainObject) (right : RangeObject) (ambientPairs : RelationObject),           inst_19.1             (inst_1.1 ambientPairs fun member =>               Exists fun a => Exists fun b => And (Eq member (inst.1 a b)) (And (inst_2.1 left a) (inst_3.1 right b)))             ambientPairs	ok
LRA.Set.CartesianProductOfIntersectionLeft	LRA.Set.Interface.Laws.CartesianProduct	theorem	true	∀ {Left Right Pair : Type u} {DomainObject RangeObject RelationObject : Type v}   [inst : LRA.Set.HasPairing Left Right Pair] [inst_1 : LRA.Set.HasSeparation Pair RelationObject]   [inst_2 : Membership Left DomainObject] [inst_3 : Membership Right RangeObject]   [inst_4 : Membership Pair RelationObject],   And (LRA.Set.SeparationLaws Pair RelationObject) (LRA.Set.PairingLaws Left Right Pair) →     ∀ [inst_5 : Union DomainObject] [inst_6 : Inter DomainObject] [inst_7 : SDiff DomainObject]       [inst_8 : EmptyCollection DomainObject] [inst_9 : HasSubset DomainObject] [inst_10 : Union RangeObject]       [inst_11 : Inter RangeObject] [inst_12 : SDiff RangeObject] [inst_13 : EmptyCollection RangeObject]       [inst_14 : HasSubset RangeObject] [inst_15 : Union RelationObject] [inst_16 : Inter RelationObject]       [inst_17 : SDiff RelationObject] [inst_18 : EmptyCollection RelationObject] [inst_19 : HasSubset RelationObject],       And (LRA.Set.MembershipLaws Left DomainObject)           (And (LRA.Set.MembershipLaws Right RangeObject) (LRA.Set.MembershipLaws Pair RelationObject)) →         ∀ (left left' : DomainObject) (right : RangeObject) (ambientPairs : RelationObject),           Eq (LRA.Set.CartesianProductOf (inst_6.inter left left') right ambientPairs)             (inst_16.inter (LRA.Set.CartesianProductOf left right ambientPairs)               (LRA.Set.CartesianProductOf left' right ambientPairs))	∀ {Left Right Pair : Type u} {DomainObject RangeObject RelationObject : Type v}   [inst : LRA.Set.HasPairing Left Right Pair] [inst_1 : LRA.Set.HasSeparation Pair RelationObject]   [inst_2 : Membership Left DomainObject] [inst_3 : Membership Right RangeObject]   [inst_4 : Membership Pair RelationObject],   And (LRA.Set.SeparationLaws Pair RelationObject) (LRA.Set.PairingLaws Left Right Pair) →     ∀ [inst_5 : Union DomainObject] [inst_6 : Inter DomainObject] [inst_7 : SDiff DomainObject]       [inst_8 : EmptyCollection DomainObject] [inst_9 : HasSubset DomainObject] [inst_10 : Union RangeObject]       [inst_11 : Inter RangeObject] [inst_12 : SDiff RangeObject] [inst_13 : EmptyCollection RangeObject]       [inst_14 : HasSubset RangeObject] [inst_15 : Union RelationObject] [inst_16 : Inter RelationObject]       [inst_17 : SDiff RelationObject] [inst_18 : EmptyCollection RelationObject] [inst_19 : HasSubset RelationObject],       And (LRA.Set.MembershipLaws Left DomainObject)           (And (LRA.Set.MembershipLaws Right RangeObject) (LRA.Set.MembershipLaws Pair RelationObject)) →         ∀ (left left' : DomainObject) (right : RangeObject) (ambientPairs : RelationObject),           Eq             (inst_1.1 ambientPairs fun member =>               Exists fun a =>                 Exists fun b =>                   And (Eq member (inst.1 a b)) (And (inst_2.1 (inst_6.1 left left') a) (inst_3.1 right b)))             (inst_16.1               (inst_1.1 ambientPairs fun member =>                 Exists fun a => Exists fun b => And (Eq member (inst.1 a b)) (And (inst_2.1 left a) (inst_3.1 right b)))               (inst_1.1 ambientPairs fun member =>                 Exists fun a =>                   Exists fun b => And (Eq member (inst.1 a b)) (And (inst_2.1 left' a) (inst_3.1 right b))))	ok
LRA.Set.CartesianProductOfEmptyLeft	LRA.Set.Interface.Laws.CartesianProduct	theorem	true	∀ {Left Right Pair : Type u} {DomainObject RangeObject RelationObject : Type v}   [inst : LRA.Set.HasPairing Left Right Pair] [inst_1 : LRA.Set.HasSeparation Pair RelationObject]   [inst_2 : Membership Left DomainObject] [inst_3 : Membership Right RangeObject]   [inst_4 : Membership Pair RelationObject],   And (LRA.Set.SeparationLaws Pair RelationObject) (LRA.Set.PairingLaws Left Right Pair) →     ∀ [inst_5 : Union DomainObject] [inst_6 : Inter DomainObject] [inst_7 : SDiff DomainObject]       [inst_8 : EmptyCollection DomainObject] [inst_9 : HasSubset DomainObject] [inst_10 : Union RangeObject]       [inst_11 : Inter RangeObject] [inst_12 : SDiff RangeObject] [inst_13 : EmptyCollection RangeObject]       [inst_14 : HasSubset RangeObject] [inst_15 : Union RelationObject] [inst_16 : Inter RelationObject]       [inst_17 : SDiff RelationObject] [inst_18 : EmptyCollection RelationObject] [inst_19 : HasSubset RelationObject],       And (LRA.Set.MembershipLaws Left DomainObject)           (And (LRA.Set.MembershipLaws Right RangeObject) (LRA.Set.MembershipLaws Pair RelationObject)) →         ∀ (right : RangeObject) (ambientPairs : RelationObject),           Eq (LRA.Set.CartesianProductOf inst_8.emptyCollection right ambientPairs) inst_18.emptyCollection	∀ {Left Right Pair : Type u} {DomainObject RangeObject RelationObject : Type v}   [inst : LRA.Set.HasPairing Left Right Pair] [inst_1 : LRA.Set.HasSeparation Pair RelationObject]   [inst_2 : Membership Left DomainObject] [inst_3 : Membership Right RangeObject]   [inst_4 : Membership Pair RelationObject],   And (LRA.Set.SeparationLaws Pair RelationObject) (LRA.Set.PairingLaws Left Right Pair) →     ∀ [inst_5 : Union DomainObject] [inst_6 : Inter DomainObject] [inst_7 : SDiff DomainObject]       [inst_8 : EmptyCollection DomainObject] [inst_9 : HasSubset DomainObject] [inst_10 : Union RangeObject]       [inst_11 : Inter RangeObject] [inst_12 : SDiff RangeObject] [inst_13 : EmptyCollection RangeObject]       [inst_14 : HasSubset RangeObject] [inst_15 : Union RelationObject] [inst_16 : Inter RelationObject]       [inst_17 : SDiff RelationObject] [inst_18 : EmptyCollection RelationObject] [inst_19 : HasSubset RelationObject],       And (LRA.Set.MembershipLaws Left DomainObject)           (And (LRA.Set.MembershipLaws Right RangeObject) (LRA.Set.MembershipLaws Pair RelationObject)) →         ∀ (right : RangeObject) (ambientPairs : RelationObject),           Eq             (inst_1.1 ambientPairs fun member =>               Exists fun a =>                 Exists fun b => And (Eq member (inst.1 a b)) (And (inst_2.1 inst_8.1 a) (inst_3.1 right b)))             inst_18.1	ok
LRA.Set.IntersectionOfCartesianProducts	LRA.Set.Interface.Laws.CartesianProduct	theorem	true	∀ {Left Right Pair : Type u} {DomainObject RangeObject RelationObject : Type v}   [inst : LRA.Set.HasPairing Left Right Pair] [inst_1 : LRA.Set.HasSeparation Pair RelationObject]   [inst_2 : Membership Left DomainObject] [inst_3 : Membership Right RangeObject]   [inst_4 : Membership Pair RelationObject],   And (LRA.Set.SeparationLaws Pair RelationObject) (LRA.Set.PairingLaws Left Right Pair) →     ∀ [inst_5 : Union DomainObject] [inst_6 : Inter DomainObject] [inst_7 : SDiff DomainObject]       [inst_8 : EmptyCollection DomainObject] [inst_9 : HasSubset DomainObject] [inst_10 : Union RangeObject]       [inst_11 : Inter RangeObject] [inst_12 : SDiff RangeObject] [inst_13 : EmptyCollection RangeObject]       [inst_14 : HasSubset RangeObject] [inst_15 : Union RelationObject] [inst_16 : Inter RelationObject]       [inst_17 : SDiff RelationObject] [inst_18 : EmptyCollection RelationObject] [inst_19 : HasSubset RelationObject],       And (LRA.Set.MembershipLaws Left DomainObject)           (And (LRA.Set.MembershipLaws Right RangeObject) (LRA.Set.MembershipLaws Pair RelationObject)) →         ∀ (leftFirst leftSecond : DomainObject) (rightFirst rightSecond : RangeObject) (ambientPairs : RelationObject),           Eq             (inst_16.inter (LRA.Set.CartesianProductOf leftFirst rightFirst ambientPairs)               (LRA.Set.CartesianProductOf leftSecond rightSecond ambientPairs))             (LRA.Set.CartesianProductOf (inst_6.inter leftFirst leftSecond) (inst_11.inter rightFirst rightSecond)               ambientPairs)	∀ {Left Right Pair : Type u} {DomainObject RangeObject RelationObject : Type v}   [inst : LRA.Set.HasPairing Left Right Pair] [inst_1 : LRA.Set.HasSeparation Pair RelationObject]   [inst_2 : Membership Left DomainObject] [inst_3 : Membership Right RangeObject]   [inst_4 : Membership Pair RelationObject],   And (LRA.Set.SeparationLaws Pair RelationObject) (LRA.Set.PairingLaws Left Right Pair) →     ∀ [inst_5 : Union DomainObject] [inst_6 : Inter DomainObject] [inst_7 : SDiff DomainObject]       [inst_8 : EmptyCollection DomainObject] [inst_9 : HasSubset DomainObject] [inst_10 : Union RangeObject]       [inst_11 : Inter RangeObject] [inst_12 : SDiff RangeObject] [inst_13 : EmptyCollection RangeObject]       [inst_14 : HasSubset RangeObject] [inst_15 : Union RelationObject] [inst_16 : Inter RelationObject]       [inst_17 : SDiff RelationObject] [inst_18 : EmptyCollection RelationObject] [inst_19 : HasSubset RelationObject],       And (LRA.Set.MembershipLaws Left DomainObject)           (And (LRA.Set.MembershipLaws Right RangeObject) (LRA.Set.MembershipLaws Pair RelationObject)) →         ∀ (leftFirst leftSecond : DomainObject) (rightFirst rightSecond : RangeObject) (ambientPairs : RelationObject),           Eq             (inst_16.1               (inst_1.1 ambientPairs fun member =>                 Exists fun a =>                   Exists fun b => And (Eq member (inst.1 a b)) (And (inst_2.1 leftFirst a) (inst_3.1 rightFirst b)))               (inst_1.1 ambientPairs fun member =>                 Exists fun a =>                   Exists fun b => And (Eq member (inst.1 a b)) (And (inst_2.1 leftSecond a) (inst_3.1 rightSecond b))))             (inst_1.1 ambientPairs fun member =>               Exists fun a =>                 Exists fun b =>                   And (Eq member (inst.1 a b))                     (And (inst_2.1 (inst_6.1 leftFirst leftSecond) a) (inst_3.1 (inst_11.1 rightFirst rightSecond) b)))	ok
LRA.Set.CartesianProductOfUnionLeft	LRA.Set.Interface.Laws.CartesianProduct	theorem	true	∀ {Left Right Pair : Type u} {DomainObject RangeObject RelationObject : Type v}   [inst : LRA.Set.HasPairing Left Right Pair] [inst_1 : LRA.Set.HasSeparation Pair RelationObject]   [inst_2 : Membership Left DomainObject] [inst_3 : Membership Right RangeObject]   [inst_4 : Membership Pair RelationObject],   And (LRA.Set.SeparationLaws Pair RelationObject) (LRA.Set.PairingLaws Left Right Pair) →     ∀ [inst_5 : Union DomainObject] [inst_6 : Inter DomainObject] [inst_7 : SDiff DomainObject]       [inst_8 : EmptyCollection DomainObject] [inst_9 : HasSubset DomainObject] [inst_10 : Union RangeObject]       [inst_11 : Inter RangeObject] [inst_12 : SDiff RangeObject] [inst_13 : EmptyCollection RangeObject]       [inst_14 : HasSubset RangeObject] [inst_15 : Union RelationObject] [inst_16 : Inter RelationObject]       [inst_17 : SDiff RelationObject] [inst_18 : EmptyCollection RelationObject] [inst_19 : HasSubset RelationObject],       And (LRA.Set.MembershipLaws Left DomainObject)           (And (LRA.Set.MembershipLaws Right RangeObject) (LRA.Set.MembershipLaws Pair RelationObject)) →         ∀ (left left' : DomainObject) (right : RangeObject) (ambientPairs : RelationObject),           Eq (LRA.Set.CartesianProductOf (inst_5.union left left') right ambientPairs)             (inst_15.union (LRA.Set.CartesianProductOf left right ambientPairs)               (LRA.Set.CartesianProductOf left' right ambientPairs))	∀ {Left Right Pair : Type u} {DomainObject RangeObject RelationObject : Type v}   [inst : LRA.Set.HasPairing Left Right Pair] [inst_1 : LRA.Set.HasSeparation Pair RelationObject]   [inst_2 : Membership Left DomainObject] [inst_3 : Membership Right RangeObject]   [inst_4 : Membership Pair RelationObject],   And (LRA.Set.SeparationLaws Pair RelationObject) (LRA.Set.PairingLaws Left Right Pair) →     ∀ [inst_5 : Union DomainObject] [inst_6 : Inter DomainObject] [inst_7 : SDiff DomainObject]       [inst_8 : EmptyCollection DomainObject] [inst_9 : HasSubset DomainObject] [inst_10 : Union RangeObject]       [inst_11 : Inter RangeObject] [inst_12 : SDiff RangeObject] [inst_13 : EmptyCollection RangeObject]       [inst_14 : HasSubset RangeObject] [inst_15 : Union RelationObject] [inst_16 : Inter RelationObject]       [inst_17 : SDiff RelationObject] [inst_18 : EmptyCollection RelationObject] [inst_19 : HasSubset RelationObject],       And (LRA.Set.MembershipLaws Left DomainObject)           (And (LRA.Set.MembershipLaws Right RangeObject) (LRA.Set.MembershipLaws Pair RelationObject)) →         ∀ (left left' : DomainObject) (right : RangeObject) (ambientPairs : RelationObject),           Eq             (inst_1.1 ambientPairs fun member =>               Exists fun a =>                 Exists fun b =>                   And (Eq member (inst.1 a b)) (And (inst_2.1 (inst_5.1 left left') a) (inst_3.1 right b)))             (inst_15.1               (inst_1.1 ambientPairs fun member =>                 Exists fun a => Exists fun b => And (Eq member (inst.1 a b)) (And (inst_2.1 left a) (inst_3.1 right b)))               (inst_1.1 ambientPairs fun member =>                 Exists fun a =>                   Exists fun b => And (Eq member (inst.1 a b)) (And (inst_2.1 left' a) (inst_3.1 right b))))	ok
LRA.Set.CartesianProductOfDifferenceLeft	LRA.Set.Interface.Laws.CartesianProduct	theorem	true	∀ {Left Right Pair : Type u} {DomainObject RangeObject RelationObject : Type v}   [inst : LRA.Set.HasPairing Left Right Pair] [inst_1 : LRA.Set.HasSeparation Pair RelationObject]   [inst_2 : Membership Left DomainObject] [inst_3 : Membership Right RangeObject]   [inst_4 : Membership Pair RelationObject],   And (LRA.Set.SeparationLaws Pair RelationObject) (LRA.Set.PairingLaws Left Right Pair) →     ∀ [inst_5 : Union DomainObject] [inst_6 : Inter DomainObject] [inst_7 : SDiff DomainObject]       [inst_8 : EmptyCollection DomainObject] [inst_9 : HasSubset DomainObject] [inst_10 : Union RangeObject]       [inst_11 : Inter RangeObject] [inst_12 : SDiff RangeObject] [inst_13 : EmptyCollection RangeObject]       [inst_14 : HasSubset RangeObject] [inst_15 : Union RelationObject] [inst_16 : Inter RelationObject]       [inst_17 : SDiff RelationObject] [inst_18 : EmptyCollection RelationObject] [inst_19 : HasSubset RelationObject],       And (LRA.Set.MembershipLaws Left DomainObject)           (And (LRA.Set.MembershipLaws Right RangeObject) (LRA.Set.MembershipLaws Pair RelationObject)) →         ∀ (left left' : DomainObject) (right : RangeObject) (ambientPairs : RelationObject),           Eq (LRA.Set.CartesianProductOf (inst_7.sdiff left left') right ambientPairs)             (inst_17.sdiff (LRA.Set.CartesianProductOf left right ambientPairs)               (LRA.Set.CartesianProductOf left' right ambientPairs))	∀ {Left Right Pair : Type u} {DomainObject RangeObject RelationObject : Type v}   [inst : LRA.Set.HasPairing Left Right Pair] [inst_1 : LRA.Set.HasSeparation Pair RelationObject]   [inst_2 : Membership Left DomainObject] [inst_3 : Membership Right RangeObject]   [inst_4 : Membership Pair RelationObject],   And (LRA.Set.SeparationLaws Pair RelationObject) (LRA.Set.PairingLaws Left Right Pair) →     ∀ [inst_5 : Union DomainObject] [inst_6 : Inter DomainObject] [inst_7 : SDiff DomainObject]       [inst_8 : EmptyCollection DomainObject] [inst_9 : HasSubset DomainObject] [inst_10 : Union RangeObject]       [inst_11 : Inter RangeObject] [inst_12 : SDiff RangeObject] [inst_13 : EmptyCollection RangeObject]       [inst_14 : HasSubset RangeObject] [inst_15 : Union RelationObject] [inst_16 : Inter RelationObject]       [inst_17 : SDiff RelationObject] [inst_18 : EmptyCollection RelationObject] [inst_19 : HasSubset RelationObject],       And (LRA.Set.MembershipLaws Left DomainObject)           (And (LRA.Set.MembershipLaws Right RangeObject) (LRA.Set.MembershipLaws Pair RelationObject)) →         ∀ (left left' : DomainObject) (right : RangeObject) (ambientPairs : RelationObject),           Eq             (inst_1.1 ambientPairs fun member =>               Exists fun a =>                 Exists fun b =>                   And (Eq member (inst.1 a b)) (And (inst_2.1 (inst_7.1 left left') a) (inst_3.1 right b)))             (inst_17.1               (inst_1.1 ambientPairs fun member =>                 Exists fun a => Exists fun b => And (Eq member (inst.1 a b)) (And (inst_2.1 left a) (inst_3.1 right b)))               (inst_1.1 ambientPairs fun member =>                 Exists fun a =>                   Exists fun b => And (Eq member (inst.1 a b)) (And (inst_2.1 left' a) (inst_3.1 right b))))	ok
LRA.Set.RelatesCartesianProductOf	LRA.Set.Interface.Laws.CartesianProduct	theorem	true	∀ {Left Right Pair : Type u} {DomainObject RangeObject RelationObject : Type v}   [inst : LRA.Set.HasPairing Left Right Pair] [inst_1 : LRA.Set.HasSeparation Pair RelationObject]   [inst_2 : Membership Left DomainObject] [inst_3 : Membership Right RangeObject]   [inst_4 : Membership Pair RelationObject],   And (LRA.Set.SeparationLaws Pair RelationObject) (LRA.Set.PairingLaws Left Right Pair) →     ∀ (left : DomainObject) (right : RangeObject) (ambientPairs : RelationObject) (a : Left) (b : Right),       Iff (LRA.Set.Relates (LRA.Set.CartesianProductOf left right ambientPairs) a b)         (And (inst_4.mem ambientPairs (LRA.Set.OrderedPair a b)) (And (inst_2.mem left a) (inst_3.mem right b)))	∀ {Left Right Pair : Type u} {DomainObject RangeObject RelationObject : Type v}   [inst : LRA.Set.HasPairing Left Right Pair] [inst_1 : LRA.Set.HasSeparation Pair RelationObject]   [inst_2 : Membership Left DomainObject] [inst_3 : Membership Right RangeObject]   [inst_4 : Membership Pair RelationObject],   And (LRA.Set.SeparationLaws Pair RelationObject) (LRA.Set.PairingLaws Left Right Pair) →     ∀ (left : DomainObject) (right : RangeObject) (ambientPairs : RelationObject) (a : Left) (b : Right),       Iff         (inst_4.1           (inst_1.1 ambientPairs fun member =>             Exists fun a => Exists fun b => And (Eq member (inst.1 a b)) (And (inst_2.1 left a) (inst_3.1 right b)))           (inst.1 a b))         (And (inst_4.1 ambientPairs (inst.1 a b)) (And (inst_2.1 left a) (inst_3.1 right b)))	ok
LRA.Set.CartesianProductOfMonotoneRight	LRA.Set.Interface.Laws.CartesianProduct	theorem	true	∀ {Left Right Pair : Type u} {DomainObject RangeObject RelationObject : Type v}   [inst : LRA.Set.HasPairing Left Right Pair] [inst_1 : LRA.Set.HasSeparation Pair RelationObject]   [inst_2 : Membership Left DomainObject] [inst_3 : Membership Right RangeObject]   [inst_4 : Membership Pair RelationObject],   And (LRA.Set.SeparationLaws Pair RelationObject) (LRA.Set.PairingLaws Left Right Pair) →     ∀ [inst_5 : Union DomainObject] [inst_6 : Inter DomainObject] [inst_7 : SDiff DomainObject]       [inst_8 : EmptyCollection DomainObject] [inst_9 : HasSubset DomainObject] [inst_10 : Union RangeObject]       [inst_11 : Inter RangeObject] [inst_12 : SDiff RangeObject] [inst_13 : EmptyCollection RangeObject]       [inst_14 : HasSubset RangeObject] [inst_15 : Union RelationObject] [inst_16 : Inter RelationObject]       [inst_17 : SDiff RelationObject] [inst_18 : EmptyCollection RelationObject] [inst_19 : HasSubset RelationObject],       And (LRA.Set.MembershipLaws Left DomainObject)           (And (LRA.Set.MembershipLaws Right RangeObject) (LRA.Set.MembershipLaws Pair RelationObject)) →         ∀ (left : DomainObject) (smaller larger : RangeObject) (ambientPairs : RelationObject),           inst_14.Subset smaller larger →             inst_19.Subset (LRA.Set.CartesianProductOf left smaller ambientPairs)               (LRA.Set.CartesianProductOf left larger ambientPairs)	∀ {Left Right Pair : Type u} {DomainObject RangeObject RelationObject : Type v}   [inst : LRA.Set.HasPairing Left Right Pair] [inst_1 : LRA.Set.HasSeparation Pair RelationObject]   [inst_2 : Membership Left DomainObject] [inst_3 : Membership Right RangeObject]   [inst_4 : Membership Pair RelationObject],   And (LRA.Set.SeparationLaws Pair RelationObject) (LRA.Set.PairingLaws Left Right Pair) →     ∀ [inst_5 : Union DomainObject] [inst_6 : Inter DomainObject] [inst_7 : SDiff DomainObject]       [inst_8 : EmptyCollection DomainObject] [inst_9 : HasSubset DomainObject] [inst_10 : Union RangeObject]       [inst_11 : Inter RangeObject] [inst_12 : SDiff RangeObject] [inst_13 : EmptyCollection RangeObject]       [inst_14 : HasSubset RangeObject] [inst_15 : Union RelationObject] [inst_16 : Inter RelationObject]       [inst_17 : SDiff RelationObject] [inst_18 : EmptyCollection RelationObject] [inst_19 : HasSubset RelationObject],       And (LRA.Set.MembershipLaws Left DomainObject)           (And (LRA.Set.MembershipLaws Right RangeObject) (LRA.Set.MembershipLaws Pair RelationObject)) →         ∀ (left : DomainObject) (smaller larger : RangeObject) (ambientPairs : RelationObject),           inst_14.1 smaller larger →             inst_19.1               (inst_1.1 ambientPairs fun member =>                 Exists fun a =>                   Exists fun b => And (Eq member (inst.1 a b)) (And (inst_2.1 left a) (inst_3.1 smaller b)))               (inst_1.1 ambientPairs fun member =>                 Exists fun a =>                   Exists fun b => And (Eq member (inst.1 a b)) (And (inst_2.1 left a) (inst_3.1 larger b)))	ok
LRA.Set.CartesianProductOfDifferenceRight	LRA.Set.Interface.Laws.CartesianProduct	theorem	true	∀ {Left Right Pair : Type u} {DomainObject RangeObject RelationObject : Type v}   [inst : LRA.Set.HasPairing Left Right Pair] [inst_1 : LRA.Set.HasSeparation Pair RelationObject]   [inst_2 : Membership Left DomainObject] [inst_3 : Membership Right RangeObject]   [inst_4 : Membership Pair RelationObject],   And (LRA.Set.SeparationLaws Pair RelationObject) (LRA.Set.PairingLaws Left Right Pair) →     ∀ [inst_5 : Union DomainObject] [inst_6 : Inter DomainObject] [inst_7 : SDiff DomainObject]       [inst_8 : EmptyCollection DomainObject] [inst_9 : HasSubset DomainObject] [inst_10 : Union RangeObject]       [inst_11 : Inter RangeObject] [inst_12 : SDiff RangeObject] [inst_13 : EmptyCollection RangeObject]       [inst_14 : HasSubset RangeObject] [inst_15 : Union RelationObject] [inst_16 : Inter RelationObject]       [inst_17 : SDiff RelationObject] [inst_18 : EmptyCollection RelationObject] [inst_19 : HasSubset RelationObject],       And (LRA.Set.MembershipLaws Left DomainObject)           (And (LRA.Set.MembershipLaws Right RangeObject) (LRA.Set.MembershipLaws Pair RelationObject)) →         ∀ (left : DomainObject) (right right' : RangeObject) (ambientPairs : RelationObject),           Eq (LRA.Set.CartesianProductOf left (inst_12.sdiff right right') ambientPairs)             (inst_17.sdiff (LRA.Set.CartesianProductOf left right ambientPairs)               (LRA.Set.CartesianProductOf left right' ambientPairs))	∀ {Left Right Pair : Type u} {DomainObject RangeObject RelationObject : Type v}   [inst : LRA.Set.HasPairing Left Right Pair] [inst_1 : LRA.Set.HasSeparation Pair RelationObject]   [inst_2 : Membership Left DomainObject] [inst_3 : Membership Right RangeObject]   [inst_4 : Membership Pair RelationObject],   And (LRA.Set.SeparationLaws Pair RelationObject) (LRA.Set.PairingLaws Left Right Pair) →     ∀ [inst_5 : Union DomainObject] [inst_6 : Inter DomainObject] [inst_7 : SDiff DomainObject]       [inst_8 : EmptyCollection DomainObject] [inst_9 : HasSubset DomainObject] [inst_10 : Union RangeObject]       [inst_11 : Inter RangeObject] [inst_12 : SDiff RangeObject] [inst_13 : EmptyCollection RangeObject]       [inst_14 : HasSubset RangeObject] [inst_15 : Union RelationObject] [inst_16 : Inter RelationObject]       [inst_17 : SDiff RelationObject] [inst_18 : EmptyCollection RelationObject] [inst_19 : HasSubset RelationObject],       And (LRA.Set.MembershipLaws Left DomainObject)           (And (LRA.Set.MembershipLaws Right RangeObject) (LRA.Set.MembershipLaws Pair RelationObject)) →         ∀ (left : DomainObject) (right right' : RangeObject) (ambientPairs : RelationObject),           Eq             (inst_1.1 ambientPairs fun member =>               Exists fun a =>                 Exists fun b =>                   And (Eq member (inst.1 a b)) (And (inst_2.1 left a) (inst_3.1 (inst_12.1 right right') b)))             (inst_17.1               (inst_1.1 ambientPairs fun member =>                 Exists fun a => Exists fun b => And (Eq member (inst.1 a b)) (And (inst_2.1 left a) (inst_3.1 right b)))               (inst_1.1 ambientPairs fun member =>                 Exists fun a =>                   Exists fun b => And (Eq member (inst.1 a b)) (And (inst_2.1 left a) (inst_3.1 right' b))))	ok
LRA.Set.CartesianProductOfIntersectionRight	LRA.Set.Interface.Laws.CartesianProduct	theorem	true	∀ {Left Right Pair : Type u} {DomainObject RangeObject RelationObject : Type v}   [inst : LRA.Set.HasPairing Left Right Pair] [inst_1 : LRA.Set.HasSeparation Pair RelationObject]   [inst_2 : Membership Left DomainObject] [inst_3 : Membership Right RangeObject]   [inst_4 : Membership Pair RelationObject],   And (LRA.Set.SeparationLaws Pair RelationObject) (LRA.Set.PairingLaws Left Right Pair) →     ∀ [inst_5 : Union DomainObject] [inst_6 : Inter DomainObject] [inst_7 : SDiff DomainObject]       [inst_8 : EmptyCollection DomainObject] [inst_9 : HasSubset DomainObject] [inst_10 : Union RangeObject]       [inst_11 : Inter RangeObject] [inst_12 : SDiff RangeObject] [inst_13 : EmptyCollection RangeObject]       [inst_14 : HasSubset RangeObject] [inst_15 : Union RelationObject] [inst_16 : Inter RelationObject]       [inst_17 : SDiff RelationObject] [inst_18 : EmptyCollection RelationObject] [inst_19 : HasSubset RelationObject],       And (LRA.Set.MembershipLaws Left DomainObject)           (And (LRA.Set.MembershipLaws Right RangeObject) (LRA.Set.MembershipLaws Pair RelationObject)) →         ∀ (left : DomainObject) (right right' : RangeObject) (ambientPairs : RelationObject),           Eq (LRA.Set.CartesianProductOf left (inst_11.inter right right') ambientPairs)             (inst_16.inter (LRA.Set.CartesianProductOf left right ambientPairs)               (LRA.Set.CartesianProductOf left right' ambientPairs))	∀ {Left Right Pair : Type u} {DomainObject RangeObject RelationObject : Type v}   [inst : LRA.Set.HasPairing Left Right Pair] [inst_1 : LRA.Set.HasSeparation Pair RelationObject]   [inst_2 : Membership Left DomainObject] [inst_3 : Membership Right RangeObject]   [inst_4 : Membership Pair RelationObject],   And (LRA.Set.SeparationLaws Pair RelationObject) (LRA.Set.PairingLaws Left Right Pair) →     ∀ [inst_5 : Union DomainObject] [inst_6 : Inter DomainObject] [inst_7 : SDiff DomainObject]       [inst_8 : EmptyCollection DomainObject] [inst_9 : HasSubset DomainObject] [inst_10 : Union RangeObject]       [inst_11 : Inter RangeObject] [inst_12 : SDiff RangeObject] [inst_13 : EmptyCollection RangeObject]       [inst_14 : HasSubset RangeObject] [inst_15 : Union RelationObject] [inst_16 : Inter RelationObject]       [inst_17 : SDiff RelationObject] [inst_18 : EmptyCollection RelationObject] [inst_19 : HasSubset RelationObject],       And (LRA.Set.MembershipLaws Left DomainObject)           (And (LRA.Set.MembershipLaws Right RangeObject) (LRA.Set.MembershipLaws Pair RelationObject)) →         ∀ (left : DomainObject) (right right' : RangeObject) (ambientPairs : RelationObject),           Eq             (inst_1.1 ambientPairs fun member =>               Exists fun a =>                 Exists fun b =>                   And (Eq member (inst.1 a b)) (And (inst_2.1 left a) (inst_3.1 (inst_11.1 right right') b)))             (inst_16.1               (inst_1.1 ambientPairs fun member =>                 Exists fun a => Exists fun b => And (Eq member (inst.1 a b)) (And (inst_2.1 left a) (inst_3.1 right b)))               (inst_1.1 ambientPairs fun member =>                 Exists fun a =>                   Exists fun b => And (Eq member (inst.1 a b)) (And (inst_2.1 left a) (inst_3.1 right' b))))	ok
LRA.Set.ModelTheory.MembershipSymbolIsBinary	LRA.Set.Interface.ModelTheory.LStructure	theorem	true	LRA.Set.ModelTheory.MembershipSignature.IsBinaryRelationSymbol LRA.Set.ModelTheory.MembershipRelationSymbol.mem	Eq (LRA.Set.ModelTheory.MembershipSignature.Relations.2 LRA.Set.ModelTheory.MembershipRelationSymbol.mem) 2	ok
LRA.Set.ModelTheory.satisfiesIffF	LRA.Set.Interface.ModelTheory.SatisfactionLemmas	theorem	true	∀ {M : LRA.ModelTheory.FirstOrder.Model LRA.Set.ModelTheory.MembershipSignature} {assignment : Nat → M.Domain}   {φ ψ : LRA.Logic.FirstOrder.Formula LRA.Set.ModelTheory.MembershipSignature Nat},   Iff (LRA.Logic.FirstOrder.Satisfies M assignment (LRA.Set.ModelTheory.iffF φ ψ))     (Iff (LRA.Logic.FirstOrder.Satisfies M assignment φ) (LRA.Logic.FirstOrder.Satisfies M assignment ψ))	∀ {M : LRA.Logic.FirstOrder.Interpretation LRA.Set.ModelTheory.MembershipSignature} {assignment : Nat → M.1}   {φ ψ : LRA.Logic.FirstOrder.Formula LRA.Set.ModelTheory.MembershipSignature Nat},   Iff (LRA.Logic.FirstOrder.Satisfies M assignment ((φ.impl ψ).impl (ψ.impl φ).neg).neg)     (Iff (LRA.Logic.FirstOrder.Satisfies M assignment φ) (LRA.Logic.FirstOrder.Satisfies M assignment ψ))	ok
LRA.Set.ModelTheory.satisfiesOrF	LRA.Set.Interface.ModelTheory.SatisfactionLemmas	theorem	true	∀ {M : LRA.ModelTheory.FirstOrder.Model LRA.Set.ModelTheory.MembershipSignature} {assignment : Nat → M.Domain}   {φ ψ : LRA.Logic.FirstOrder.Formula LRA.Set.ModelTheory.MembershipSignature Nat},   Iff (LRA.Logic.FirstOrder.Satisfies M assignment (LRA.Set.ModelTheory.orF φ ψ))     (Or (LRA.Logic.FirstOrder.Satisfies M assignment φ) (LRA.Logic.FirstOrder.Satisfies M assignment ψ))	∀ {M : LRA.Logic.FirstOrder.Interpretation LRA.Set.ModelTheory.MembershipSignature} {assignment : Nat → M.1}   {φ ψ : LRA.Logic.FirstOrder.Formula LRA.Set.ModelTheory.MembershipSignature Nat},   Iff (LRA.Logic.FirstOrder.Satisfies M assignment (φ.neg.impl ψ))     (Or (LRA.Logic.FirstOrder.Satisfies M assignment φ) (LRA.Logic.FirstOrder.Satisfies M assignment ψ))	ok
LRA.Set.BelongsToClass	LRA.Set.SetClass.Definition	instance	false	∀ {α : Type u} (element : α) (setClass : LRA.Set.SetClass α), setClass element	∀ {α : Type u} (element : α) (setClass : α → Prop), setClass element	ok
LRA.Set.SetClass.Universal	LRA.Set.SetClass.Operations	instance	false	∀ {α : Type u} (a : α), True	∀ {α : Type u} (a : α), True	ok
LRA.Set.SetClass.Intersection	LRA.Set.SetClass.Operations	instance	false	∀ {α : Type u} (left right : LRA.Set.SetClass α) (a : α), And (left a) (right a)	∀ {α : Type u} (left right : α → Prop) (a : α), And (left a) (right a)	ok
LRA.Set.SetClass.Complement	LRA.Set.SetClass.Operations	instance	false	∀ {α : Type u} (setClass : LRA.Set.SetClass α) (a : α), setClass a → False	∀ {α : Type u} (setClass : α → Prop) (a : α), setClass a → False	ok
LRA.Set.SetClass.Difference	LRA.Set.SetClass.Operations	instance	false	∀ {α : Type u} (left right : LRA.Set.SetClass α) (a : α), And (left a) (Not (right a))	∀ {α : Type u} (left right : α → Prop) (a : α), And (left a) (right a → False)	ok
LRA.Set.SetClass.Empty	LRA.Set.SetClass.Operations	instance	false	∀ {α : Type u} (a : α), False	∀ {α : Type u} (a : α), False	ok
LRA.Set.SetClass.Union	LRA.Set.SetClass.Operations	instance	false	∀ {α : Type u} (left right : LRA.Set.SetClass α) (a : α), Or (left a) (right a)	∀ {α : Type u} (left right : α → Prop) (a : α), Or (left a) (right a)	ok
LRA.Set.SetClass.Included	LRA.Set.SetClass.Operations	instance	false	∀ {α : Type u} (left right : LRA.Set.SetClass α) (element : α), left element → right element	∀ {α : Type u} (left right : α → Prop) (element : α), left element → right element	ok
LRA.Set.ClassOfSet	LRA.Set.SetClass.Representation	instance	false	∀ {Element : Type u} {SetObject : Type v} [inst : Membership Element SetObject] (setObject : SetObject) (a : Element),   inst.1 setObject a	∀ {Element : Type u} {SetObject : Type v} [inst : Membership Element SetObject] (setObject : SetObject) (a : Element),   inst.1 setObject a	ok
LRA.Set.Represents	LRA.Set.SetClass.Representation	instance	false	∀ {Element : Type u} {SetObject : Type v} [inst : Membership Element SetObject] (setObject : SetObject)   (setClass : LRA.Set.SetClass Element) (element : Element), Iff (inst.mem setObject element) (setClass element)	∀ {Element : Type u} {SetObject : Type v} [inst : Membership Element SetObject] (setObject : SetObject)   (setClass : Element → Prop) (element : Element), Iff (inst.1 setObject element) (setClass element)	ok
LRA.Set.Representable	LRA.Set.SetClass.Representation	instance	false	∀ {Element : Type u} {SetObject : Type v} [inst : Membership Element SetObject] (setClass : LRA.Set.SetClass Element),   Exists fun setObject => LRA.Set.Represents setObject setClass	∀ {Element : Type u} {SetObject : Type v} [inst : Membership Element SetObject] (setClass : Element → Prop),   Exists fun setObject => ∀ (element : Element), Iff (inst.1 setObject element) (setClass element)	ok
LRA.Set.ProperClass	LRA.Set.SetClass.Representation	instance	false	∀ {Element : Type u} {SetObject : Type v} [inst : Membership Element SetObject] (setClass : LRA.Set.SetClass Element),   LRA.Set.Representable setClass → False	∀ {Element : Type u} {SetObject : Type v} [inst : Membership Element SetObject] (setClass : Element → Prop),   (Exists fun setObject => ∀ (element : Element), Iff (inst.1 setObject element) (setClass element)) → False	ok
LRA.Set.SetRepresentsItsClass	LRA.Set.SetClass.Theorems	theorem	true	∀ {Element : Type u} {SetObject : Type v} [inst : Membership Element SetObject] (setObject : SetObject),   LRA.Set.Represents setObject (LRA.Set.ClassOfSet setObject)	∀ {Element : Type u} {SetObject : Type v} [inst : Membership Element SetObject] (setObject : SetObject)   (element : Element), Iff (inst.1 setObject element) (inst.1 setObject element)	ok
LRA.Set.SetClassExtensionality	LRA.Set.SetClass.Theorems	theorem	true	∀ {α : Type u} {left right : LRA.Set.SetClass α}, (∀ (element : α), Iff (left element) (right element)) → Eq left right	∀ {α : Type u} {left right : α → Prop}, (∀ (element : α), Iff (left element) (right element)) → Eq left right	ok
LRA.Set.Constructions.instNonemptyTypeSet	LRA.Set.Constructions.TypeSet.Definition	theorem	true	∀ {Alpha : Type u}, Nonempty (LRA.Set.Constructions.TypeSet Alpha)	∀ {Alpha : Type u}, Nonempty (Alpha → Prop)	ok
LRA.Set.Constructions.TypeSetExtensionality	LRA.Set.Constructions.TypeSet.Definition	theorem	true	∀ {Alpha : Type u} {A B : LRA.Set.Constructions.TypeSet Alpha},   (∀ (x : Alpha),       Iff (LRA.Set.Constructions.instMembershipTypeSet.mem A x) (LRA.Set.Constructions.instMembershipTypeSet.mem B x)) →     Eq A B	∀ {Alpha : Type u} {A B : Alpha → Prop},   (∀ (x : Alpha),       Iff (LRA.Set.Constructions.instMembershipTypeSet.1 A x) (LRA.Set.Constructions.instMembershipTypeSet.1 B x)) →     Eq A B	ok
LRA.Set.Constructions.TypeSet.Empty	LRA.Set.Constructions.TypeSet.Operations	instance	false	∀ (Alpha : Type u) (a : Alpha), False	∀ (Alpha : Type u) (a : Alpha), False	ok
LRA.Set.Constructions.TypeSet.RelativeComplement	LRA.Set.Constructions.TypeSet.Operations	instance	false	∀ {Alpha : Type u} (A B : LRA.Set.Constructions.TypeSet Alpha) (a : Alpha),   And (LRA.Set.Constructions.instMembershipTypeSet.mem A a) (Not (LRA.Set.Constructions.instMembershipTypeSet.mem B a))	∀ {Alpha : Type u} (A B : Alpha → Prop) (a : Alpha),   And (LRA.Set.Constructions.instMembershipTypeSet.1 A a) (LRA.Set.Constructions.instMembershipTypeSet.1 B a → False)	ok
LRA.Set.Constructions.TypeSet.SubsetIff	LRA.Set.Constructions.TypeSet.Operations	theorem	true	∀ {Alpha : Type u} (A B : LRA.Set.Constructions.TypeSet Alpha),   Iff (A.Subset B)     (∀ (x : Alpha),       LRA.Set.Constructions.instMembershipTypeSet.mem A x → LRA.Set.Constructions.instMembershipTypeSet.mem B x)	∀ {Alpha : Type u} (A B : Alpha → Prop),   Iff     (∀ (x : Alpha),       LRA.Set.Constructions.instMembershipTypeSet.1 A x → LRA.Set.Constructions.instMembershipTypeSet.1 B x)     (∀ (x : Alpha),       LRA.Set.Constructions.instMembershipTypeSet.1 A x → LRA.Set.Constructions.instMembershipTypeSet.1 B x)	ok
LRA.Set.Constructions.TypeSet.SymmetricDifferenceMembership	LRA.Set.Constructions.TypeSet.Operations	theorem	true	∀ {Alpha : Type u} (A B : LRA.Set.Constructions.TypeSet Alpha) (x : Alpha),   Iff (LRA.Set.Constructions.instMembershipTypeSet.mem (A.SymmetricDifference B) x)     (Or       (And (LRA.Set.Constructions.instMembershipTypeSet.mem A x)         (Not (LRA.Set.Constructions.instMembershipTypeSet.mem B x)))       (And (LRA.Set.Constructions.instMembershipTypeSet.mem B x)         (Not (LRA.Set.Constructions.instMembershipTypeSet.mem A x))))	∀ {Alpha : Type u} (A B : Alpha → Prop) (x : Alpha),   Iff     (LRA.Set.Constructions.instMembershipTypeSet.1       (fun x =>         Or           (And (LRA.Set.Constructions.instMembershipTypeSet.1 A x)             (LRA.Set.Constructions.instMembershipTypeSet.1 B x → False))           (And (LRA.Set.Constructions.instMembershipTypeSet.1 B x)             (LRA.Set.Constructions.instMembershipTypeSet.1 A x → False)))       x)     (Or       (And (LRA.Set.Constructions.instMembershipTypeSet.1 A x)         (LRA.Set.Constructions.instMembershipTypeSet.1 B x → False))       (And (LRA.Set.Constructions.instMembershipTypeSet.1 B x)         (LRA.Set.Constructions.instMembershipTypeSet.1 A x → False)))	ok
LRA.Set.Constructions.TypeSet.Pair	LRA.Set.Constructions.TypeSet.Operations	instance	false	∀ {Alpha : Type u} (a b a_1 : Alpha), Or (Eq a_1 a) (Eq a_1 b)	∀ {Alpha : Type u} (a b a_1 : Alpha), Or (Eq a_1 a) (Eq a_1 b)	ok
LRA.Set.Constructions.TypeSet.Subset	LRA.Set.Constructions.TypeSet.Operations	instance	false	∀ {Alpha : Type u} (A B : LRA.Set.Constructions.TypeSet Alpha) (x : Alpha),   LRA.Set.Constructions.instMembershipTypeSet.mem A x → LRA.Set.Constructions.instMembershipTypeSet.mem B x	∀ {Alpha : Type u} (A B : Alpha → Prop) (x : Alpha),   LRA.Set.Constructions.instMembershipTypeSet.1 A x → LRA.Set.Constructions.instMembershipTypeSet.1 B x	ok
LRA.Set.Constructions.TypeSet.PairMembership	LRA.Set.Constructions.TypeSet.Operations	theorem	true	∀ {Alpha : Type u} (a b x : Alpha),   Iff (LRA.Set.Constructions.instMembershipTypeSet.mem (LRA.Set.Constructions.TypeSet.Pair a b) x)     (Or (Eq x a) (Eq x b))	∀ {Alpha : Type u} (a b x : Alpha),   Iff (LRA.Set.Constructions.instMembershipTypeSet.1 (fun x => Or (Eq x a) (Eq x b)) x) (Or (Eq x a) (Eq x b))	ok
LRA.Set.Constructions.TypeSet.Singleton	LRA.Set.Constructions.TypeSet.Operations	instance	false	∀ {Alpha : Type u} (a a_1 : Alpha), Eq a_1 a	∀ {Alpha : Type u} (a a_1 : Alpha), Eq a_1 a	ok
LRA.Set.Constructions.TypeSet.Insert	LRA.Set.Constructions.TypeSet.Operations	instance	false	∀ {Alpha : Type u} (a : Alpha) (A : LRA.Set.Constructions.TypeSet Alpha) (a_1 : Alpha),   Or (Eq a_1 a) (LRA.Set.Constructions.instMembershipTypeSet.mem A a_1)	∀ {Alpha : Type u} (a : Alpha) (A : Alpha → Prop) (a_1 : Alpha),   Or (Eq a_1 a) (LRA.Set.Constructions.instMembershipTypeSet.1 A a_1)	ok
LRA.Set.Constructions.TypeSet.SymmetricDifference	LRA.Set.Constructions.TypeSet.Operations	instance	false	∀ {Alpha : Type u} (A B : LRA.Set.Constructions.TypeSet Alpha) (a : Alpha),   Or     (And (LRA.Set.Constructions.instMembershipTypeSet.mem A a)       (Not (LRA.Set.Constructions.instMembershipTypeSet.mem B a)))     (And (LRA.Set.Constructions.instMembershipTypeSet.mem B a)       (Not (LRA.Set.Constructions.instMembershipTypeSet.mem A a)))	∀ {Alpha : Type u} (A B : Alpha → Prop) (a : Alpha),   Or     (And (LRA.Set.Constructions.instMembershipTypeSet.1 A a)       (LRA.Set.Constructions.instMembershipTypeSet.1 B a → False))     (And (LRA.Set.Constructions.instMembershipTypeSet.1 B a)       (LRA.Set.Constructions.instMembershipTypeSet.1 A a → False))	ok
LRA.Set.Constructions.TypeSet.CollectionUnion	LRA.Set.Constructions.TypeSet.Operations	instance	false	∀ {Alpha : Type u} (C : LRA.Set.Constructions.TypeSet (LRA.Set.Constructions.TypeSet Alpha)) (a : Alpha),   Exists fun B =>     And (LRA.Set.Constructions.instMembershipTypeSet.mem C B) (LRA.Set.Constructions.instMembershipTypeSet.mem B a)	∀ {Alpha : Type u} (C : (Alpha → Prop) → Prop) (a : Alpha),   Exists fun B =>     And (LRA.Set.Constructions.instMembershipTypeSet.1 C B) (LRA.Set.Constructions.instMembershipTypeSet.1 B a)	ok
LRA.Set.Constructions.TypeSet.InsertMembership	LRA.Set.Constructions.TypeSet.Operations	theorem	true	∀ {Alpha : Type u} (a x : Alpha) (A : LRA.Set.Constructions.TypeSet Alpha),   Iff (LRA.Set.Constructions.instMembershipTypeSet.mem (LRA.Set.Constructions.TypeSet.Insert a A) x)     (Or (Eq x a) (LRA.Set.Constructions.instMembershipTypeSet.mem A x))	∀ {Alpha : Type u} (a x : Alpha) (A : Alpha → Prop),   Iff     (LRA.Set.Constructions.instMembershipTypeSet.1       (fun x => Or (Eq x a) (LRA.Set.Constructions.instMembershipTypeSet.1 A x)) x)     (Or (Eq x a) (LRA.Set.Constructions.instMembershipTypeSet.1 A x))	ok
LRA.Set.Constructions.TypeSet.SingletonMembership	LRA.Set.Constructions.TypeSet.Operations	theorem	true	∀ {Alpha : Type u} (a x : Alpha),   Iff (LRA.Set.Constructions.instMembershipTypeSet.mem (LRA.Set.Constructions.TypeSet.Singleton a) x) (Eq x a)	∀ {Alpha : Type u} (a x : Alpha), Iff (LRA.Set.Constructions.instMembershipTypeSet.1 (fun x => Eq x a) x) (Eq x a)	ok
LRA.Set.Constructions.TypeSet.Difference	LRA.Set.Constructions.TypeSet.Operations	instance	false	∀ {Alpha : Type u} (A B : LRA.Set.Constructions.TypeSet Alpha) (a : Alpha),   And (LRA.Set.Constructions.instMembershipTypeSet.mem A a) (Not (LRA.Set.Constructions.instMembershipTypeSet.mem B a))	∀ {Alpha : Type u} (A B : Alpha → Prop) (a : Alpha),   And (LRA.Set.Constructions.instMembershipTypeSet.1 A a) (LRA.Set.Constructions.instMembershipTypeSet.1 B a → False)	ok
LRA.Set.Constructions.TypeSet.RelativeComplementIsRelativeComplementOf	LRA.Set.Constructions.TypeSet.Operations	theorem	true	∀ {Alpha : Type u} (A B : LRA.Set.Constructions.TypeSet Alpha), A.IsRelativeComplementOf B (A.RelativeComplement B)	∀ {Alpha : Type u} (A B : Alpha → Prop) (x : Alpha),   Iff     (LRA.Set.Constructions.instMembershipTypeSet.1       (fun x =>         And (LRA.Set.Constructions.instMembershipTypeSet.1 A x)           (LRA.Set.Constructions.instMembershipTypeSet.1 B x → False))       x)     (And (LRA.Set.Constructions.instMembershipTypeSet.1 A x)       (LRA.Set.Constructions.instMembershipTypeSet.1 B x → False))	ok
LRA.Set.Constructions.TypeSet.UnionMembership	LRA.Set.Constructions.TypeSet.Operations	theorem	true	∀ {Alpha : Type u} (A B : LRA.Set.Constructions.TypeSet Alpha) (x : Alpha),   Iff (LRA.Set.Constructions.instMembershipTypeSet.mem (A.Union B) x)     (Or (LRA.Set.Constructions.instMembershipTypeSet.mem A x) (LRA.Set.Constructions.instMembershipTypeSet.mem B x))	∀ {Alpha : Type u} (A B : Alpha → Prop) (x : Alpha),   Iff     (LRA.Set.Constructions.instMembershipTypeSet.1       (fun x =>         Or (LRA.Set.Constructions.instMembershipTypeSet.1 A x) (LRA.Set.Constructions.instMembershipTypeSet.1 B x))       x)     (Or (LRA.Set.Constructions.instMembershipTypeSet.1 A x) (LRA.Set.Constructions.instMembershipTypeSet.1 B x))	ok
LRA.Set.Constructions.TypeSet.SeparationMembership	LRA.Set.Constructions.TypeSet.Operations	theorem	true	∀ {Alpha : Type u} (A : LRA.Set.Constructions.TypeSet Alpha) (property : Alpha → Prop) (x : Alpha),   Iff (LRA.Set.Constructions.instMembershipTypeSet.mem (A.Separation property) x)     (And (LRA.Set.Constructions.instMembershipTypeSet.mem A x) (property x))	∀ {Alpha : Type u} (A property : Alpha → Prop) (x : Alpha),   Iff     (LRA.Set.Constructions.instMembershipTypeSet.1       (fun x => And (LRA.Set.Constructions.instMembershipTypeSet.1 A x) (property x)) x)     (And (LRA.Set.Constructions.instMembershipTypeSet.1 A x) (property x))	ok
LRA.Set.Constructions.TypeSet.Separation	LRA.Set.Constructions.TypeSet.Operations	instance	false	∀ {Alpha : Type u} (A : LRA.Set.Constructions.TypeSet Alpha) (property : Alpha → Prop) (a : Alpha),   And (LRA.Set.Constructions.instMembershipTypeSet.mem A a) (property a)	∀ {Alpha : Type u} (A property : Alpha → Prop) (a : Alpha),   And (LRA.Set.Constructions.instMembershipTypeSet.1 A a) (property a)	ok
LRA.Set.Constructions.TypeSet.IndexedIntersectionMembership	LRA.Set.Constructions.TypeSet.Operations	theorem	true	∀ {Alpha : Type u} {Index : Type v} (family : LRA.Set.Constructions.TypeSet.Family Index Alpha) (x : Alpha),   Iff (LRA.Set.Constructions.instMembershipTypeSet.mem (LRA.Set.Constructions.TypeSet.IndexedIntersection family) x)     (∀ (i : Index), LRA.Set.Constructions.instMembershipTypeSet.mem (family i) x)	∀ {Alpha : Type u} {Index : Type v} (family : Index → Alpha → Prop) (x : Alpha),   Iff     (LRA.Set.Constructions.instMembershipTypeSet.1       (fun x => ∀ (i : Index), LRA.Set.Constructions.instMembershipTypeSet.1 (family i) x) x)     (∀ (i : Index), LRA.Set.Constructions.instMembershipTypeSet.1 (family i) x)	ok
LRA.Set.Constructions.TypeSet.IsRelativeComplementOf	LRA.Set.Constructions.TypeSet.Operations	instance	false	∀ {Alpha : Type u} (A B D : LRA.Set.Constructions.TypeSet Alpha) (x : Alpha),   Iff (LRA.Set.Constructions.instMembershipTypeSet.mem D x)     (And (LRA.Set.Constructions.instMembershipTypeSet.mem A x)       (Not (LRA.Set.Constructions.instMembershipTypeSet.mem B x)))	∀ {Alpha : Type u} (A B D : Alpha → Prop) (x : Alpha),   Iff (LRA.Set.Constructions.instMembershipTypeSet.1 D x)     (And (LRA.Set.Constructions.instMembershipTypeSet.1 A x)       (LRA.Set.Constructions.instMembershipTypeSet.1 B x → False))	ok
LRA.Set.Constructions.TypeSet.Union	LRA.Set.Constructions.TypeSet.Operations	instance	false	∀ {Alpha : Type u} (A B : LRA.Set.Constructions.TypeSet Alpha) (a : Alpha),   Or (LRA.Set.Constructions.instMembershipTypeSet.mem A a) (LRA.Set.Constructions.instMembershipTypeSet.mem B a)	∀ {Alpha : Type u} (A B : Alpha → Prop) (a : Alpha),   Or (LRA.Set.Constructions.instMembershipTypeSet.1 A a) (LRA.Set.Constructions.instMembershipTypeSet.1 B a)	ok
LRA.Set.Constructions.TypeSet.IndexedUnion	LRA.Set.Constructions.TypeSet.Operations	instance	false	∀ {Alpha : Type u} {Index : Type v} (family : LRA.Set.Constructions.TypeSet.Family Index Alpha) (a : Alpha),   Exists fun i => LRA.Set.Constructions.instMembershipTypeSet.mem (family i) a	∀ {Alpha : Type u} {Index : Type v} (family : Index → Alpha → Prop) (a : Alpha),   Exists fun i => LRA.Set.Constructions.instMembershipTypeSet.1 (family i) a	ok
LRA.Set.Constructions.TypeSet.ComplementMembership	LRA.Set.Constructions.TypeSet.Operations	theorem	true	∀ {Alpha : Type u} (A : LRA.Set.Constructions.TypeSet Alpha) (x : Alpha),   Iff (LRA.Set.Constructions.instMembershipTypeSet.mem A.Complement x)     (Not (LRA.Set.Constructions.instMembershipTypeSet.mem A x))	∀ {Alpha : Type u} (A : Alpha → Prop) (x : Alpha),   Iff     (LRA.Set.Constructions.instMembershipTypeSet.1 (fun x => LRA.Set.Constructions.instMembershipTypeSet.1 A x → False)       x)     (LRA.Set.Constructions.instMembershipTypeSet.1 A x → False)	ok
LRA.Set.Constructions.TypeSet.IndexedUnionMembership	LRA.Set.Constructions.TypeSet.Operations	theorem	true	∀ {Alpha : Type u} {Index : Type v} (family : LRA.Set.Constructions.TypeSet.Family Index Alpha) (x : Alpha),   Iff (LRA.Set.Constructions.instMembershipTypeSet.mem (LRA.Set.Constructions.TypeSet.IndexedUnion family) x)     (Exists fun i => LRA.Set.Constructions.instMembershipTypeSet.mem (family i) x)	∀ {Alpha : Type u} {Index : Type v} (family : Index → Alpha → Prop) (x : Alpha),   Iff     (LRA.Set.Constructions.instMembershipTypeSet.1       (fun x => Exists fun i => LRA.Set.Constructions.instMembershipTypeSet.1 (family i) x) x)     (Exists fun i => LRA.Set.Constructions.instMembershipTypeSet.1 (family i) x)	ok
LRA.Set.Constructions.TypeSet.RelativeComplementMembership	LRA.Set.Constructions.TypeSet.Operations	theorem	true	∀ {Alpha : Type u} (A B : LRA.Set.Constructions.TypeSet Alpha) (x : Alpha),   Iff (LRA.Set.Constructions.instMembershipTypeSet.mem (A.RelativeComplement B) x)     (And (LRA.Set.Constructions.instMembershipTypeSet.mem A x)       (Not (LRA.Set.Constructions.instMembershipTypeSet.mem B x)))	∀ {Alpha : Type u} (A B : Alpha → Prop) (x : Alpha),   Iff     (LRA.Set.Constructions.instMembershipTypeSet.1       (fun x =>         And (LRA.Set.Constructions.instMembershipTypeSet.1 A x)           (LRA.Set.Constructions.instMembershipTypeSet.1 B x → False))       x)     (And (LRA.Set.Constructions.instMembershipTypeSet.1 A x)       (LRA.Set.Constructions.instMembershipTypeSet.1 B x → False))	ok
LRA.Set.Constructions.TypeSet.Universal	LRA.Set.Constructions.TypeSet.Operations	instance	false	∀ (Alpha : Type u) (a : Alpha), True	∀ (Alpha : Type u) (a : Alpha), True	ok
LRA.Set.Constructions.TypeSet.CollectionUnionMembership	LRA.Set.Constructions.TypeSet.Operations	theorem	true	∀ {Alpha : Type u} (C : LRA.Set.Constructions.TypeSet (LRA.Set.Constructions.TypeSet Alpha)) (x : Alpha),   Iff (LRA.Set.Constructions.instMembershipTypeSet.mem C.CollectionUnion x)     (Exists fun B =>       And (LRA.Set.Constructions.instMembershipTypeSet.mem C B) (LRA.Set.Constructions.instMembershipTypeSet.mem B x))	∀ {Alpha : Type u} (C : (Alpha → Prop) → Prop) (x : Alpha),   Iff     (LRA.Set.Constructions.instMembershipTypeSet.1       (fun x =>         Exists fun B =>           And (LRA.Set.Constructions.instMembershipTypeSet.1 C B) (LRA.Set.Constructions.instMembershipTypeSet.1 B x))       x)     (Exists fun B =>       And (LRA.Set.Constructions.instMembershipTypeSet.1 C B) (LRA.Set.Constructions.instMembershipTypeSet.1 B x))	ok
LRA.Set.Constructions.TypeSet.Nonempty	LRA.Set.Constructions.TypeSet.Operations	instance	false	∀ {Alpha : Type u} (A : LRA.Set.Constructions.TypeSet Alpha),   Exists fun x => LRA.Set.Constructions.instMembershipTypeSet.mem A x	∀ {Alpha : Type u} (A : Alpha → Prop), Exists fun x => LRA.Set.Constructions.instMembershipTypeSet.1 A x	ok
LRA.Set.Constructions.TypeSet.PowerSetMembership	LRA.Set.Constructions.TypeSet.Operations	theorem	true	∀ {Alpha : Type u} (A B : LRA.Set.Constructions.TypeSet Alpha),   Iff (LRA.Set.Constructions.instMembershipTypeSet.mem A.PowerSet B) (B.Subset A)	∀ {Alpha : Type u} (A B : Alpha → Prop),   Iff     (LRA.Set.Constructions.instMembershipTypeSet.1       (fun B =>         ∀ (x : Alpha),           LRA.Set.Constructions.instMembershipTypeSet.1 B x → LRA.Set.Constructions.instMembershipTypeSet.1 A x)       B)     (∀ (x : Alpha),       LRA.Set.Constructions.instMembershipTypeSet.1 B x → LRA.Set.Constructions.instMembershipTypeSet.1 A x)	ok
LRA.Set.Constructions.TypeSet.IndexedIntersection	LRA.Set.Constructions.TypeSet.Operations	instance	false	∀ {Alpha : Type u} {Index : Type v} (family : LRA.Set.Constructions.TypeSet.Family Index Alpha) (a : Alpha) (i : Index),   LRA.Set.Constructions.instMembershipTypeSet.mem (family i) a	∀ {Alpha : Type u} {Index : Type v} (family : Index → Alpha → Prop) (a : Alpha) (i : Index),   LRA.Set.Constructions.instMembershipTypeSet.1 (family i) a	ok
LRA.Set.Constructions.TypeSet.PowerSet	LRA.Set.Constructions.TypeSet.Operations	instance	false	∀ {Alpha : Type u} (A a : LRA.Set.Constructions.TypeSet Alpha) (x : Alpha),   LRA.Set.Constructions.instMembershipTypeSet.mem a x → LRA.Set.Constructions.instMembershipTypeSet.mem A x	∀ {Alpha : Type u} (A a : Alpha → Prop) (x : Alpha),   LRA.Set.Constructions.instMembershipTypeSet.1 a x → LRA.Set.Constructions.instMembershipTypeSet.1 A x	ok
LRA.Set.Constructions.TypeSet.CollectionIntersection	LRA.Set.Constructions.TypeSet.Operations	instance	false	∀ {Alpha : Type u} (C : LRA.Set.Constructions.TypeSet (LRA.Set.Constructions.TypeSet Alpha)) (a : Alpha)   (B : LRA.Set.Constructions.TypeSet Alpha),   LRA.Set.Constructions.instMembershipTypeSet.mem C B → LRA.Set.Constructions.instMembershipTypeSet.mem B a	∀ {Alpha : Type u} (C : (Alpha → Prop) → Prop) (a : Alpha) (B : Alpha → Prop),   LRA.Set.Constructions.instMembershipTypeSet.1 C B → LRA.Set.Constructions.instMembershipTypeSet.1 B a	ok
LRA.Set.Constructions.TypeSet.UniversalMembership	LRA.Set.Constructions.TypeSet.Operations	theorem	true	∀ {Alpha : Type u} (x : Alpha),   LRA.Set.Constructions.instMembershipTypeSet.mem (LRA.Set.Constructions.TypeSet.Universal Alpha) x	∀ {Alpha : Type u} (x : Alpha), LRA.Set.Constructions.instMembershipTypeSet.1 (fun x => True) x	ok
LRA.Set.Constructions.TypeSet.EmptyMembership	LRA.Set.Constructions.TypeSet.Operations	theorem	true	∀ {Alpha : Type u} (x : Alpha),   Iff (LRA.Set.Constructions.instMembershipTypeSet.mem (LRA.Set.Constructions.TypeSet.Empty Alpha) x) False	∀ {Alpha : Type u} (x : Alpha), Iff (LRA.Set.Constructions.instMembershipTypeSet.1 (fun x => False) x) False	ok
LRA.Set.Constructions.TypeSet.PairEqualsInsertSingleton	LRA.Set.Constructions.TypeSet.Operations	theorem	true	∀ {Alpha : Type u} (a b : Alpha),   Eq (LRA.Set.Constructions.TypeSet.Pair a b)     (LRA.Set.Constructions.TypeSet.Insert a (LRA.Set.Constructions.TypeSet.Singleton b))	∀ {Alpha : Type u} (a b : Alpha),   Eq (fun x => Or (Eq x a) (Eq x b)) fun x =>     Or (Eq x a) (LRA.Set.Constructions.instMembershipTypeSet.1 (fun x => Eq x b) x)	ok
LRA.Set.Constructions.TypeSet.IntersectionMembership	LRA.Set.Constructions.TypeSet.Operations	theorem	true	∀ {Alpha : Type u} (A B : LRA.Set.Constructions.TypeSet Alpha) (x : Alpha),   Iff (LRA.Set.Constructions.instMembershipTypeSet.mem (A.Intersection B) x)     (And (LRA.Set.Constructions.instMembershipTypeSet.mem A x) (LRA.Set.Constructions.instMembershipTypeSet.mem B x))	∀ {Alpha : Type u} (A B : Alpha → Prop) (x : Alpha),   Iff     (LRA.Set.Constructions.instMembershipTypeSet.1       (fun x =>         And (LRA.Set.Constructions.instMembershipTypeSet.1 A x) (LRA.Set.Constructions.instMembershipTypeSet.1 B x))       x)     (And (LRA.Set.Constructions.instMembershipTypeSet.1 A x) (LRA.Set.Constructions.instMembershipTypeSet.1 B x))	ok
LRA.Set.Constructions.TypeSet.DifferenceMembership	LRA.Set.Constructions.TypeSet.Operations	theorem	true	∀ {Alpha : Type u} (A B : LRA.Set.Constructions.TypeSet Alpha) (x : Alpha),   Iff (LRA.Set.Constructions.instMembershipTypeSet.mem (A.Difference B) x)     (And (LRA.Set.Constructions.instMembershipTypeSet.mem A x)       (Not (LRA.Set.Constructions.instMembershipTypeSet.mem B x)))	∀ {Alpha : Type u} (A B : Alpha → Prop) (x : Alpha),   Iff     (LRA.Set.Constructions.instMembershipTypeSet.1       (fun x =>         And (LRA.Set.Constructions.instMembershipTypeSet.1 A x)           (LRA.Set.Constructions.instMembershipTypeSet.1 B x → False))       x)     (And (LRA.Set.Constructions.instMembershipTypeSet.1 A x)       (LRA.Set.Constructions.instMembershipTypeSet.1 B x → False))	ok
LRA.Set.Constructions.TypeSet.Intersection	LRA.Set.Constructions.TypeSet.Operations	instance	false	∀ {Alpha : Type u} (A B : LRA.Set.Constructions.TypeSet Alpha) (a : Alpha),   And (LRA.Set.Constructions.instMembershipTypeSet.mem A a) (LRA.Set.Constructions.instMembershipTypeSet.mem B a)	∀ {Alpha : Type u} (A B : Alpha → Prop) (a : Alpha),   And (LRA.Set.Constructions.instMembershipTypeSet.1 A a) (LRA.Set.Constructions.instMembershipTypeSet.1 B a)	ok
LRA.Set.Constructions.TypeSet.Complement	LRA.Set.Constructions.TypeSet.Operations	instance	false	∀ {Alpha : Type u} (A : LRA.Set.Constructions.TypeSet Alpha) (a : Alpha),   LRA.Set.Constructions.instMembershipTypeSet.mem A a → False	∀ {Alpha : Type u} (A : Alpha → Prop) (a : Alpha), LRA.Set.Constructions.instMembershipTypeSet.1 A a → False	ok
LRA.Set.Constructions.TypeSet.CollectionIntersectionMembership	LRA.Set.Constructions.TypeSet.Operations	theorem	true	∀ {Alpha : Type u} (C : LRA.Set.Constructions.TypeSet (LRA.Set.Constructions.TypeSet Alpha)) (x : Alpha),   Iff (LRA.Set.Constructions.instMembershipTypeSet.mem C.CollectionIntersection x)     (∀ (B : LRA.Set.Constructions.TypeSet Alpha),       LRA.Set.Constructions.instMembershipTypeSet.mem C B → LRA.Set.Constructions.instMembershipTypeSet.mem B x)	∀ {Alpha : Type u} (C : (Alpha → Prop) → Prop) (x : Alpha),   Iff     (LRA.Set.Constructions.instMembershipTypeSet.1       (fun x =>         ∀ (B : Alpha → Prop),           LRA.Set.Constructions.instMembershipTypeSet.1 C B → LRA.Set.Constructions.instMembershipTypeSet.1 B x)       x)     (∀ (B : Alpha → Prop),       LRA.Set.Constructions.instMembershipTypeSet.1 C B → LRA.Set.Constructions.instMembershipTypeSet.1 B x)	ok
LRA.Set.Constructions.TypeSet.NotMemberOfEmpty	LRA.Set.Constructions.TypeSet.Laws.Membership	theorem	true	∀ {Alpha : Type u} (x : Alpha),   Not     (LRA.Set.Constructions.instMembershipTypeSet.mem LRA.Set.Constructions.TypeSet.instEmptyCollection.emptyCollection       x)	∀ {Alpha : Type u} (x : Alpha),   LRA.Set.Constructions.instMembershipTypeSet.1 LRA.Set.Constructions.TypeSet.instEmptyCollection.1 x → False	ok
LRA.Set.Constructions.TypeSet.UnionEmpty	LRA.Set.Constructions.TypeSet.Laws.Union	theorem	true	∀ {Alpha : Type u} (A : LRA.Set.Constructions.TypeSet Alpha),   Eq (LRA.Set.Constructions.TypeSet.instUnion.union A LRA.Set.Constructions.TypeSet.instEmptyCollection.emptyCollection)     A	∀ {Alpha : Type u} (A : Alpha → Prop),   Eq (LRA.Set.Constructions.TypeSet.instUnion.1 A LRA.Set.Constructions.TypeSet.instEmptyCollection.1) A	ok
LRA.Set.Constructions.TypeSet.UnionCommutative	LRA.Set.Constructions.TypeSet.Laws.Union	theorem	true	∀ {Alpha : Type u} (A B : LRA.Set.Constructions.TypeSet Alpha),   Eq (LRA.Set.Constructions.TypeSet.instUnion.union A B) (LRA.Set.Constructions.TypeSet.instUnion.union B A)	∀ {Alpha : Type u} (A B : Alpha → Prop),   Eq (LRA.Set.Constructions.TypeSet.instUnion.1 A B) (LRA.Set.Constructions.TypeSet.instUnion.1 B A)	ok
LRA.Set.Constructions.TypeSet.EmptyUnion	LRA.Set.Constructions.TypeSet.Laws.Union	theorem	true	∀ {Alpha : Type u} (A : LRA.Set.Constructions.TypeSet Alpha),   Eq (LRA.Set.Constructions.TypeSet.instUnion.union LRA.Set.Constructions.TypeSet.instEmptyCollection.emptyCollection A)     A	∀ {Alpha : Type u} (A : Alpha → Prop),   Eq (LRA.Set.Constructions.TypeSet.instUnion.1 LRA.Set.Constructions.TypeSet.instEmptyCollection.1 A) A	ok
LRA.Set.Constructions.TypeSet.UnionAssociative	LRA.Set.Constructions.TypeSet.Laws.Union	theorem	true	∀ {Alpha : Type u} (A B C : LRA.Set.Constructions.TypeSet Alpha),   Eq (LRA.Set.Constructions.TypeSet.instUnion.union (LRA.Set.Constructions.TypeSet.instUnion.union A B) C)     (LRA.Set.Constructions.TypeSet.instUnion.union A (LRA.Set.Constructions.TypeSet.instUnion.union B C))	∀ {Alpha : Type u} (A B C : Alpha → Prop),   Eq (LRA.Set.Constructions.TypeSet.instUnion.1 (LRA.Set.Constructions.TypeSet.instUnion.1 A B) C)     (LRA.Set.Constructions.TypeSet.instUnion.1 A (LRA.Set.Constructions.TypeSet.instUnion.1 B C))	ok
LRA.Set.Constructions.TypeSet.UnionIdempotent	LRA.Set.Constructions.TypeSet.Laws.Union	theorem	true	∀ {Alpha : Type u} (A : LRA.Set.Constructions.TypeSet Alpha), Eq (LRA.Set.Constructions.TypeSet.instUnion.union A A) A	∀ {Alpha : Type u} (A : Alpha → Prop), Eq (LRA.Set.Constructions.TypeSet.instUnion.1 A A) A	ok
LRA.Set.Constructions.TypeSet.UnionMonotone	LRA.Set.Constructions.TypeSet.Laws.Union	theorem	true	∀ {Alpha : Type u} (A₁ A₂ B₁ B₂ : LRA.Set.Constructions.TypeSet Alpha),   And (LRA.Set.Constructions.TypeSet.instHasSubset.Subset A₁ A₂)       (LRA.Set.Constructions.TypeSet.instHasSubset.Subset B₁ B₂) →     LRA.Set.Constructions.TypeSet.instHasSubset.Subset (LRA.Set.Constructions.TypeSet.instUnion.union A₁ B₁)       (LRA.Set.Constructions.TypeSet.instUnion.union A₂ B₂)	∀ {Alpha : Type u} (A₁ A₂ B₁ B₂ : Alpha → Prop),   And (LRA.Set.Constructions.TypeSet.instHasSubset.1 A₁ A₂) (LRA.Set.Constructions.TypeSet.instHasSubset.1 B₁ B₂) →     LRA.Set.Constructions.TypeSet.instHasSubset.1 (LRA.Set.Constructions.TypeSet.instUnion.1 A₁ B₁)       (LRA.Set.Constructions.TypeSet.instUnion.1 A₂ B₂)	ok
LRA.Set.Constructions.TypeSet.SubsetIffUnionEqRight	LRA.Set.Constructions.TypeSet.Laws.Union	theorem	true	∀ {Alpha : Type u} (A B : LRA.Set.Constructions.TypeSet Alpha),   Iff (LRA.Set.Constructions.TypeSet.instHasSubset.Subset A B)     (Eq (LRA.Set.Constructions.TypeSet.instUnion.union A B) B)	∀ {Alpha : Type u} (A B : Alpha → Prop),   Iff (LRA.Set.Constructions.TypeSet.instHasSubset.1 A B) (Eq (LRA.Set.Constructions.TypeSet.instUnion.1 A B) B)	ok
LRA.Set.Constructions.TypeSet.IntersectionCommutative	LRA.Set.Constructions.TypeSet.Laws.Intersection	theorem	true	∀ {Alpha : Type u} (A B : LRA.Set.Constructions.TypeSet Alpha),   Eq (LRA.Set.Constructions.TypeSet.instInter.inter A B) (LRA.Set.Constructions.TypeSet.instInter.inter B A)	∀ {Alpha : Type u} (A B : Alpha → Prop),   Eq (LRA.Set.Constructions.TypeSet.instInter.1 A B) (LRA.Set.Constructions.TypeSet.instInter.1 B A)	ok
LRA.Set.Constructions.TypeSet.IntersectionEmpty	LRA.Set.Constructions.TypeSet.Laws.Intersection	theorem	true	∀ {Alpha : Type u} (A : LRA.Set.Constructions.TypeSet Alpha),   Eq (LRA.Set.Constructions.TypeSet.instInter.inter A LRA.Set.Constructions.TypeSet.instEmptyCollection.emptyCollection)     LRA.Set.Constructions.TypeSet.instEmptyCollection.emptyCollection	∀ {Alpha : Type u} (A : Alpha → Prop),   Eq (LRA.Set.Constructions.TypeSet.instInter.1 A LRA.Set.Constructions.TypeSet.instEmptyCollection.1)     LRA.Set.Constructions.TypeSet.instEmptyCollection.1	ok
LRA.Set.Constructions.TypeSet.IntersectionMonotone	LRA.Set.Constructions.TypeSet.Laws.Intersection	theorem	true	∀ {Alpha : Type u} (A₁ A₂ B₁ B₂ : LRA.Set.Constructions.TypeSet Alpha),   And (LRA.Set.Constructions.TypeSet.instHasSubset.Subset A₁ A₂)       (LRA.Set.Constructions.TypeSet.instHasSubset.Subset B₁ B₂) →     LRA.Set.Constructions.TypeSet.instHasSubset.Subset (LRA.Set.Constructions.TypeSet.instInter.inter A₁ B₁)       (LRA.Set.Constructions.TypeSet.instInter.inter A₂ B₂)	∀ {Alpha : Type u} (A₁ A₂ B₁ B₂ : Alpha → Prop),   And (LRA.Set.Constructions.TypeSet.instHasSubset.1 A₁ A₂) (LRA.Set.Constructions.TypeSet.instHasSubset.1 B₁ B₂) →     LRA.Set.Constructions.TypeSet.instHasSubset.1 (LRA.Set.Constructions.TypeSet.instInter.1 A₁ B₁)       (LRA.Set.Constructions.TypeSet.instInter.1 A₂ B₂)	ok
LRA.Set.Constructions.TypeSet.IntersectionAssociative	LRA.Set.Constructions.TypeSet.Laws.Intersection	theorem	true	∀ {Alpha : Type u} (A B C : LRA.Set.Constructions.TypeSet Alpha),   Eq (LRA.Set.Constructions.TypeSet.instInter.inter (LRA.Set.Constructions.TypeSet.instInter.inter A B) C)     (LRA.Set.Constructions.TypeSet.instInter.inter A (LRA.Set.Constructions.TypeSet.instInter.inter B C))	∀ {Alpha : Type u} (A B C : Alpha → Prop),   Eq (LRA.Set.Constructions.TypeSet.instInter.1 (LRA.Set.Constructions.TypeSet.instInter.1 A B) C)     (LRA.Set.Constructions.TypeSet.instInter.1 A (LRA.Set.Constructions.TypeSet.instInter.1 B C))	ok
LRA.Set.Constructions.TypeSet.SubsetIffIntersectionEqLeft	LRA.Set.Constructions.TypeSet.Laws.Intersection	theorem	true	∀ {Alpha : Type u} (A B : LRA.Set.Constructions.TypeSet Alpha),   Iff (LRA.Set.Constructions.TypeSet.instHasSubset.Subset A B)     (Eq (LRA.Set.Constructions.TypeSet.instInter.inter A B) A)	∀ {Alpha : Type u} (A B : Alpha → Prop),   Iff (LRA.Set.Constructions.TypeSet.instHasSubset.1 A B) (Eq (LRA.Set.Constructions.TypeSet.instInter.1 A B) A)	ok
LRA.Set.Constructions.TypeSet.EmptyIntersection	LRA.Set.Constructions.TypeSet.Laws.Intersection	theorem	true	∀ {Alpha : Type u} (A : LRA.Set.Constructions.TypeSet Alpha),   Eq (LRA.Set.Constructions.TypeSet.instInter.inter LRA.Set.Constructions.TypeSet.instEmptyCollection.emptyCollection A)     LRA.Set.Constructions.TypeSet.instEmptyCollection.emptyCollection	∀ {Alpha : Type u} (A : Alpha → Prop),   Eq (LRA.Set.Constructions.TypeSet.instInter.1 LRA.Set.Constructions.TypeSet.instEmptyCollection.1 A)     LRA.Set.Constructions.TypeSet.instEmptyCollection.1	ok
LRA.Set.Constructions.TypeSet.IntersectionIdempotent	LRA.Set.Constructions.TypeSet.Laws.Intersection	theorem	true	∀ {Alpha : Type u} (A : LRA.Set.Constructions.TypeSet Alpha), Eq (LRA.Set.Constructions.TypeSet.instInter.inter A A) A	∀ {Alpha : Type u} (A : Alpha → Prop), Eq (LRA.Set.Constructions.TypeSet.instInter.1 A A) A	ok
LRA.Set.Constructions.TypeSet.SubsetReflexive	LRA.Set.Constructions.TypeSet.Laws.Subset	theorem	true	∀ {Alpha : Type u} (A : LRA.Set.Constructions.TypeSet Alpha), LRA.Set.Constructions.TypeSet.instHasSubset.Subset A A	∀ {Alpha : Type u} (A : Alpha → Prop), LRA.Set.Constructions.TypeSet.instHasSubset.1 A A	ok
LRA.Set.Constructions.TypeSet.SetEqualityIffMutualSubset	LRA.Set.Constructions.TypeSet.Laws.Subset	theorem	true	∀ {Alpha : Type u} (A B : LRA.Set.Constructions.TypeSet Alpha),   Iff (Eq A B)     (And (LRA.Set.Constructions.TypeSet.instHasSubset.Subset A B)       (LRA.Set.Constructions.TypeSet.instHasSubset.Subset B A))	∀ {Alpha : Type u} (A B : Alpha → Prop),   Iff (Eq A B)     (And (LRA.Set.Constructions.TypeSet.instHasSubset.1 A B) (LRA.Set.Constructions.TypeSet.instHasSubset.1 B A))	ok
LRA.Set.Constructions.TypeSet.SubsetTransitive	LRA.Set.Constructions.TypeSet.Laws.Subset	theorem	true	∀ {Alpha : Type u} (A B C : LRA.Set.Constructions.TypeSet Alpha),   And (LRA.Set.Constructions.TypeSet.instHasSubset.Subset A B)       (LRA.Set.Constructions.TypeSet.instHasSubset.Subset B C) →     LRA.Set.Constructions.TypeSet.instHasSubset.Subset A C	∀ {Alpha : Type u} (A B C : Alpha → Prop),   And (LRA.Set.Constructions.TypeSet.instHasSubset.1 A B) (LRA.Set.Constructions.TypeSet.instHasSubset.1 B C) →     LRA.Set.Constructions.TypeSet.instHasSubset.1 A C	ok
LRA.Set.Constructions.TypeSet.ComplementUniversal	LRA.Set.Constructions.TypeSet.Laws.Complement	theorem	true	∀ {Alpha : Type u},   Eq     (LRA.Set.Constructions.TypeSet.instHasComplement.complement       LRA.Set.Constructions.TypeSet.instHasUniversal.universal)     LRA.Set.Constructions.TypeSet.instEmptyCollection.emptyCollection	∀ {Alpha : Type u},   Eq (LRA.Set.Constructions.TypeSet.instHasComplement.1 LRA.Set.Constructions.TypeSet.instHasUniversal.1)     LRA.Set.Constructions.TypeSet.instEmptyCollection.1	ok
LRA.Set.Constructions.TypeSet.DifferenceUniversal	LRA.Set.Constructions.TypeSet.Laws.Complement	theorem	true	∀ {Alpha : Type u} (A : LRA.Set.Constructions.TypeSet Alpha),   Eq (LRA.Set.Constructions.TypeSet.instSDiff.sdiff A LRA.Set.Constructions.TypeSet.instHasUniversal.universal)     LRA.Set.Constructions.TypeSet.instEmptyCollection.emptyCollection	∀ {Alpha : Type u} (A : Alpha → Prop),   Eq (LRA.Set.Constructions.TypeSet.instSDiff.1 A LRA.Set.Constructions.TypeSet.instHasUniversal.1)     LRA.Set.Constructions.TypeSet.instEmptyCollection.1	ok
LRA.Set.Constructions.TypeSet.DeMorganUnion	LRA.Set.Constructions.TypeSet.Laws.Complement	theorem	true	∀ {Alpha : Type u} (A B : LRA.Set.Constructions.TypeSet Alpha),   Eq (LRA.Set.Constructions.TypeSet.instHasComplement.complement (LRA.Set.Constructions.TypeSet.instUnion.union A B))     (LRA.Set.Constructions.TypeSet.instInter.inter (LRA.Set.Constructions.TypeSet.instHasComplement.complement A)       (LRA.Set.Constructions.TypeSet.instHasComplement.complement B))	∀ {Alpha : Type u} (A B : Alpha → Prop),   Eq (LRA.Set.Constructions.TypeSet.instHasComplement.1 (LRA.Set.Constructions.TypeSet.instUnion.1 A B))     (LRA.Set.Constructions.TypeSet.instInter.1 (LRA.Set.Constructions.TypeSet.instHasComplement.1 A)       (LRA.Set.Constructions.TypeSet.instHasComplement.1 B))	ok
LRA.Set.Constructions.TypeSet.UniversalDifference	LRA.Set.Constructions.TypeSet.Laws.Complement	theorem	true	∀ {Alpha : Type u} (A : LRA.Set.Constructions.TypeSet Alpha),   Eq (LRA.Set.Constructions.TypeSet.instSDiff.sdiff LRA.Set.Constructions.TypeSet.instHasUniversal.universal A)     (LRA.Set.Constructions.TypeSet.instHasComplement.complement A)	∀ {Alpha : Type u} (A : Alpha → Prop),   Eq (LRA.Set.Constructions.TypeSet.instSDiff.1 LRA.Set.Constructions.TypeSet.instHasUniversal.1 A)     (LRA.Set.Constructions.TypeSet.instHasComplement.1 A)	ok
LRA.Set.Constructions.TypeSet.UnionComplement	LRA.Set.Constructions.TypeSet.Laws.Complement	theorem	true	∀ {Alpha : Type u} (A : LRA.Set.Constructions.TypeSet Alpha),   Eq (LRA.Set.Constructions.TypeSet.instUnion.union A (LRA.Set.Constructions.TypeSet.instHasComplement.complement A))     LRA.Set.Constructions.TypeSet.instHasUniversal.universal	∀ {Alpha : Type u} (A : Alpha → Prop),   Eq (LRA.Set.Constructions.TypeSet.instUnion.1 A (LRA.Set.Constructions.TypeSet.instHasComplement.1 A))     LRA.Set.Constructions.TypeSet.instHasUniversal.1	ok
LRA.Set.Constructions.TypeSet.DifferenceAsIntersectionComplement	LRA.Set.Constructions.TypeSet.Laws.Complement	theorem	true	∀ {Alpha : Type u} (A B : LRA.Set.Constructions.TypeSet Alpha),   Eq (LRA.Set.Constructions.TypeSet.instSDiff.sdiff A B)     (LRA.Set.Constructions.TypeSet.instInter.inter A (LRA.Set.Constructions.TypeSet.instHasComplement.complement B))	∀ {Alpha : Type u} (A B : Alpha → Prop),   Eq (LRA.Set.Constructions.TypeSet.instSDiff.1 A B)     (LRA.Set.Constructions.TypeSet.instInter.1 A (LRA.Set.Constructions.TypeSet.instHasComplement.1 B))	ok
LRA.Set.Constructions.TypeSet.ComplementEmpty	LRA.Set.Constructions.TypeSet.Laws.Complement	theorem	true	∀ {Alpha : Type u},   Eq     (LRA.Set.Constructions.TypeSet.instHasComplement.complement       LRA.Set.Constructions.TypeSet.instEmptyCollection.emptyCollection)     LRA.Set.Constructions.TypeSet.instHasUniversal.universal	∀ {Alpha : Type u},   Eq (LRA.Set.Constructions.TypeSet.instHasComplement.1 LRA.Set.Constructions.TypeSet.instEmptyCollection.1)     LRA.Set.Constructions.TypeSet.instHasUniversal.1	ok
LRA.Set.Constructions.TypeSet.DoubleComplement	LRA.Set.Constructions.TypeSet.Laws.Complement	theorem	true	∀ {Alpha : Type u} (A : LRA.Set.Constructions.TypeSet Alpha),   Eq     (LRA.Set.Constructions.TypeSet.instHasComplement.complement       (LRA.Set.Constructions.TypeSet.instHasComplement.complement A))     A	∀ {Alpha : Type u} (A : Alpha → Prop),   Eq (LRA.Set.Constructions.TypeSet.instHasComplement.1 (LRA.Set.Constructions.TypeSet.instHasComplement.1 A)) A	ok
LRA.Set.Constructions.TypeSet.IntersectionComplement	LRA.Set.Constructions.TypeSet.Laws.Complement	theorem	true	∀ {Alpha : Type u} (A : LRA.Set.Constructions.TypeSet Alpha),   Eq (LRA.Set.Constructions.TypeSet.instInter.inter A (LRA.Set.Constructions.TypeSet.instHasComplement.complement A))     LRA.Set.Constructions.TypeSet.instEmptyCollection.emptyCollection	∀ {Alpha : Type u} (A : Alpha → Prop),   Eq (LRA.Set.Constructions.TypeSet.instInter.1 A (LRA.Set.Constructions.TypeSet.instHasComplement.1 A))     LRA.Set.Constructions.TypeSet.instEmptyCollection.1	ok
LRA.Set.Constructions.TypeSet.DeMorganIntersection	LRA.Set.Constructions.TypeSet.Laws.Complement	theorem	true	∀ {Alpha : Type u} (A B : LRA.Set.Constructions.TypeSet Alpha),   Eq (LRA.Set.Constructions.TypeSet.instHasComplement.complement (LRA.Set.Constructions.TypeSet.instInter.inter A B))     (LRA.Set.Constructions.TypeSet.instUnion.union (LRA.Set.Constructions.TypeSet.instHasComplement.complement A)       (LRA.Set.Constructions.TypeSet.instHasComplement.complement B))	∀ {Alpha : Type u} (A B : Alpha → Prop),   Eq (LRA.Set.Constructions.TypeSet.instHasComplement.1 (LRA.Set.Constructions.TypeSet.instInter.1 A B))     (LRA.Set.Constructions.TypeSet.instUnion.1 (LRA.Set.Constructions.TypeSet.instHasComplement.1 A)       (LRA.Set.Constructions.TypeSet.instHasComplement.1 B))	ok
LRA.Set.Constructions.TypeSet.DifferenceDisjointRight	LRA.Set.Constructions.TypeSet.Laws.Difference	theorem	true	∀ {Alpha : Type u} (A B : LRA.Set.Constructions.TypeSet Alpha),   Eq (LRA.Set.Constructions.TypeSet.instInter.inter (LRA.Set.Constructions.TypeSet.instSDiff.sdiff A B) B)     LRA.Set.Constructions.TypeSet.instEmptyCollection.emptyCollection	∀ {Alpha : Type u} (A B : Alpha → Prop),   Eq (LRA.Set.Constructions.TypeSet.instInter.1 (LRA.Set.Constructions.TypeSet.instSDiff.1 A B) B)     LRA.Set.Constructions.TypeSet.instEmptyCollection.1	ok
LRA.Set.Constructions.TypeSet.DifferenceSelf	LRA.Set.Constructions.TypeSet.Laws.Difference	theorem	true	∀ {Alpha : Type u} (A : LRA.Set.Constructions.TypeSet Alpha),   Eq (LRA.Set.Constructions.TypeSet.instSDiff.sdiff A A)     LRA.Set.Constructions.TypeSet.instEmptyCollection.emptyCollection	∀ {Alpha : Type u} (A : Alpha → Prop),   Eq (LRA.Set.Constructions.TypeSet.instSDiff.1 A A) LRA.Set.Constructions.TypeSet.instEmptyCollection.1	ok
LRA.Set.Constructions.TypeSet.UnionDifferenceDistributes	LRA.Set.Constructions.TypeSet.Laws.Difference	theorem	true	∀ {Alpha : Type u} (A B C : LRA.Set.Constructions.TypeSet Alpha),   Eq (LRA.Set.Constructions.TypeSet.instSDiff.sdiff (LRA.Set.Constructions.TypeSet.instUnion.union A B) C)     (LRA.Set.Constructions.TypeSet.instUnion.union (LRA.Set.Constructions.TypeSet.instSDiff.sdiff A C)       (LRA.Set.Constructions.TypeSet.instSDiff.sdiff B C))	∀ {Alpha : Type u} (A B C : Alpha → Prop),   Eq (LRA.Set.Constructions.TypeSet.instSDiff.1 (LRA.Set.Constructions.TypeSet.instUnion.1 A B) C)     (LRA.Set.Constructions.TypeSet.instUnion.1 (LRA.Set.Constructions.TypeSet.instSDiff.1 A C)       (LRA.Set.Constructions.TypeSet.instSDiff.1 B C))	ok
LRA.Set.Constructions.TypeSet.DifferenceAntitoneRight	LRA.Set.Constructions.TypeSet.Laws.Difference	theorem	true	∀ {Alpha : Type u} (A B₁ B₂ : LRA.Set.Constructions.TypeSet Alpha),   LRA.Set.Constructions.TypeSet.instHasSubset.Subset B₁ B₂ →     LRA.Set.Constructions.TypeSet.instHasSubset.Subset (LRA.Set.Constructions.TypeSet.instSDiff.sdiff A B₂)       (LRA.Set.Constructions.TypeSet.instSDiff.sdiff A B₁)	∀ {Alpha : Type u} (A B₁ B₂ : Alpha → Prop),   LRA.Set.Constructions.TypeSet.instHasSubset.1 B₁ B₂ →     LRA.Set.Constructions.TypeSet.instHasSubset.1 (LRA.Set.Constructions.TypeSet.instSDiff.1 A B₂)       (LRA.Set.Constructions.TypeSet.instSDiff.1 A B₁)	ok
LRA.Set.Constructions.TypeSet.DifferenceMonotoneLeft	LRA.Set.Constructions.TypeSet.Laws.Difference	theorem	true	∀ {Alpha : Type u} (A₁ A₂ B : LRA.Set.Constructions.TypeSet Alpha),   LRA.Set.Constructions.TypeSet.instHasSubset.Subset A₁ A₂ →     LRA.Set.Constructions.TypeSet.instHasSubset.Subset (LRA.Set.Constructions.TypeSet.instSDiff.sdiff A₁ B)       (LRA.Set.Constructions.TypeSet.instSDiff.sdiff A₂ B)	∀ {Alpha : Type u} (A₁ A₂ B : Alpha → Prop),   LRA.Set.Constructions.TypeSet.instHasSubset.1 A₁ A₂ →     LRA.Set.Constructions.TypeSet.instHasSubset.1 (LRA.Set.Constructions.TypeSet.instSDiff.1 A₁ B)       (LRA.Set.Constructions.TypeSet.instSDiff.1 A₂ B)	ok
LRA.Set.Constructions.TypeSet.EmptyDifference	LRA.Set.Constructions.TypeSet.Laws.Difference	theorem	true	∀ {Alpha : Type u} (A : LRA.Set.Constructions.TypeSet Alpha),   Eq (LRA.Set.Constructions.TypeSet.instSDiff.sdiff LRA.Set.Constructions.TypeSet.instEmptyCollection.emptyCollection A)     LRA.Set.Constructions.TypeSet.instEmptyCollection.emptyCollection	∀ {Alpha : Type u} (A : Alpha → Prop),   Eq (LRA.Set.Constructions.TypeSet.instSDiff.1 LRA.Set.Constructions.TypeSet.instEmptyCollection.1 A)     LRA.Set.Constructions.TypeSet.instEmptyCollection.1	ok
LRA.Set.Constructions.TypeSet.DifferenceIntersection	LRA.Set.Constructions.TypeSet.Laws.Difference	theorem	true	∀ {Alpha : Type u} (A B C : LRA.Set.Constructions.TypeSet Alpha),   Eq (LRA.Set.Constructions.TypeSet.instSDiff.sdiff A (LRA.Set.Constructions.TypeSet.instInter.inter B C))     (LRA.Set.Constructions.TypeSet.instUnion.union (LRA.Set.Constructions.TypeSet.instSDiff.sdiff A B)       (LRA.Set.Constructions.TypeSet.instSDiff.sdiff A C))	∀ {Alpha : Type u} (A B C : Alpha → Prop),   Eq (LRA.Set.Constructions.TypeSet.instSDiff.1 A (LRA.Set.Constructions.TypeSet.instInter.1 B C))     (LRA.Set.Constructions.TypeSet.instUnion.1 (LRA.Set.Constructions.TypeSet.instSDiff.1 A B)       (LRA.Set.Constructions.TypeSet.instSDiff.1 A C))	ok
LRA.Set.Constructions.TypeSet.DifferenceSubsetLeft	LRA.Set.Constructions.TypeSet.Laws.Difference	theorem	true	∀ {Alpha : Type u} (A B : LRA.Set.Constructions.TypeSet Alpha),   LRA.Set.Constructions.TypeSet.instHasSubset.Subset (LRA.Set.Constructions.TypeSet.instSDiff.sdiff A B) A	∀ {Alpha : Type u} (A B : Alpha → Prop),   LRA.Set.Constructions.TypeSet.instHasSubset.1 (LRA.Set.Constructions.TypeSet.instSDiff.1 A B) A	ok
LRA.Set.Constructions.TypeSet.DifferenceEmpty	LRA.Set.Constructions.TypeSet.Laws.Difference	theorem	true	∀ {Alpha : Type u} (A : LRA.Set.Constructions.TypeSet Alpha),   Eq (LRA.Set.Constructions.TypeSet.instSDiff.sdiff A LRA.Set.Constructions.TypeSet.instEmptyCollection.emptyCollection)     A	∀ {Alpha : Type u} (A : Alpha → Prop),   Eq (LRA.Set.Constructions.TypeSet.instSDiff.1 A LRA.Set.Constructions.TypeSet.instEmptyCollection.1) A	ok
LRA.Set.Constructions.TypeSet.IntersectionDifferenceDistributes	LRA.Set.Constructions.TypeSet.Laws.Difference	theorem	true	∀ {Alpha : Type u} (A B C : LRA.Set.Constructions.TypeSet Alpha),   Eq (LRA.Set.Constructions.TypeSet.instSDiff.sdiff (LRA.Set.Constructions.TypeSet.instInter.inter A B) C)     (LRA.Set.Constructions.TypeSet.instInter.inter (LRA.Set.Constructions.TypeSet.instSDiff.sdiff A C)       (LRA.Set.Constructions.TypeSet.instSDiff.sdiff B C))	∀ {Alpha : Type u} (A B C : Alpha → Prop),   Eq (LRA.Set.Constructions.TypeSet.instSDiff.1 (LRA.Set.Constructions.TypeSet.instInter.1 A B) C)     (LRA.Set.Constructions.TypeSet.instInter.1 (LRA.Set.Constructions.TypeSet.instSDiff.1 A C)       (LRA.Set.Constructions.TypeSet.instSDiff.1 B C))	ok
LRA.Set.Constructions.TypeSet.DifferenceUnion	LRA.Set.Constructions.TypeSet.Laws.Difference	theorem	true	∀ {Alpha : Type u} (A B C : LRA.Set.Constructions.TypeSet Alpha),   Eq (LRA.Set.Constructions.TypeSet.instSDiff.sdiff A (LRA.Set.Constructions.TypeSet.instUnion.union B C))     (LRA.Set.Constructions.TypeSet.instInter.inter (LRA.Set.Constructions.TypeSet.instSDiff.sdiff A B)       (LRA.Set.Constructions.TypeSet.instSDiff.sdiff A C))	∀ {Alpha : Type u} (A B C : Alpha → Prop),   Eq (LRA.Set.Constructions.TypeSet.instSDiff.1 A (LRA.Set.Constructions.TypeSet.instUnion.1 B C))     (LRA.Set.Constructions.TypeSet.instInter.1 (LRA.Set.Constructions.TypeSet.instSDiff.1 A B)       (LRA.Set.Constructions.TypeSet.instSDiff.1 A C))	ok
LRA.Set.Constructions.TypeSet.SymmetricDifferenceEqEmptyIff	LRA.Set.Constructions.TypeSet.Laws.SymmetricDifference	theorem	true	∀ {Alpha : Type u} (A B : LRA.Set.Constructions.TypeSet Alpha),   Iff     (Eq (LRA.Set.Constructions.TypeSet.instHasSymmDiff.symmDiff A B)       LRA.Set.Constructions.TypeSet.instEmptyCollection.emptyCollection)     (Eq A B)	∀ {Alpha : Type u} (A B : Alpha → Prop),   Iff (Eq (LRA.Set.Constructions.TypeSet.instHasSymmDiff.1 A B) LRA.Set.Constructions.TypeSet.instEmptyCollection.1)     (Eq A B)	ok
LRA.Set.Constructions.TypeSet.SymmetricDifferenceAsUnionDifferences	LRA.Set.Constructions.TypeSet.Laws.SymmetricDifference	theorem	true	∀ {Alpha : Type u} (A B : LRA.Set.Constructions.TypeSet Alpha),   Eq (LRA.Set.Constructions.TypeSet.instHasSymmDiff.symmDiff A B)     (LRA.Set.Constructions.TypeSet.instUnion.union (LRA.Set.Constructions.TypeSet.instSDiff.sdiff A B)       (LRA.Set.Constructions.TypeSet.instSDiff.sdiff B A))	∀ {Alpha : Type u} (A B : Alpha → Prop),   Eq (LRA.Set.Constructions.TypeSet.instHasSymmDiff.1 A B)     (LRA.Set.Constructions.TypeSet.instUnion.1 (LRA.Set.Constructions.TypeSet.instSDiff.1 A B)       (LRA.Set.Constructions.TypeSet.instSDiff.1 B A))	ok
LRA.Set.Constructions.TypeSet.SymmetricDifferenceSubsetUnion	LRA.Set.Constructions.TypeSet.Laws.SymmetricDifference	theorem	true	∀ {Alpha : Type u} (A B : LRA.Set.Constructions.TypeSet Alpha),   LRA.Set.Constructions.TypeSet.instHasSubset.Subset (LRA.Set.Constructions.TypeSet.instHasSymmDiff.symmDiff A B)     (LRA.Set.Constructions.TypeSet.instUnion.union A B)	∀ {Alpha : Type u} (A B : Alpha → Prop),   LRA.Set.Constructions.TypeSet.instHasSubset.1 (LRA.Set.Constructions.TypeSet.instHasSymmDiff.1 A B)     (LRA.Set.Constructions.TypeSet.instUnion.1 A B)	ok
LRA.Set.Constructions.TypeSet.EmptySymmetricDifference	LRA.Set.Constructions.TypeSet.Laws.SymmetricDifference	theorem	true	∀ {Alpha : Type u} (A : LRA.Set.Constructions.TypeSet Alpha),   Eq     (LRA.Set.Constructions.TypeSet.instHasSymmDiff.symmDiff       LRA.Set.Constructions.TypeSet.instEmptyCollection.emptyCollection A)     A	∀ {Alpha : Type u} (A : Alpha → Prop),   Eq (LRA.Set.Constructions.TypeSet.instHasSymmDiff.1 LRA.Set.Constructions.TypeSet.instEmptyCollection.1 A) A	ok
LRA.Set.Constructions.TypeSet.SymmetricDifferenceSelf	LRA.Set.Constructions.TypeSet.Laws.SymmetricDifference	theorem	true	∀ {Alpha : Type u} (A : LRA.Set.Constructions.TypeSet Alpha),   Eq (LRA.Set.Constructions.TypeSet.instHasSymmDiff.symmDiff A A)     LRA.Set.Constructions.TypeSet.instEmptyCollection.emptyCollection	∀ {Alpha : Type u} (A : Alpha → Prop),   Eq (LRA.Set.Constructions.TypeSet.instHasSymmDiff.1 A A) LRA.Set.Constructions.TypeSet.instEmptyCollection.1	ok
LRA.Set.Constructions.TypeSet.SymmetricDifferenceEmpty	LRA.Set.Constructions.TypeSet.Laws.SymmetricDifference	theorem	true	∀ {Alpha : Type u} (A : LRA.Set.Constructions.TypeSet Alpha),   Eq     (LRA.Set.Constructions.TypeSet.instHasSymmDiff.symmDiff A       LRA.Set.Constructions.TypeSet.instEmptyCollection.emptyCollection)     A	∀ {Alpha : Type u} (A : Alpha → Prop),   Eq (LRA.Set.Constructions.TypeSet.instHasSymmDiff.1 A LRA.Set.Constructions.TypeSet.instEmptyCollection.1) A	ok
LRA.Set.Constructions.TypeSet.SymmetricDifferenceAsUnionDifferenceIntersection	LRA.Set.Constructions.TypeSet.Laws.SymmetricDifference	theorem	true	∀ {Alpha : Type u} (A B : LRA.Set.Constructions.TypeSet Alpha),   Eq (LRA.Set.Constructions.TypeSet.instHasSymmDiff.symmDiff A B)     (LRA.Set.Constructions.TypeSet.instSDiff.sdiff (LRA.Set.Constructions.TypeSet.instUnion.union A B)       (LRA.Set.Constructions.TypeSet.instInter.inter A B))	∀ {Alpha : Type u} (A B : Alpha → Prop),   Eq (LRA.Set.Constructions.TypeSet.instHasSymmDiff.1 A B)     (LRA.Set.Constructions.TypeSet.instSDiff.1 (LRA.Set.Constructions.TypeSet.instUnion.1 A B)       (LRA.Set.Constructions.TypeSet.instInter.1 A B))	ok
LRA.Set.Constructions.TypeSet.SymmetricDifferenceAssociative	LRA.Set.Constructions.TypeSet.Laws.SymmetricDifference	theorem	true	∀ {Alpha : Type u} (A B C : LRA.Set.Constructions.TypeSet Alpha),   Eq     (LRA.Set.Constructions.TypeSet.instHasSymmDiff.symmDiff (LRA.Set.Constructions.TypeSet.instHasSymmDiff.symmDiff A B)       C)     (LRA.Set.Constructions.TypeSet.instHasSymmDiff.symmDiff A       (LRA.Set.Constructions.TypeSet.instHasSymmDiff.symmDiff B C))	∀ {Alpha : Type u} (A B C : Alpha → Prop),   Eq (LRA.Set.Constructions.TypeSet.instHasSymmDiff.1 (LRA.Set.Constructions.TypeSet.instHasSymmDiff.1 A B) C)     (LRA.Set.Constructions.TypeSet.instHasSymmDiff.1 A (LRA.Set.Constructions.TypeSet.instHasSymmDiff.1 B C))	ok
LRA.Set.Constructions.TypeSet.SymmetricDifferenceCommutative	LRA.Set.Constructions.TypeSet.Laws.SymmetricDifference	theorem	true	∀ {Alpha : Type u} (A B : LRA.Set.Constructions.TypeSet Alpha),   Eq (LRA.Set.Constructions.TypeSet.instHasSymmDiff.symmDiff A B)     (LRA.Set.Constructions.TypeSet.instHasSymmDiff.symmDiff B A)	∀ {Alpha : Type u} (A B : Alpha → Prop),   Eq (LRA.Set.Constructions.TypeSet.instHasSymmDiff.1 A B) (LRA.Set.Constructions.TypeSet.instHasSymmDiff.1 B A)	ok
LRA.Set.Constructions.TypeSet.AbsorptionIntersectionUnion	LRA.Set.Constructions.TypeSet.Laws.Distributivity	theorem	true	∀ {Alpha : Type u} (A B : LRA.Set.Constructions.TypeSet Alpha),   Eq (LRA.Set.Constructions.TypeSet.instInter.inter A (LRA.Set.Constructions.TypeSet.instUnion.union A B)) A	∀ {Alpha : Type u} (A B : Alpha → Prop),   Eq (LRA.Set.Constructions.TypeSet.instInter.1 A (LRA.Set.Constructions.TypeSet.instUnion.1 A B)) A	ok
LRA.Set.Constructions.TypeSet.IntersectionDistributesOverUnion	LRA.Set.Constructions.TypeSet.Laws.Distributivity	theorem	true	∀ {Alpha : Type u} (A B C : LRA.Set.Constructions.TypeSet Alpha),   Eq (LRA.Set.Constructions.TypeSet.instInter.inter A (LRA.Set.Constructions.TypeSet.instUnion.union B C))     (LRA.Set.Constructions.TypeSet.instUnion.union (LRA.Set.Constructions.TypeSet.instInter.inter A B)       (LRA.Set.Constructions.TypeSet.instInter.inter A C))	∀ {Alpha : Type u} (A B C : Alpha → Prop),   Eq (LRA.Set.Constructions.TypeSet.instInter.1 A (LRA.Set.Constructions.TypeSet.instUnion.1 B C))     (LRA.Set.Constructions.TypeSet.instUnion.1 (LRA.Set.Constructions.TypeSet.instInter.1 A B)       (LRA.Set.Constructions.TypeSet.instInter.1 A C))	ok
LRA.Set.Constructions.TypeSet.AbsorptionUnionIntersection	LRA.Set.Constructions.TypeSet.Laws.Distributivity	theorem	true	∀ {Alpha : Type u} (A B : LRA.Set.Constructions.TypeSet Alpha),   Eq (LRA.Set.Constructions.TypeSet.instUnion.union A (LRA.Set.Constructions.TypeSet.instInter.inter A B)) A	∀ {Alpha : Type u} (A B : Alpha → Prop),   Eq (LRA.Set.Constructions.TypeSet.instUnion.1 A (LRA.Set.Constructions.TypeSet.instInter.1 A B)) A	ok
LRA.Set.Constructions.TypeSet.UnionDistributesOverIntersection	LRA.Set.Constructions.TypeSet.Laws.Distributivity	theorem	true	∀ {Alpha : Type u} (A B C : LRA.Set.Constructions.TypeSet Alpha),   Eq (LRA.Set.Constructions.TypeSet.instUnion.union A (LRA.Set.Constructions.TypeSet.instInter.inter B C))     (LRA.Set.Constructions.TypeSet.instInter.inter (LRA.Set.Constructions.TypeSet.instUnion.union A B)       (LRA.Set.Constructions.TypeSet.instUnion.union A C))	∀ {Alpha : Type u} (A B C : Alpha → Prop),   Eq (LRA.Set.Constructions.TypeSet.instUnion.1 A (LRA.Set.Constructions.TypeSet.instInter.1 B C))     (LRA.Set.Constructions.TypeSet.instInter.1 (LRA.Set.Constructions.TypeSet.instUnion.1 A B)       (LRA.Set.Constructions.TypeSet.instUnion.1 A C))	ok
LRA.Set.Constructions.TypeSet.instIntersectionLaws	LRA.Set.Constructions.TypeSet.Satisfy_Generic	theorem	true	∀ {Alpha : Type u}, LRA.Set.IntersectionLaws (LRA.Set.Constructions.TypeSet Alpha)	∀ {Alpha : Type u}, LRA.Set.IntersectionLaws (Alpha → Prop)	ok
LRA.Set.Constructions.TypeSet.instSeparationLaws	LRA.Set.Constructions.TypeSet.Satisfy_Generic	theorem	true	∀ {Alpha : Type u}, LRA.Set.SeparationLaws Alpha (LRA.Set.Constructions.TypeSet Alpha)	∀ {Alpha : Type u}, LRA.Set.SeparationLaws Alpha (Alpha → Prop)	ok
LRA.Set.Constructions.TypeSet.instIndexedMembershipLaws	LRA.Set.Constructions.TypeSet.Satisfy_Generic	theorem	true	∀ {Alpha : Type u}, LRA.Set.IndexedMembershipLaws Alpha (LRA.Set.Constructions.TypeSet Alpha)	∀ {Alpha : Type u}, LRA.Set.IndexedMembershipLaws Alpha (Alpha → Prop)	ok
LRA.Set.Constructions.TypeSet.instExtensionalityLaw	LRA.Set.Constructions.TypeSet.Satisfy_Generic	theorem	true	∀ {Alpha : Type u}, LRA.Set.ExtensionalityLaw Alpha (LRA.Set.Constructions.TypeSet Alpha)	∀ {Alpha : Type u}, LRA.Set.ExtensionalityLaw Alpha (Alpha → Prop)	ok
LRA.Set.Constructions.TypeSet.instPowersetMembershipLaws	LRA.Set.Constructions.TypeSet.Satisfy_Generic	theorem	true	∀ {Alpha : Type u},   LRA.Set.PowersetMembershipLaws (LRA.Set.Constructions.TypeSet Alpha)     (LRA.Set.Constructions.TypeSet (LRA.Set.Constructions.TypeSet Alpha))	∀ {Alpha : Type u}, LRA.Set.PowersetMembershipLaws (Alpha → Prop) ((Alpha → Prop) → Prop)	ok
LRA.Set.Constructions.TypeSet.instSubsetLaws	LRA.Set.Constructions.TypeSet.Satisfy_Generic	theorem	true	∀ {Alpha : Type u}, LRA.Set.SubsetLaws (LRA.Set.Constructions.TypeSet Alpha)	∀ {Alpha : Type u}, LRA.Set.SubsetLaws (Alpha → Prop)	ok
LRA.Set.Constructions.TypeSet.instSymmDiffMembershipLaws	LRA.Set.Constructions.TypeSet.Satisfy_Generic	theorem	true	∀ {Alpha : Type u}, LRA.Set.SymmDiffMembershipLaws Alpha (LRA.Set.Constructions.TypeSet Alpha)	∀ {Alpha : Type u}, LRA.Set.SymmDiffMembershipLaws Alpha (Alpha → Prop)	ok
LRA.Set.Constructions.TypeSet.instCountableMembershipLaws	LRA.Set.Constructions.TypeSet.Satisfy_Generic	theorem	true	∀ {Alpha : Type u}, LRA.Set.CountableMembershipLaws Alpha (LRA.Set.Constructions.TypeSet Alpha)	∀ {Alpha : Type u}, LRA.Set.CountableMembershipLaws Alpha (Alpha → Prop)	ok
LRA.Set.Constructions.TypeSet.instComplementLaws	LRA.Set.Constructions.TypeSet.Satisfy_Generic	theorem	true	∀ {Alpha : Type u}, LRA.Set.ComplementLaws (LRA.Set.Constructions.TypeSet Alpha)	∀ {Alpha : Type u}, LRA.Set.ComplementLaws (Alpha → Prop)	ok
LRA.Set.Constructions.TypeSet.instUniversalMembershipLaws	LRA.Set.Constructions.TypeSet.Satisfy_Generic	theorem	true	∀ {Alpha : Type u}, LRA.Set.UniversalMembershipLaws Alpha (LRA.Set.Constructions.TypeSet Alpha)	∀ {Alpha : Type u}, LRA.Set.UniversalMembershipLaws Alpha (Alpha → Prop)	ok
LRA.Set.Constructions.TypeSet.instDifferenceLaws	LRA.Set.Constructions.TypeSet.Satisfy_Generic	theorem	true	∀ {Alpha : Type u}, LRA.Set.DifferenceLaws (LRA.Set.Constructions.TypeSet Alpha)	∀ {Alpha : Type u}, LRA.Set.DifferenceLaws (Alpha → Prop)	ok
LRA.Set.Constructions.TypeSet.instMembershipLaws	LRA.Set.Constructions.TypeSet.Satisfy_Generic	theorem	true	∀ {Alpha : Type u}, LRA.Set.MembershipLaws Alpha (LRA.Set.Constructions.TypeSet Alpha)	∀ {Alpha : Type u}, LRA.Set.MembershipLaws Alpha (Alpha → Prop)	ok
LRA.Set.Constructions.TypeSet.instUnionLaws	LRA.Set.Constructions.TypeSet.Satisfy_Generic	theorem	true	∀ {Alpha : Type u}, LRA.Set.UnionLaws (LRA.Set.Constructions.TypeSet Alpha)	∀ {Alpha : Type u}, LRA.Set.UnionLaws (Alpha → Prop)	ok
LRA.Set.Constructions.TypeSet.instCollectionMembershipLaws	LRA.Set.Constructions.TypeSet.Satisfy_Generic	theorem	true	∀ {Alpha : Type u},   LRA.Set.CollectionMembershipLaws Alpha (LRA.Set.Constructions.TypeSet Alpha)     (LRA.Set.Constructions.TypeSet (LRA.Set.Constructions.TypeSet Alpha))	∀ {Alpha : Type u}, LRA.Set.CollectionMembershipLaws Alpha (Alpha → Prop) ((Alpha → Prop) → Prop)	ok
LRA.Set.Constructions.TypeSet.instSymmDiffLaws	LRA.Set.Constructions.TypeSet.Satisfy_Generic	theorem	true	∀ {Alpha : Type u}, LRA.Set.SymmDiffLaws (LRA.Set.Constructions.TypeSet Alpha)	∀ {Alpha : Type u}, LRA.Set.SymmDiffLaws (Alpha → Prop)	ok
LRA.Set.Constructions.TypeSet.instDistributivityLaws	LRA.Set.Constructions.TypeSet.Satisfy_Generic	theorem	true	∀ {Alpha : Type u}, LRA.Set.DistributivityLaws (LRA.Set.Constructions.TypeSet Alpha)	∀ {Alpha : Type u}, LRA.Set.DistributivityLaws (Alpha → Prop)	ok
LRA.Set.Constructions.ZFCMembership	LRA.Set.Constructions.ZFCSet.Primitives	axiom	false	LRA.Set.Constructions.ZFCSet → LRA.Set.Constructions.ZFCSet → Prop	LRA.Set.Constructions.ZFCSet → LRA.Set.Constructions.ZFCSet → Prop	error:unavailable
LRA.Set.Constructions.ZFCSet	LRA.Set.Constructions.ZFCSet.Primitives	axiom	false	Type	Type	ok
LRA.Set.Constructions.ZFCSet.Axioms.Extensionality	LRA.Set.Constructions.ZFCSet.Axioms.Extensionality.Axiom	axiom	false	∀ (A B : LRA.Set.Constructions.ZFCSet),   (∀ (x : LRA.Set.Constructions.ZFCSet),       Iff (LRA.Set.Constructions.instMembershipZFCSet.mem A x) (LRA.Set.Constructions.instMembershipZFCSet.mem B x)) →     Eq A B	∀ (A B : LRA.Set.Constructions.ZFCSet),   (∀ (x : LRA.Set.Constructions.ZFCSet),       Iff (LRA.Set.Constructions.instMembershipZFCSet.1 A x) (LRA.Set.Constructions.instMembershipZFCSet.1 B x)) →     Eq A B	ok
LRA.Set.Constructions.ZFCSet.Axioms.EmptySet	LRA.Set.Constructions.ZFCSet.Axioms.EmptySet.Axiom	axiom	false	Exists fun A => ∀ (x : LRA.Set.Constructions.ZFCSet), Not (LRA.Set.Constructions.instMembershipZFCSet.mem A x)	Exists fun A => ∀ (x : LRA.Set.Constructions.ZFCSet), LRA.Set.Constructions.instMembershipZFCSet.1 A x → False	ok
LRA.Set.Constructions.ZFCSet.Axioms.Pairing	LRA.Set.Constructions.ZFCSet.Axioms.Pairing.Axiom	axiom	false	∀ (A B : LRA.Set.Constructions.ZFCSet),   Exists fun C =>     ∀ (x : LRA.Set.Constructions.ZFCSet),       Iff (LRA.Set.Constructions.instMembershipZFCSet.mem C x) (Or (Eq x A) (Eq x B))	∀ (A B : LRA.Set.Constructions.ZFCSet),   Exists fun C =>     ∀ (x : LRA.Set.Constructions.ZFCSet), Iff (LRA.Set.Constructions.instMembershipZFCSet.1 C x) (Or (Eq x A) (Eq x B))	ok
LRA.Set.Constructions.ZFCSet.Axioms.Union	LRA.Set.Constructions.ZFCSet.Axioms.Union.Axiom	axiom	false	∀ (A : LRA.Set.Constructions.ZFCSet),   Exists fun U =>     ∀ (x : LRA.Set.Constructions.ZFCSet),       Iff (LRA.Set.Constructions.instMembershipZFCSet.mem U x)         (Exists fun B =>           And (LRA.Set.Constructions.instMembershipZFCSet.mem A B) (LRA.Set.Constructions.instMembershipZFCSet.mem B x))	∀ (A : LRA.Set.Constructions.ZFCSet),   Exists fun U =>     ∀ (x : LRA.Set.Constructions.ZFCSet),       Iff (LRA.Set.Constructions.instMembershipZFCSet.1 U x)         (Exists fun B =>           And (LRA.Set.Constructions.instMembershipZFCSet.1 A B) (LRA.Set.Constructions.instMembershipZFCSet.1 B x))	ok
LRA.Set.Constructions.ZFCSet.Axioms.PowerSet	LRA.Set.Constructions.ZFCSet.Axioms.PowerSet.Axiom	axiom	false	∀ (A : LRA.Set.Constructions.ZFCSet),   Exists fun P =>     ∀ (x : LRA.Set.Constructions.ZFCSet),       Iff (LRA.Set.Constructions.instMembershipZFCSet.mem P x)         (∀ (y : LRA.Set.Constructions.ZFCSet),           LRA.Set.Constructions.instMembershipZFCSet.mem x y → LRA.Set.Constructions.instMembershipZFCSet.mem A y)	∀ (A : LRA.Set.Constructions.ZFCSet),   Exists fun P =>     ∀ (x : LRA.Set.Constructions.ZFCSet),       Iff (LRA.Set.Constructions.instMembershipZFCSet.1 P x)         (∀ (y : LRA.Set.Constructions.ZFCSet),           LRA.Set.Constructions.instMembershipZFCSet.1 x y → LRA.Set.Constructions.instMembershipZFCSet.1 A y)	ok
LRA.Set.Constructions.ZFCSet.Axioms.Infinity	LRA.Set.Constructions.ZFCSet.Axioms.Infinity.Axiom	axiom	false	Exists fun A =>   And     (Exists fun empty =>       And (LRA.Set.Constructions.instMembershipZFCSet.mem A empty)         (∀ (w : LRA.Set.Constructions.ZFCSet), Not (LRA.Set.Constructions.instMembershipZFCSet.mem empty w)))     (∀ (x : LRA.Set.Constructions.ZFCSet),       LRA.Set.Constructions.instMembershipZFCSet.mem A x →         Exists fun successor =>           And (LRA.Set.Constructions.instMembershipZFCSet.mem A successor)             (∀ (w : LRA.Set.Constructions.ZFCSet),               Iff (LRA.Set.Constructions.instMembershipZFCSet.mem successor w)                 (Or (LRA.Set.Constructions.instMembershipZFCSet.mem x w) (Eq w x))))	Exists fun A =>   And     (Exists fun empty =>       And (LRA.Set.Constructions.instMembershipZFCSet.1 A empty)         (∀ (w : LRA.Set.Constructions.ZFCSet), LRA.Set.Constructions.instMembershipZFCSet.1 empty w → False))     (∀ (x : LRA.Set.Constructions.ZFCSet),       LRA.Set.Constructions.instMembershipZFCSet.1 A x →         Exists fun successor =>           And (LRA.Set.Constructions.instMembershipZFCSet.1 A successor)             (∀ (w : LRA.Set.Constructions.ZFCSet),               Iff (LRA.Set.Constructions.instMembershipZFCSet.1 successor w)                 (Or (LRA.Set.Constructions.instMembershipZFCSet.1 x w) (Eq w x))))	ok
LRA.Set.Constructions.ZFCSet.Axioms.Separation	LRA.Set.Constructions.ZFCSet.Axioms.Separation.Axiom	axiom	false	∀ (property : LRA.Set.Constructions.ZFCSet → Prop) (A : LRA.Set.Constructions.ZFCSet),   Exists fun B =>     ∀ (x : LRA.Set.Constructions.ZFCSet),       Iff (LRA.Set.Constructions.instMembershipZFCSet.mem B x)         (And (LRA.Set.Constructions.instMembershipZFCSet.mem A x) (property x))	∀ (property : LRA.Set.Constructions.ZFCSet → Prop) (A : LRA.Set.Constructions.ZFCSet),   Exists fun B =>     ∀ (x : LRA.Set.Constructions.ZFCSet),       Iff (LRA.Set.Constructions.instMembershipZFCSet.1 B x)         (And (LRA.Set.Constructions.instMembershipZFCSet.1 A x) (property x))	ok
LRA.Set.Constructions.ZFCSet.Axioms.Replacement	LRA.Set.Constructions.ZFCSet.Axioms.Replacement.Axiom	axiom	false	∀ (relation : LRA.Set.Constructions.ZFCSet → LRA.Set.Constructions.ZFCSet → Prop) (A : LRA.Set.Constructions.ZFCSet),   (∀ (x : LRA.Set.Constructions.ZFCSet),       LRA.Set.Constructions.instMembershipZFCSet.mem A x →         Exists fun y => And (relation x y) (∀ (other : LRA.Set.Constructions.ZFCSet), relation x other → Eq other y)) →     Exists fun B =>       ∀ (y : LRA.Set.Constructions.ZFCSet),         Iff (LRA.Set.Constructions.instMembershipZFCSet.mem B y)           (Exists fun x => And (LRA.Set.Constructions.instMembershipZFCSet.mem A x) (relation x y))	∀ (relation : LRA.Set.Constructions.ZFCSet → LRA.Set.Constructions.ZFCSet → Prop) (A : LRA.Set.Constructions.ZFCSet),   (∀ (x : LRA.Set.Constructions.ZFCSet),       LRA.Set.Constructions.instMembershipZFCSet.1 A x →         Exists fun y => And (relation x y) (∀ (other : LRA.Set.Constructions.ZFCSet), relation x other → Eq other y)) →     Exists fun B =>       ∀ (y : LRA.Set.Constructions.ZFCSet),         Iff (LRA.Set.Constructions.instMembershipZFCSet.1 B y)           (Exists fun x => And (LRA.Set.Constructions.instMembershipZFCSet.1 A x) (relation x y))	ok
LRA.Set.Constructions.ZFCSet.Axioms.Foundation	LRA.Set.Constructions.ZFCSet.Axioms.Foundation.Axiom	axiom	false	∀ (A : LRA.Set.Constructions.ZFCSet),   (Exists fun w => LRA.Set.Constructions.instMembershipZFCSet.mem A w) →     Exists fun x =>       And (LRA.Set.Constructions.instMembershipZFCSet.mem A x)         (∀ (y : LRA.Set.Constructions.ZFCSet),           LRA.Set.Constructions.instMembershipZFCSet.mem x y → Not (LRA.Set.Constructions.instMembershipZFCSet.mem A y))	∀ (A : LRA.Set.Constructions.ZFCSet),   (Exists fun w => LRA.Set.Constructions.instMembershipZFCSet.1 A w) →     Exists fun x =>       And (LRA.Set.Constructions.instMembershipZFCSet.1 A x)         (∀ (y : LRA.Set.Constructions.ZFCSet),           LRA.Set.Constructions.instMembershipZFCSet.1 x y → LRA.Set.Constructions.instMembershipZFCSet.1 A y → False)	ok
LRA.Set.Constructions.ZFCSet.Axioms.Choice	LRA.Set.Constructions.ZFCSet.Axioms.Choice.Axiom	axiom	false	∀ (A : LRA.Set.Constructions.ZFCSet),   And       (∀ (B : LRA.Set.Constructions.ZFCSet),         LRA.Set.Constructions.instMembershipZFCSet.mem A B →           Exists fun x => LRA.Set.Constructions.instMembershipZFCSet.mem B x)       (∀ (B C : LRA.Set.Constructions.ZFCSet),         LRA.Set.Constructions.instMembershipZFCSet.mem A B →           LRA.Set.Constructions.instMembershipZFCSet.mem A C →             Ne B C →               ∀ (x : LRA.Set.Constructions.ZFCSet),                 LRA.Set.Constructions.instMembershipZFCSet.mem B x →                   Not (LRA.Set.Constructions.instMembershipZFCSet.mem C x)) →     Exists fun choiceSet =>       ∀ (B : LRA.Set.Constructions.ZFCSet),         LRA.Set.Constructions.instMembershipZFCSet.mem A B →           Exists fun x =>             And               (And (LRA.Set.Constructions.instMembershipZFCSet.mem B x)                 (LRA.Set.Constructions.instMembershipZFCSet.mem choiceSet x))               (∀ (other : LRA.Set.Constructions.ZFCSet),                 And (LRA.Set.Constructions.instMembershipZFCSet.mem B other)                     (LRA.Set.Constructions.instMembershipZFCSet.mem choiceSet other) →                   Eq other x)	∀ (A : LRA.Set.Constructions.ZFCSet),   And       (∀ (B : LRA.Set.Constructions.ZFCSet),         LRA.Set.Constructions.instMembershipZFCSet.1 A B →           Exists fun x => LRA.Set.Constructions.instMembershipZFCSet.1 B x)       (∀ (B C : LRA.Set.Constructions.ZFCSet),         LRA.Set.Constructions.instMembershipZFCSet.1 A B →           LRA.Set.Constructions.instMembershipZFCSet.1 A C →             (Eq B C → False) →               ∀ (x : LRA.Set.Constructions.ZFCSet),                 LRA.Set.Constructions.instMembershipZFCSet.1 B x →                   LRA.Set.Constructions.instMembershipZFCSet.1 C x → False) →     Exists fun choiceSet =>       ∀ (B : LRA.Set.Constructions.ZFCSet),         LRA.Set.Constructions.instMembershipZFCSet.1 A B →           Exists fun x =>             And               (And (LRA.Set.Constructions.instMembershipZFCSet.1 B x)                 (LRA.Set.Constructions.instMembershipZFCSet.1 choiceSet x))               (∀ (other : LRA.Set.Constructions.ZFCSet),                 And (LRA.Set.Constructions.instMembershipZFCSet.1 B other)                     (LRA.Set.Constructions.instMembershipZFCSet.1 choiceSet other) →                   Eq other x)	ok
LRA.Set.Constructions.ZFCSet.Axioms.ExistsAndUnique	LRA.Set.Constructions.ZFCSet.Axioms.Common	instance	false	∀ (property : LRA.Set.Constructions.ZFCSet.Axioms.Set → Prop),   And (LRA.Identity.HasWitness property) (LRA.Identity.AtMostOne property)	∀ (property : LRA.Set.Constructions.ZFCSet.Axioms.Set → Prop),   And (Exists fun x => property x)     (∀ (left right : LRA.Set.Constructions.ZFCSet.Axioms.Set),       property left →         property right →           (LRA.Identity.Construction.Mathlib.instIdentityRelation LRA.Set.Constructions.ZFCSet.Axioms.Set).1 left right)	ok
LRA.Set.Constructions.ZFCSet.Axioms.IsEmptySet	LRA.Set.Constructions.ZFCSet.Axioms.EmptySet.Definitions	instance	false	∀ (A x : LRA.Set.Constructions.ZFCSet.Axioms.Set), Not (LRA.Set.Constructions.instMembershipZFCSet.mem A x)	∀ (A x : LRA.Set.Constructions.ZFCSet.Axioms.Set), LRA.Set.Constructions.instMembershipZFCSet.1 A x → False	ok
LRA.Set.Constructions.ZFCSet.Axioms.IsPairSet	LRA.Set.Constructions.ZFCSet.Axioms.Pairing.Definitions	instance	false	∀ (x1 x2 P w : LRA.Set.Constructions.ZFCSet.Axioms.Set),   Iff (LRA.Set.Constructions.instMembershipZFCSet.mem P w) (Or (Eq w x1) (Eq w x2))	∀ (x1 x2 P w : LRA.Set.Constructions.ZFCSet.Axioms.Set),   Iff (LRA.Set.Constructions.instMembershipZFCSet.1 P w) (Or (Eq w x1) (Eq w x2))	ok
LRA.Set.Constructions.ZFCSet.Axioms.IsSingletonSet	LRA.Set.Constructions.ZFCSet.Axioms.Pairing.Definitions	instance	false	∀ (x S w : LRA.Set.Constructions.ZFCSet.Axioms.Set), Iff (LRA.Set.Constructions.instMembershipZFCSet.mem S w) (Eq w x)	∀ (x S w : LRA.Set.Constructions.ZFCSet.Axioms.Set), Iff (LRA.Set.Constructions.instMembershipZFCSet.1 S w) (Eq w x)	ok
LRA.Set.Constructions.ZFCSet.Axioms.IsUnionOf	LRA.Set.Constructions.ZFCSet.Axioms.Union.Definitions	instance	false	∀ (A U x : LRA.Set.Constructions.ZFCSet.Axioms.Set),   Iff (LRA.Set.Constructions.instMembershipZFCSet.mem U x)     (Exists fun B =>       And (LRA.Set.Constructions.instMembershipZFCSet.mem A B) (LRA.Set.Constructions.instMembershipZFCSet.mem B x))	∀ (A U x : LRA.Set.Constructions.ZFCSet.Axioms.Set),   Iff (LRA.Set.Constructions.instMembershipZFCSet.1 U x)     (Exists fun B =>       And (LRA.Set.Constructions.instMembershipZFCSet.1 A B) (LRA.Set.Constructions.instMembershipZFCSet.1 B x))	ok
LRA.Set.Constructions.ZFCSet.Axioms.IsPowerSetOf	LRA.Set.Constructions.ZFCSet.Axioms.PowerSet.Definitions	instance	false	∀ (A P x : LRA.Set.Constructions.ZFCSet.Axioms.Set),   Iff (LRA.Set.Constructions.instMembershipZFCSet.mem P x)     (∀ (y : LRA.Set.Constructions.ZFCSet.Axioms.Set),       LRA.Set.Constructions.instMembershipZFCSet.mem x y → LRA.Set.Constructions.instMembershipZFCSet.mem A y)	∀ (A P x : LRA.Set.Constructions.ZFCSet.Axioms.Set),   Iff (LRA.Set.Constructions.instMembershipZFCSet.1 P x)     (∀ (y : LRA.Set.Constructions.ZFCSet.Axioms.Set),       LRA.Set.Constructions.instMembershipZFCSet.1 x y → LRA.Set.Constructions.instMembershipZFCSet.1 A y)	ok
LRA.Set.Constructions.ZFCSet.Axioms.IsSeparatedSubset	LRA.Set.Constructions.ZFCSet.Axioms.Separation.Definitions	instance	false	∀ (A : LRA.Set.Constructions.ZFCSet.Axioms.Set) (property : LRA.Set.Constructions.ZFCSet.Axioms.Set → Prop)   (B x : LRA.Set.Constructions.ZFCSet.Axioms.Set),   Iff (LRA.Set.Constructions.instMembershipZFCSet.mem B x)     (And (LRA.Set.Constructions.instMembershipZFCSet.mem A x) (property x))	∀ (A : LRA.Set.Constructions.ZFCSet.Axioms.Set) (property : LRA.Set.Constructions.ZFCSet.Axioms.Set → Prop)   (B x : LRA.Set.Constructions.ZFCSet.Axioms.Set),   Iff (LRA.Set.Constructions.instMembershipZFCSet.1 B x)     (And (LRA.Set.Constructions.instMembershipZFCSet.1 A x) (property x))	ok
LRA.Set.Constructions.ZFCSet.Axioms.IsFunctionalOn	LRA.Set.Constructions.ZFCSet.Axioms.Replacement.Definitions	instance	false	∀ (A : LRA.Set.Constructions.ZFCSet.Axioms.Set)   (relation : LRA.Set.Constructions.ZFCSet.Axioms.Set → LRA.Set.Constructions.ZFCSet.Axioms.Set → Prop)   (x : LRA.Set.Constructions.ZFCSet.Axioms.Set),   LRA.Set.Constructions.instMembershipZFCSet.mem A x →     Exists fun y =>       And (relation x y) (∀ (other : LRA.Set.Constructions.ZFCSet.Axioms.Set), relation x other → Eq other y)	∀ (A : LRA.Set.Constructions.ZFCSet.Axioms.Set)   (relation : LRA.Set.Constructions.ZFCSet.Axioms.Set → LRA.Set.Constructions.ZFCSet.Axioms.Set → Prop)   (x : LRA.Set.Constructions.ZFCSet.Axioms.Set),   LRA.Set.Constructions.instMembershipZFCSet.1 A x →     Exists fun y =>       And (relation x y) (∀ (other : LRA.Set.Constructions.ZFCSet.Axioms.Set), relation x other → Eq other y)	ok
LRA.Set.Constructions.ZFCSet.Axioms.IsReplacementImageOf	LRA.Set.Constructions.ZFCSet.Axioms.Replacement.Definitions	instance	false	∀ (A : LRA.Set.Constructions.ZFCSet.Axioms.Set)   (relation : LRA.Set.Constructions.ZFCSet.Axioms.Set → LRA.Set.Constructions.ZFCSet.Axioms.Set → Prop)   (B y : LRA.Set.Constructions.ZFCSet.Axioms.Set),   Iff (LRA.Set.Constructions.instMembershipZFCSet.mem B y)     (Exists fun x => And (LRA.Set.Constructions.instMembershipZFCSet.mem A x) (relation x y))	∀ (A : LRA.Set.Constructions.ZFCSet.Axioms.Set)   (relation : LRA.Set.Constructions.ZFCSet.Axioms.Set → LRA.Set.Constructions.ZFCSet.Axioms.Set → Prop)   (B y : LRA.Set.Constructions.ZFCSet.Axioms.Set),   Iff (LRA.Set.Constructions.instMembershipZFCSet.1 B y)     (Exists fun x => And (LRA.Set.Constructions.instMembershipZFCSet.1 A x) (relation x y))	ok
LRA.Set.Constructions.ZFCSet.Axioms.IsSuccessorOf	LRA.Set.Constructions.ZFCSet.Axioms.Infinity.Definitions	instance	false	∀ (x successor w : LRA.Set.Constructions.ZFCSet.Axioms.Set),   Iff (LRA.Set.Constructions.instMembershipZFCSet.mem successor w)     (Or (LRA.Set.Constructions.instMembershipZFCSet.mem x w) (Eq w x))	∀ (x successor w : LRA.Set.Constructions.ZFCSet.Axioms.Set),   Iff (LRA.Set.Constructions.instMembershipZFCSet.1 successor w)     (Or (LRA.Set.Constructions.instMembershipZFCSet.1 x w) (Eq w x))	ok
LRA.Set.Constructions.ZFCSet.Axioms.IsInductiveSet	LRA.Set.Constructions.ZFCSet.Axioms.Infinity.Definitions	instance	false	∀ (A : LRA.Set.Constructions.ZFCSet.Axioms.Set),   And     (Exists fun empty =>       And (LRA.Set.Constructions.instMembershipZFCSet.mem A empty)         (LRA.Set.Constructions.ZFCSet.Axioms.IsEmptySet empty))     (∀ (x : LRA.Set.Constructions.ZFCSet.Axioms.Set),       LRA.Set.Constructions.instMembershipZFCSet.mem A x →         Exists fun successor =>           And (LRA.Set.Constructions.instMembershipZFCSet.mem A successor)             (LRA.Set.Constructions.ZFCSet.Axioms.IsSuccessorOf x successor))	∀ (A : LRA.Set.Constructions.ZFCSet.Axioms.Set),   And     (Exists fun empty =>       And (LRA.Set.Constructions.instMembershipZFCSet.1 A empty)         (∀ (x : LRA.Set.Constructions.ZFCSet.Axioms.Set), LRA.Set.Constructions.instMembershipZFCSet.1 empty x → False))     (∀ (x : LRA.Set.Constructions.ZFCSet.Axioms.Set),       LRA.Set.Constructions.instMembershipZFCSet.1 A x →         Exists fun successor =>           And (LRA.Set.Constructions.instMembershipZFCSet.1 A successor)             (∀ (w : LRA.Set.Constructions.ZFCSet.Axioms.Set),               Iff (LRA.Set.Constructions.instMembershipZFCSet.1 successor w)                 (Or (LRA.Set.Constructions.instMembershipZFCSet.1 x w) (Eq w x))))	ok
LRA.Set.Constructions.ZFCSet.Axioms.IsFoundationWitness	LRA.Set.Constructions.ZFCSet.Axioms.Foundation.Definitions	instance	false	∀ (A x : LRA.Set.Constructions.ZFCSet.Axioms.Set),   And (LRA.Set.Constructions.instMembershipZFCSet.mem A x)     (∀ (y : LRA.Set.Constructions.ZFCSet.Axioms.Set),       LRA.Set.Constructions.instMembershipZFCSet.mem x y → Not (LRA.Set.Constructions.instMembershipZFCSet.mem A y))	∀ (A x : LRA.Set.Constructions.ZFCSet.Axioms.Set),   And (LRA.Set.Constructions.instMembershipZFCSet.1 A x)     (∀ (y : LRA.Set.Constructions.ZFCSet.Axioms.Set),       LRA.Set.Constructions.instMembershipZFCSet.1 x y → LRA.Set.Constructions.instMembershipZFCSet.1 A y → False)	ok
LRA.Set.Constructions.ZFCSet.Axioms.IsChoiceSetFor	LRA.Set.Constructions.ZFCSet.Axioms.Choice.Definitions	instance	false	∀ (A choiceSet B : LRA.Set.Constructions.ZFCSet.Axioms.Set),   LRA.Set.Constructions.instMembershipZFCSet.mem A B →     Exists fun x =>       And         (And (LRA.Set.Constructions.instMembershipZFCSet.mem B x)           (LRA.Set.Constructions.instMembershipZFCSet.mem choiceSet x))         (∀ (other : LRA.Set.Constructions.ZFCSet.Axioms.Set),           And (LRA.Set.Constructions.instMembershipZFCSet.mem B other)               (LRA.Set.Constructions.instMembershipZFCSet.mem choiceSet other) →             Eq other x)	∀ (A choiceSet B : LRA.Set.Constructions.ZFCSet.Axioms.Set),   LRA.Set.Constructions.instMembershipZFCSet.1 A B →     Exists fun x =>       And         (And (LRA.Set.Constructions.instMembershipZFCSet.1 B x)           (LRA.Set.Constructions.instMembershipZFCSet.1 choiceSet x))         (∀ (other : LRA.Set.Constructions.ZFCSet.Axioms.Set),           And (LRA.Set.Constructions.instMembershipZFCSet.1 B other)               (LRA.Set.Constructions.instMembershipZFCSet.1 choiceSet other) →             Eq other x)	ok
LRA.Set.Constructions.ZFCSet.Axioms.IsRelativeComplementOf	LRA.Set.Constructions.ZFCSet.Axioms.RelativeComplement.Definitions	instance	false	∀ (A B D x : LRA.Set.Constructions.ZFCSet.Axioms.Set),   Iff (LRA.Set.Constructions.instMembershipZFCSet.mem D x)     (And (LRA.Set.Constructions.instMembershipZFCSet.mem A x)       (Not (LRA.Set.Constructions.instMembershipZFCSet.mem B x)))	∀ (A B D x : LRA.Set.Constructions.ZFCSet.Axioms.Set),   Iff (LRA.Set.Constructions.instMembershipZFCSet.1 D x)     (And (LRA.Set.Constructions.instMembershipZFCSet.1 A x) (LRA.Set.Constructions.instMembershipZFCSet.1 B x → False))	ok
LRA.Set.Constructions.ZFCSet.Axioms.Subset	LRA.Set.Constructions.ZFCSet.Axioms.RelativeComplement.Definitions	instance	false	∀ (A B x : LRA.Set.Constructions.ZFCSet.Axioms.Set),   LRA.Set.Constructions.instMembershipZFCSet.mem A x → LRA.Set.Constructions.instMembershipZFCSet.mem B x	∀ (A B x : LRA.Set.Constructions.ZFCSet.Axioms.Set),   LRA.Set.Constructions.instMembershipZFCSet.1 A x → LRA.Set.Constructions.instMembershipZFCSet.1 B x	ok
LRA.Set.Constructions.ZFCSet.Axioms.IsIntersectionOf	LRA.Set.Constructions.ZFCSet.Axioms.Intersection.Definitions	instance	false	∀ (A B D x : LRA.Set.Constructions.ZFCSet.Axioms.Set),   Iff (LRA.Set.Constructions.instMembershipZFCSet.mem D x)     (And (LRA.Set.Constructions.instMembershipZFCSet.mem A x) (LRA.Set.Constructions.instMembershipZFCSet.mem B x))	∀ (A B D x : LRA.Set.Constructions.ZFCSet.Axioms.Set),   Iff (LRA.Set.Constructions.instMembershipZFCSet.1 D x)     (And (LRA.Set.Constructions.instMembershipZFCSet.1 A x) (LRA.Set.Constructions.instMembershipZFCSet.1 B x))	ok
LRA.Set.Constructions.ZFCSet.Axioms.IsSymmetricDifferenceOf	LRA.Set.Constructions.ZFCSet.Axioms.SymmetricDifference.Definitions	instance	false	∀ (A B D x : LRA.Set.Constructions.ZFCSet.Axioms.Set),   Iff (LRA.Set.Constructions.instMembershipZFCSet.mem D x)     (Or       (And (LRA.Set.Constructions.instMembershipZFCSet.mem A x)         (Not (LRA.Set.Constructions.instMembershipZFCSet.mem B x)))       (And (LRA.Set.Constructions.instMembershipZFCSet.mem B x)         (Not (LRA.Set.Constructions.instMembershipZFCSet.mem A x))))	∀ (A B D x : LRA.Set.Constructions.ZFCSet.Axioms.Set),   Iff (LRA.Set.Constructions.instMembershipZFCSet.1 D x)     (Or       (And (LRA.Set.Constructions.instMembershipZFCSet.1 A x)         (LRA.Set.Constructions.instMembershipZFCSet.1 B x → False))       (And (LRA.Set.Constructions.instMembershipZFCSet.1 B x)         (LRA.Set.Constructions.instMembershipZFCSet.1 A x → False)))	ok
LRA.Set.Constructions.ZFCSet.Axioms.SetEqualityIffSameMembers	LRA.Set.Constructions.ZFCSet.Axioms.Extensionality.Consequences	theorem	false	∀ (A B : LRA.Set.Constructions.ZFCSet),   Iff (Eq A B)     (∀ (x : LRA.Set.Constructions.ZFCSet),       Iff (LRA.Set.Constructions.instMembershipZFCSet.mem A x) (LRA.Set.Constructions.instMembershipZFCSet.mem B x))	∀ (A B : LRA.Set.Constructions.ZFCSet),   Iff (Eq A B)     (∀ (x : LRA.Set.Constructions.ZFCSet),       Iff (LRA.Set.Constructions.instMembershipZFCSet.1 A x) (LRA.Set.Constructions.instMembershipZFCSet.1 B x))	ok
LRA.Set.Constructions.ZFCSet.Axioms.EmptySetExists	LRA.Set.Constructions.ZFCSet.Axioms.EmptySet.Existence	theorem	false	Exists fun A => LRA.Set.Constructions.ZFCSet.Axioms.IsEmptySet A	Exists fun A =>   ∀ (x : LRA.Set.Constructions.ZFCSet.Axioms.Set), LRA.Set.Constructions.instMembershipZFCSet.1 A x → False	ok
LRA.Set.Constructions.ZFCSet.Axioms.EmptySetsAreEqual	LRA.Set.Constructions.ZFCSet.Axioms.EmptySet.Uniqueness	theorem	false	∀ {A B : LRA.Set.Constructions.ZFCSet.Axioms.Set},   And (LRA.Set.Constructions.ZFCSet.Axioms.IsEmptySet A) (LRA.Set.Constructions.ZFCSet.Axioms.IsEmptySet B) → Eq A B	∀ {A B : LRA.Set.Constructions.ZFCSet.Axioms.Set},   And (∀ (x : LRA.Set.Constructions.ZFCSet.Axioms.Set), LRA.Set.Constructions.instMembershipZFCSet.1 A x → False)       (∀ (x : LRA.Set.Constructions.ZFCSet.Axioms.Set), LRA.Set.Constructions.instMembershipZFCSet.1 B x → False) →     Eq A B	ok
LRA.Set.Constructions.ZFCSet.Axioms.EmptySetExistsAndIsUnique	LRA.Set.Constructions.ZFCSet.Axioms.EmptySet.Uniqueness	theorem	false	LRA.Set.Constructions.ZFCSet.Axioms.ExistsAndUnique LRA.Set.Constructions.ZFCSet.Axioms.IsEmptySet	And   (Exists fun x =>     ∀ (x_1 : LRA.Set.Constructions.ZFCSet.Axioms.Set), LRA.Set.Constructions.instMembershipZFCSet.1 x x_1 → False)   (∀ (left right : LRA.Set.Constructions.ZFCSet.Axioms.Set),     (∀ (x : LRA.Set.Constructions.ZFCSet.Axioms.Set), LRA.Set.Constructions.instMembershipZFCSet.1 left x → False) →       (∀ (x : LRA.Set.Constructions.ZFCSet.Axioms.Set), LRA.Set.Constructions.instMembershipZFCSet.1 right x → False) →         (LRA.Identity.Construction.Mathlib.instIdentityRelation LRA.Set.Constructions.ZFCSet.Axioms.Set).1 left right)	ok
LRA.Set.Constructions.ZFCSet.Axioms.EmptySetIsUnique	LRA.Set.Constructions.ZFCSet.Axioms.EmptySet.Uniqueness	theorem	false	∀ {A B : LRA.Set.Constructions.ZFCSet.Axioms.Set},   And (LRA.Set.Constructions.ZFCSet.Axioms.IsEmptySet A) (LRA.Set.Constructions.ZFCSet.Axioms.IsEmptySet B) → Eq B A	∀ {A B : LRA.Set.Constructions.ZFCSet.Axioms.Set},   And (∀ (x : LRA.Set.Constructions.ZFCSet.Axioms.Set), LRA.Set.Constructions.instMembershipZFCSet.1 A x → False)       (∀ (x : LRA.Set.Constructions.ZFCSet.Axioms.Set), LRA.Set.Constructions.instMembershipZFCSet.1 B x → False) →     Eq B A	ok
LRA.Set.Constructions.ZFCSet.Axioms.TheEmptySetIsEmpty	LRA.Set.Constructions.ZFCSet.Axioms.EmptySet.Canonical	theorem	false	LRA.Set.Constructions.ZFCSet.Axioms.IsEmptySet LRA.Set.Constructions.ZFCSet.Axioms.TheEmptySet	∀ (x : LRA.Set.Constructions.ZFCSet.Axioms.Set),   LRA.Set.Constructions.instMembershipZFCSet.1 LRA.Set.Constructions.ZFCSet.Axioms.TheEmptySet x → False	ok
LRA.Set.Constructions.ZFCSet.Axioms.EveryEmptySetEqualsTheEmptySet	LRA.Set.Constructions.ZFCSet.Axioms.EmptySet.Consequences	theorem	false	∀ {A : LRA.Set.Constructions.ZFCSet.Axioms.Set},   LRA.Set.Constructions.ZFCSet.Axioms.IsEmptySet A → Eq A LRA.Set.Constructions.ZFCSet.Axioms.TheEmptySet	∀ {A : LRA.Set.Constructions.ZFCSet.Axioms.Set},   (∀ (x : LRA.Set.Constructions.ZFCSet.Axioms.Set), LRA.Set.Constructions.instMembershipZFCSet.1 A x → False) →     Eq A LRA.Set.Constructions.ZFCSet.Axioms.TheEmptySet	ok
LRA.Set.Constructions.ZFCSet.Axioms.PairSetExists	LRA.Set.Constructions.ZFCSet.Axioms.Pairing.Existence	theorem	true	∀ (x1 x2 : LRA.Set.Constructions.ZFCSet.Axioms.Set),   Exists fun P => LRA.Set.Constructions.ZFCSet.Axioms.IsPairSet x1 x2 P	∀ (x1 x2 : LRA.Set.Constructions.ZFCSet.Axioms.Set),   Exists fun P =>     ∀ (w : LRA.Set.Constructions.ZFCSet.Axioms.Set),       Iff (LRA.Set.Constructions.instMembershipZFCSet.1 P w) (Or (Eq w x1) (Eq w x2))	ok
LRA.Set.Constructions.ZFCSet.Axioms.PairSetIsUnique	LRA.Set.Constructions.ZFCSet.Axioms.Pairing.Uniqueness	theorem	true	∀ {x1 x2 P G : LRA.Set.Constructions.ZFCSet.Axioms.Set},   And (LRA.Set.Constructions.ZFCSet.Axioms.IsPairSet x1 x2 P) (LRA.Set.Constructions.ZFCSet.Axioms.IsPairSet x1 x2 G) →     Eq G P	∀ {x1 x2 P G : LRA.Set.Constructions.ZFCSet.Axioms.Set},   And       (∀ (w : LRA.Set.Constructions.ZFCSet.Axioms.Set),         Iff (LRA.Set.Constructions.instMembershipZFCSet.1 P w) (Or (Eq w x1) (Eq w x2)))       (∀ (w : LRA.Set.Constructions.ZFCSet.Axioms.Set),         Iff (LRA.Set.Constructions.instMembershipZFCSet.1 G w) (Or (Eq w x1) (Eq w x2))) →     Eq G P	ok
LRA.Set.Constructions.ZFCSet.Axioms.PairingOutputExistsAndIsUnique	LRA.Set.Constructions.ZFCSet.Axioms.Pairing.Uniqueness	theorem	true	∀ (x1 x2 : LRA.Set.Constructions.ZFCSet.Axioms.Set),   LRA.Set.Constructions.ZFCSet.Axioms.ExistsAndUnique fun P => LRA.Set.Constructions.ZFCSet.Axioms.IsPairSet x1 x2 P	∀ (x1 x2 : LRA.Set.Constructions.ZFCSet.Axioms.Set),   And     (Exists fun x =>       (fun P =>           ∀ (w : LRA.Set.Constructions.ZFCSet.Axioms.Set),             Iff (LRA.Set.Constructions.instMembershipZFCSet.1 P w) (Or (Eq w x1) (Eq w x2)))         x)     (∀ (left right : LRA.Set.Constructions.ZFCSet.Axioms.Set),       (∀ (w : LRA.Set.Constructions.ZFCSet.Axioms.Set),           Iff (LRA.Set.Constructions.instMembershipZFCSet.1 left w) (Or (Eq w x1) (Eq w x2))) →         (∀ (w : LRA.Set.Constructions.ZFCSet.Axioms.Set),             Iff (LRA.Set.Constructions.instMembershipZFCSet.1 right w) (Or (Eq w x1) (Eq w x2))) →           (LRA.Identity.Construction.Mathlib.instIdentityRelation LRA.Set.Constructions.ZFCSet.Axioms.Set).1 left right)	ok
LRA.Set.Constructions.ZFCSet.Axioms.TheSingletonIsSingletonSet	LRA.Set.Constructions.ZFCSet.Axioms.Pairing.Canonical	theorem	true	∀ (x : LRA.Set.Constructions.ZFCSet.Axioms.Set),   LRA.Set.Constructions.ZFCSet.Axioms.IsSingletonSet x (LRA.Set.Constructions.ZFCSet.Axioms.TheSingleton x)	∀ (x w : LRA.Set.Constructions.ZFCSet.Axioms.Set),   Iff     (LRA.Set.Constructions.instMembershipZFCSet.1       (Classical.indefiniteDescription (LRA.Set.Constructions.ZFCSet.Axioms.IsPairSet x x) ⋯).1 w)     (Eq w x)	ok
LRA.Set.Constructions.ZFCSet.Axioms.PairSetMembership	LRA.Set.Constructions.ZFCSet.Axioms.Pairing.Consequences	theorem	true	∀ (x1 x2 w : LRA.Set.Constructions.ZFCSet.Axioms.Set),   Iff (LRA.Set.Constructions.instMembershipZFCSet.mem (LRA.Set.Constructions.ZFCSet.Axioms.PairSet x1 x2) w)     (Or (Eq w x1) (Eq w x2))	∀ (x1 x2 w : LRA.Set.Constructions.ZFCSet.Axioms.Set),   Iff     (LRA.Set.Constructions.instMembershipZFCSet.1       (Classical.indefiniteDescription (LRA.Set.Constructions.ZFCSet.Axioms.IsPairSet x1 x2) ⋯).1 w)     (Or (Eq w x1) (Eq w x2))	ok
LRA.Set.Constructions.ZFCSet.Axioms.EveryPairSetEqualsPairSet	LRA.Set.Constructions.ZFCSet.Axioms.Pairing.Consequences	theorem	true	∀ {x1 x2 P : LRA.Set.Constructions.ZFCSet.Axioms.Set},   LRA.Set.Constructions.ZFCSet.Axioms.IsPairSet x1 x2 P → Eq P (LRA.Set.Constructions.ZFCSet.Axioms.PairSet x1 x2)	∀ {x1 x2 P : LRA.Set.Constructions.ZFCSet.Axioms.Set},   (∀ (w : LRA.Set.Constructions.ZFCSet.Axioms.Set),       Iff (LRA.Set.Constructions.instMembershipZFCSet.1 P w) (Or (Eq w x1) (Eq w x2))) →     Eq P (Classical.indefiniteDescription (LRA.Set.Constructions.ZFCSet.Axioms.IsPairSet x1 x2) ⋯).1	ok
LRA.Set.Constructions.ZFCSet.Axioms.UnionOverExists	LRA.Set.Constructions.ZFCSet.Axioms.Union.Existence	theorem	true	∀ (A : LRA.Set.Constructions.ZFCSet.Axioms.Set), Exists fun U => LRA.Set.Constructions.ZFCSet.Axioms.IsUnionOf A U	∀ (A : LRA.Set.Constructions.ZFCSet.Axioms.Set),   Exists fun U =>     ∀ (x : LRA.Set.Constructions.ZFCSet.Axioms.Set),       Iff (LRA.Set.Constructions.instMembershipZFCSet.1 U x)         (Exists fun B =>           And (LRA.Set.Constructions.instMembershipZFCSet.1 A B) (LRA.Set.Constructions.instMembershipZFCSet.1 B x))	ok
LRA.Set.Constructions.ZFCSet.Axioms.UnionOverIsUnique	LRA.Set.Constructions.ZFCSet.Axioms.Union.Uniqueness	theorem	true	∀ {A U V : LRA.Set.Constructions.ZFCSet.Axioms.Set},   And (LRA.Set.Constructions.ZFCSet.Axioms.IsUnionOf A U) (LRA.Set.Constructions.ZFCSet.Axioms.IsUnionOf A V) → Eq V U	∀ {A U V : LRA.Set.Constructions.ZFCSet.Axioms.Set},   And       (∀ (x : LRA.Set.Constructions.ZFCSet.Axioms.Set),         Iff (LRA.Set.Constructions.instMembershipZFCSet.1 U x)           (Exists fun B =>             And (LRA.Set.Constructions.instMembershipZFCSet.1 A B) (LRA.Set.Constructions.instMembershipZFCSet.1 B x)))       (∀ (x : LRA.Set.Constructions.ZFCSet.Axioms.Set),         Iff (LRA.Set.Constructions.instMembershipZFCSet.1 V x)           (Exists fun B =>             And (LRA.Set.Constructions.instMembershipZFCSet.1 A B)               (LRA.Set.Constructions.instMembershipZFCSet.1 B x))) →     Eq V U	ok
LRA.Set.Constructions.ZFCSet.Axioms.UnionOverExistsAndIsUnique	LRA.Set.Constructions.ZFCSet.Axioms.Union.Uniqueness	theorem	true	∀ (A : LRA.Set.Constructions.ZFCSet.Axioms.Set),   LRA.Set.Constructions.ZFCSet.Axioms.ExistsAndUnique fun U => LRA.Set.Constructions.ZFCSet.Axioms.IsUnionOf A U	∀ (A : LRA.Set.Constructions.ZFCSet.Axioms.Set),   And     (Exists fun x =>       (fun U =>           ∀ (x : LRA.Set.Constructions.ZFCSet.Axioms.Set),             Iff (LRA.Set.Constructions.instMembershipZFCSet.1 U x)               (Exists fun B =>                 And (LRA.Set.Constructions.instMembershipZFCSet.1 A B)                   (LRA.Set.Constructions.instMembershipZFCSet.1 B x)))         x)     (∀ (left right : LRA.Set.Constructions.ZFCSet.Axioms.Set),       (∀ (x : LRA.Set.Constructions.ZFCSet.Axioms.Set),           Iff (LRA.Set.Constructions.instMembershipZFCSet.1 left x)             (Exists fun B =>               And (LRA.Set.Constructions.instMembershipZFCSet.1 A B)                 (LRA.Set.Constructions.instMembershipZFCSet.1 B x))) →         (∀ (x : LRA.Set.Constructions.ZFCSet.Axioms.Set),             Iff (LRA.Set.Constructions.instMembershipZFCSet.1 right x)               (Exists fun B =>                 And (LRA.Set.Constructions.instMembershipZFCSet.1 A B)                   (LRA.Set.Constructions.instMembershipZFCSet.1 B x))) →           (LRA.Identity.Construction.Mathlib.instIdentityRelation LRA.Set.Constructions.ZFCSet.Axioms.Set).1 left right)	ok
LRA.Set.Constructions.ZFCSet.Axioms.TheUnionOverIsUnionOf	LRA.Set.Constructions.ZFCSet.Axioms.Union.Canonical	theorem	true	∀ (A : LRA.Set.Constructions.ZFCSet.Axioms.Set),   LRA.Set.Constructions.ZFCSet.Axioms.IsUnionOf A (LRA.Set.Constructions.ZFCSet.Axioms.TheUnionOver A)	∀ (A x : LRA.Set.Constructions.ZFCSet.Axioms.Set),   Iff     (LRA.Set.Constructions.instMembershipZFCSet.1       (Classical.indefiniteDescription (LRA.Set.Constructions.ZFCSet.Axioms.IsUnionOf A) ⋯).1 x)     (Exists fun B =>       And (LRA.Set.Constructions.instMembershipZFCSet.1 A B) (LRA.Set.Constructions.instMembershipZFCSet.1 B x))	ok
LRA.Set.Constructions.ZFCSet.Axioms.TheUnionMembership	LRA.Set.Constructions.ZFCSet.Axioms.Union.Consequences	theorem	true	∀ (A B x : LRA.Set.Constructions.ZFCSet.Axioms.Set),   Iff (LRA.Set.Constructions.instMembershipZFCSet.mem (LRA.Set.Constructions.ZFCSet.Axioms.TheUnion A B) x)     (Or (LRA.Set.Constructions.instMembershipZFCSet.mem A x) (LRA.Set.Constructions.instMembershipZFCSet.mem B x))	∀ (A B x : LRA.Set.Constructions.ZFCSet.Axioms.Set),   Iff     (LRA.Set.Constructions.instMembershipZFCSet.1       (Classical.indefiniteDescription           (LRA.Set.Constructions.ZFCSet.Axioms.IsUnionOf (LRA.Set.Constructions.ZFCSet.Axioms.PairSet A B)) ⋯).1       x)     (Or (LRA.Set.Constructions.instMembershipZFCSet.1 A x) (LRA.Set.Constructions.instMembershipZFCSet.1 B x))	ok
LRA.Set.Constructions.ZFCSet.Axioms.EveryUnionOverEqualsTheUnionOver	LRA.Set.Constructions.ZFCSet.Axioms.Union.Consequences	theorem	true	∀ {A U : LRA.Set.Constructions.ZFCSet.Axioms.Set},   LRA.Set.Constructions.ZFCSet.Axioms.IsUnionOf A U → Eq U (LRA.Set.Constructions.ZFCSet.Axioms.TheUnionOver A)	∀ {A U : LRA.Set.Constructions.ZFCSet.Axioms.Set},   (∀ (x : LRA.Set.Constructions.ZFCSet.Axioms.Set),       Iff (LRA.Set.Constructions.instMembershipZFCSet.1 U x)         (Exists fun B =>           And (LRA.Set.Constructions.instMembershipZFCSet.1 A B) (LRA.Set.Constructions.instMembershipZFCSet.1 B x))) →     Eq U (Classical.indefiniteDescription (LRA.Set.Constructions.ZFCSet.Axioms.IsUnionOf A) ⋯).1	ok
LRA.Set.Constructions.ZFCSet.Axioms.PowerSetOfExists	LRA.Set.Constructions.ZFCSet.Axioms.PowerSet.Existence	theorem	true	∀ (A : LRA.Set.Constructions.ZFCSet.Axioms.Set), Exists fun P => LRA.Set.Constructions.ZFCSet.Axioms.IsPowerSetOf A P	∀ (A : LRA.Set.Constructions.ZFCSet.Axioms.Set),   Exists fun P =>     ∀ (x : LRA.Set.Constructions.ZFCSet.Axioms.Set),       Iff (LRA.Set.Constructions.instMembershipZFCSet.1 P x)         (∀ (y : LRA.Set.Constructions.ZFCSet.Axioms.Set),           LRA.Set.Constructions.instMembershipZFCSet.1 x y → LRA.Set.Constructions.instMembershipZFCSet.1 A y)	ok
LRA.Set.Constructions.ZFCSet.Axioms.PowerSetOfExistsAndIsUnique	LRA.Set.Constructions.ZFCSet.Axioms.PowerSet.Uniqueness	theorem	true	∀ (A : LRA.Set.Constructions.ZFCSet.Axioms.Set),   LRA.Set.Constructions.ZFCSet.Axioms.ExistsAndUnique fun P => LRA.Set.Constructions.ZFCSet.Axioms.IsPowerSetOf A P	∀ (A : LRA.Set.Constructions.ZFCSet.Axioms.Set),   And     (Exists fun x =>       (fun P =>           ∀ (x : LRA.Set.Constructions.ZFCSet.Axioms.Set),             Iff (LRA.Set.Constructions.instMembershipZFCSet.1 P x)               (∀ (y : LRA.Set.Constructions.ZFCSet.Axioms.Set),                 LRA.Set.Constructions.instMembershipZFCSet.1 x y → LRA.Set.Constructions.instMembershipZFCSet.1 A y))         x)     (∀ (left right : LRA.Set.Constructions.ZFCSet.Axioms.Set),       (∀ (x : LRA.Set.Constructions.ZFCSet.Axioms.Set),           Iff (LRA.Set.Constructions.instMembershipZFCSet.1 left x)             (∀ (y : LRA.Set.Constructions.ZFCSet.Axioms.Set),               LRA.Set.Constructions.instMembershipZFCSet.1 x y → LRA.Set.Constructions.instMembershipZFCSet.1 A y)) →         (∀ (x : LRA.Set.Constructions.ZFCSet.Axioms.Set),             Iff (LRA.Set.Constructions.instMembershipZFCSet.1 right x)               (∀ (y : LRA.Set.Constructions.ZFCSet.Axioms.Set),                 LRA.Set.Constructions.instMembershipZFCSet.1 x y → LRA.Set.Constructions.instMembershipZFCSet.1 A y)) →           (LRA.Identity.Construction.Mathlib.instIdentityRelation LRA.Set.Constructions.ZFCSet.Axioms.Set).1 left right)	ok
LRA.Set.Constructions.ZFCSet.Axioms.PowerSetOfIsUnique	LRA.Set.Constructions.ZFCSet.Axioms.PowerSet.Uniqueness	theorem	true	∀ {A P Q : LRA.Set.Constructions.ZFCSet.Axioms.Set},   And (LRA.Set.Constructions.ZFCSet.Axioms.IsPowerSetOf A P) (LRA.Set.Constructions.ZFCSet.Axioms.IsPowerSetOf A Q) →     Eq Q P	∀ {A P Q : LRA.Set.Constructions.ZFCSet.Axioms.Set},   And       (∀ (x : LRA.Set.Constructions.ZFCSet.Axioms.Set),         Iff (LRA.Set.Constructions.instMembershipZFCSet.1 P x)           (∀ (y : LRA.Set.Constructions.ZFCSet.Axioms.Set),             LRA.Set.Constructions.instMembershipZFCSet.1 x y → LRA.Set.Constructions.instMembershipZFCSet.1 A y))       (∀ (x : LRA.Set.Constructions.ZFCSet.Axioms.Set),         Iff (LRA.Set.Constructions.instMembershipZFCSet.1 Q x)           (∀ (y : LRA.Set.Constructions.ZFCSet.Axioms.Set),             LRA.Set.Constructions.instMembershipZFCSet.1 x y → LRA.Set.Constructions.instMembershipZFCSet.1 A y)) →     Eq Q P	ok
LRA.Set.Constructions.ZFCSet.Axioms.ThePowerSetIsPowerSetOf	LRA.Set.Constructions.ZFCSet.Axioms.PowerSet.Canonical	theorem	true	∀ (A : LRA.Set.Constructions.ZFCSet.Axioms.Set),   LRA.Set.Constructions.ZFCSet.Axioms.IsPowerSetOf A (LRA.Set.Constructions.ZFCSet.Axioms.ThePowerSet A)	∀ (A x : LRA.Set.Constructions.ZFCSet.Axioms.Set),   Iff     (LRA.Set.Constructions.instMembershipZFCSet.1       (Classical.indefiniteDescription (LRA.Set.Constructions.ZFCSet.Axioms.IsPowerSetOf A) ⋯).1 x)     (∀ (y : LRA.Set.Constructions.ZFCSet.Axioms.Set),       LRA.Set.Constructions.instMembershipZFCSet.1 x y → LRA.Set.Constructions.instMembershipZFCSet.1 A y)	ok
LRA.Set.Constructions.ZFCSet.Axioms.EveryPowerSetOfEqualsThePowerSet	LRA.Set.Constructions.ZFCSet.Axioms.PowerSet.Consequences	theorem	true	∀ {A P : LRA.Set.Constructions.ZFCSet.Axioms.Set},   LRA.Set.Constructions.ZFCSet.Axioms.IsPowerSetOf A P → Eq P (LRA.Set.Constructions.ZFCSet.Axioms.ThePowerSet A)	∀ {A P : LRA.Set.Constructions.ZFCSet.Axioms.Set},   (∀ (x : LRA.Set.Constructions.ZFCSet.Axioms.Set),       Iff (LRA.Set.Constructions.instMembershipZFCSet.1 P x)         (∀ (y : LRA.Set.Constructions.ZFCSet.Axioms.Set),           LRA.Set.Constructions.instMembershipZFCSet.1 x y → LRA.Set.Constructions.instMembershipZFCSet.1 A y)) →     Eq P (Classical.indefiniteDescription (LRA.Set.Constructions.ZFCSet.Axioms.IsPowerSetOf A) ⋯).1	ok
LRA.Set.Constructions.ZFCSet.Axioms.InductiveSetExists	LRA.Set.Constructions.ZFCSet.Axioms.Infinity.Existence	theorem	true	Exists fun A => LRA.Set.Constructions.ZFCSet.Axioms.IsInductiveSet A	Exists fun A =>   And     (Exists fun empty =>       And (LRA.Set.Constructions.instMembershipZFCSet.1 A empty)         (∀ (x : LRA.Set.Constructions.ZFCSet.Axioms.Set), LRA.Set.Constructions.instMembershipZFCSet.1 empty x → False))     (∀ (x : LRA.Set.Constructions.ZFCSet.Axioms.Set),       LRA.Set.Constructions.instMembershipZFCSet.1 A x →         Exists fun successor =>           And (LRA.Set.Constructions.instMembershipZFCSet.1 A successor)             (∀ (w : LRA.Set.Constructions.ZFCSet.Axioms.Set),               Iff (LRA.Set.Constructions.instMembershipZFCSet.1 successor w)                 (Or (LRA.Set.Constructions.instMembershipZFCSet.1 x w) (Eq w x))))	ok
LRA.Set.Constructions.ZFCSet.Axioms.SeparatedSubsetExists	LRA.Set.Constructions.ZFCSet.Axioms.Separation.Existence	theorem	true	∀ (A : LRA.Set.Constructions.ZFCSet.Axioms.Set) (property : LRA.Set.Constructions.ZFCSet.Axioms.Set → Prop),   Exists fun B => LRA.Set.Constructions.ZFCSet.Axioms.IsSeparatedSubset A property B	∀ (A : LRA.Set.Constructions.ZFCSet.Axioms.Set) (property : LRA.Set.Constructions.ZFCSet.Axioms.Set → Prop),   Exists fun B =>     ∀ (x : LRA.Set.Constructions.ZFCSet.Axioms.Set),       Iff (LRA.Set.Constructions.instMembershipZFCSet.1 B x)         (And (LRA.Set.Constructions.instMembershipZFCSet.1 A x) (property x))	ok
LRA.Set.Constructions.ZFCSet.Axioms.SeparatedSubsetExistsAndIsUnique	LRA.Set.Constructions.ZFCSet.Axioms.Separation.Uniqueness	theorem	true	∀ (A : LRA.Set.Constructions.ZFCSet.Axioms.Set) (property : LRA.Set.Constructions.ZFCSet.Axioms.Set → Prop),   LRA.Set.Constructions.ZFCSet.Axioms.ExistsAndUnique fun B =>     LRA.Set.Constructions.ZFCSet.Axioms.IsSeparatedSubset A property B	∀ (A : LRA.Set.Constructions.ZFCSet.Axioms.Set) (property : LRA.Set.Constructions.ZFCSet.Axioms.Set → Prop),   And     (Exists fun x =>       (fun B =>           ∀ (x : LRA.Set.Constructions.ZFCSet.Axioms.Set),             Iff (LRA.Set.Constructions.instMembershipZFCSet.1 B x)               (And (LRA.Set.Constructions.instMembershipZFCSet.1 A x) (property x)))         x)     (∀ (left right : LRA.Set.Constructions.ZFCSet.Axioms.Set),       (∀ (x : LRA.Set.Constructions.ZFCSet.Axioms.Set),           Iff (LRA.Set.Constructions.instMembershipZFCSet.1 left x)             (And (LRA.Set.Constructions.instMembershipZFCSet.1 A x) (property x))) →         (∀ (x : LRA.Set.Constructions.ZFCSet.Axioms.Set),             Iff (LRA.Set.Constructions.instMembershipZFCSet.1 right x)               (And (LRA.Set.Constructions.instMembershipZFCSet.1 A x) (property x))) →           (LRA.Identity.Construction.Mathlib.instIdentityRelation LRA.Set.Constructions.ZFCSet.Axioms.Set).1 left right)	ok
LRA.Set.Constructions.ZFCSet.Axioms.SeparatedSubsetIsUnique	LRA.Set.Constructions.ZFCSet.Axioms.Separation.Uniqueness	theorem	true	∀ {A : LRA.Set.Constructions.ZFCSet.Axioms.Set} {property : LRA.Set.Constructions.ZFCSet.Axioms.Set → Prop}   {B C : LRA.Set.Constructions.ZFCSet.Axioms.Set},   And (LRA.Set.Constructions.ZFCSet.Axioms.IsSeparatedSubset A property B)       (LRA.Set.Constructions.ZFCSet.Axioms.IsSeparatedSubset A property C) →     Eq C B	∀ {A : LRA.Set.Constructions.ZFCSet.Axioms.Set} {property : LRA.Set.Constructions.ZFCSet.Axioms.Set → Prop}   {B C : LRA.Set.Constructions.ZFCSet.Axioms.Set},   And       (∀ (x : LRA.Set.Constructions.ZFCSet.Axioms.Set),         Iff (LRA.Set.Constructions.instMembershipZFCSet.1 B x)           (And (LRA.Set.Constructions.instMembershipZFCSet.1 A x) (property x)))       (∀ (x : LRA.Set.Constructions.ZFCSet.Axioms.Set),         Iff (LRA.Set.Constructions.instMembershipZFCSet.1 C x)           (And (LRA.Set.Constructions.instMembershipZFCSet.1 A x) (property x))) →     Eq C B	ok
LRA.Set.Constructions.ZFCSet.Axioms.TheSeparatedSubsetIsSeparatedSubset	LRA.Set.Constructions.ZFCSet.Axioms.Separation.Canonical	theorem	true	∀ (A : LRA.Set.Constructions.ZFCSet.Axioms.Set) (property : LRA.Set.Constructions.ZFCSet.Axioms.Set → Prop),   LRA.Set.Constructions.ZFCSet.Axioms.IsSeparatedSubset A property     (LRA.Set.Constructions.ZFCSet.Axioms.TheSeparatedSubset A property)	∀ (A : LRA.Set.Constructions.ZFCSet.Axioms.Set) (property : LRA.Set.Constructions.ZFCSet.Axioms.Set → Prop)   (x : LRA.Set.Constructions.ZFCSet.Axioms.Set),   Iff     (LRA.Set.Constructions.instMembershipZFCSet.1       (Classical.indefiniteDescription (LRA.Set.Constructions.ZFCSet.Axioms.IsSeparatedSubset A property) ⋯).1 x)     (And (LRA.Set.Constructions.instMembershipZFCSet.1 A x) (property x))	ok
LRA.Set.Constructions.ZFCSet.Axioms.EverySeparatedSubsetEqualsTheSeparatedSubset	LRA.Set.Constructions.ZFCSet.Axioms.Separation.Consequences	theorem	true	∀ {A : LRA.Set.Constructions.ZFCSet.Axioms.Set} {property : LRA.Set.Constructions.ZFCSet.Axioms.Set → Prop}   {B : LRA.Set.Constructions.ZFCSet.Axioms.Set},   LRA.Set.Constructions.ZFCSet.Axioms.IsSeparatedSubset A property B →     Eq B (LRA.Set.Constructions.ZFCSet.Axioms.TheSeparatedSubset A property)	∀ {A : LRA.Set.Constructions.ZFCSet.Axioms.Set} {property : LRA.Set.Constructions.ZFCSet.Axioms.Set → Prop}   {B : LRA.Set.Constructions.ZFCSet.Axioms.Set},   (∀ (x : LRA.Set.Constructions.ZFCSet.Axioms.Set),       Iff (LRA.Set.Constructions.instMembershipZFCSet.1 B x)         (And (LRA.Set.Constructions.instMembershipZFCSet.1 A x) (property x))) →     Eq B (Classical.indefiniteDescription (LRA.Set.Constructions.ZFCSet.Axioms.IsSeparatedSubset A property) ⋯).1	ok
LRA.Set.Constructions.ZFCSet.Axioms.ReplacementImageExists	LRA.Set.Constructions.ZFCSet.Axioms.Replacement.Existence	theorem	true	∀ (A : LRA.Set.Constructions.ZFCSet.Axioms.Set)   (relation : LRA.Set.Constructions.ZFCSet.Axioms.Set → LRA.Set.Constructions.ZFCSet.Axioms.Set → Prop),   LRA.Set.Constructions.ZFCSet.Axioms.IsFunctionalOn A relation →     Exists fun B => LRA.Set.Constructions.ZFCSet.Axioms.IsReplacementImageOf A relation B	∀ (A : LRA.Set.Constructions.ZFCSet.Axioms.Set)   (relation : LRA.Set.Constructions.ZFCSet.Axioms.Set → LRA.Set.Constructions.ZFCSet.Axioms.Set → Prop),   (∀ (x : LRA.Set.Constructions.ZFCSet.Axioms.Set),       LRA.Set.Constructions.instMembershipZFCSet.1 A x →         Exists fun y =>           And (relation x y) (∀ (other : LRA.Set.Constructions.ZFCSet.Axioms.Set), relation x other → Eq other y)) →     Exists fun B =>       ∀ (y : LRA.Set.Constructions.ZFCSet.Axioms.Set),         Iff (LRA.Set.Constructions.instMembershipZFCSet.1 B y)           (Exists fun x => And (LRA.Set.Constructions.instMembershipZFCSet.1 A x) (relation x y))	ok
LRA.Set.Constructions.ZFCSet.Axioms.ReplacementImageExistsAndIsUnique	LRA.Set.Constructions.ZFCSet.Axioms.Replacement.Uniqueness	theorem	true	∀ (A : LRA.Set.Constructions.ZFCSet.Axioms.Set)   (relation : LRA.Set.Constructions.ZFCSet.Axioms.Set → LRA.Set.Constructions.ZFCSet.Axioms.Set → Prop),   LRA.Set.Constructions.ZFCSet.Axioms.IsFunctionalOn A relation →     LRA.Set.Constructions.ZFCSet.Axioms.ExistsAndUnique fun B =>       LRA.Set.Constructions.ZFCSet.Axioms.IsReplacementImageOf A relation B	∀ (A : LRA.Set.Constructions.ZFCSet.Axioms.Set)   (relation : LRA.Set.Constructions.ZFCSet.Axioms.Set → LRA.Set.Constructions.ZFCSet.Axioms.Set → Prop),   (∀ (x : LRA.Set.Constructions.ZFCSet.Axioms.Set),       LRA.Set.Constructions.instMembershipZFCSet.1 A x →         Exists fun y =>           And (relation x y) (∀ (other : LRA.Set.Constructions.ZFCSet.Axioms.Set), relation x other → Eq other y)) →     And       (Exists fun x =>         (fun B =>             ∀ (y : LRA.Set.Constructions.ZFCSet.Axioms.Set),               Iff (LRA.Set.Constructions.instMembershipZFCSet.1 B y)                 (Exists fun x => And (LRA.Set.Constructions.instMembershipZFCSet.1 A x) (relation x y)))           x)       (∀ (left right : LRA.Set.Constructions.ZFCSet.Axioms.Set),         (∀ (y : LRA.Set.Constructions.ZFCSet.Axioms.Set),             Iff (LRA.Set.Constructions.instMembershipZFCSet.1 left y)               (Exists fun x => And (LRA.Set.Constructions.instMembershipZFCSet.1 A x) (relation x y))) →           (∀ (y : LRA.Set.Constructions.ZFCSet.Axioms.Set),               Iff (LRA.Set.Constructions.instMembershipZFCSet.1 right y)                 (Exists fun x => And (LRA.Set.Constructions.instMembershipZFCSet.1 A x) (relation x y))) →             (LRA.Identity.Construction.Mathlib.instIdentityRelation LRA.Set.Constructions.ZFCSet.Axioms.Set).1 left               right)	ok
LRA.Set.Constructions.ZFCSet.Axioms.ReplacementImageIsUnique	LRA.Set.Constructions.ZFCSet.Axioms.Replacement.Uniqueness	theorem	true	∀ {A : LRA.Set.Constructions.ZFCSet.Axioms.Set}   {relation : LRA.Set.Constructions.ZFCSet.Axioms.Set → LRA.Set.Constructions.ZFCSet.Axioms.Set → Prop}   {B C : LRA.Set.Constructions.ZFCSet.Axioms.Set},   And (LRA.Set.Constructions.ZFCSet.Axioms.IsReplacementImageOf A relation B)       (LRA.Set.Constructions.ZFCSet.Axioms.IsReplacementImageOf A relation C) →     Eq C B	∀ {A : LRA.Set.Constructions.ZFCSet.Axioms.Set}   {relation : LRA.Set.Constructions.ZFCSet.Axioms.Set → LRA.Set.Constructions.ZFCSet.Axioms.Set → Prop}   {B C : LRA.Set.Constructions.ZFCSet.Axioms.Set},   And       (∀ (y : LRA.Set.Constructions.ZFCSet.Axioms.Set),         Iff (LRA.Set.Constructions.instMembershipZFCSet.1 B y)           (Exists fun x => And (LRA.Set.Constructions.instMembershipZFCSet.1 A x) (relation x y)))       (∀ (y : LRA.Set.Constructions.ZFCSet.Axioms.Set),         Iff (LRA.Set.Constructions.instMembershipZFCSet.1 C y)           (Exists fun x => And (LRA.Set.Constructions.instMembershipZFCSet.1 A x) (relation x y))) →     Eq C B	ok
LRA.Set.Constructions.ZFCSet.Axioms.TheReplacementImageIsReplacementImageOf	LRA.Set.Constructions.ZFCSet.Axioms.Replacement.Canonical	theorem	true	∀ (A : LRA.Set.Constructions.ZFCSet.Axioms.Set)   (relation : LRA.Set.Constructions.ZFCSet.Axioms.Set → LRA.Set.Constructions.ZFCSet.Axioms.Set → Prop)   (functional : LRA.Set.Constructions.ZFCSet.Axioms.IsFunctionalOn A relation),   LRA.Set.Constructions.ZFCSet.Axioms.IsReplacementImageOf A relation     (LRA.Set.Constructions.ZFCSet.Axioms.TheReplacementImage A relation functional)	∀ (A : LRA.Set.Constructions.ZFCSet.Axioms.Set)   (relation : LRA.Set.Constructions.ZFCSet.Axioms.Set → LRA.Set.Constructions.ZFCSet.Axioms.Set → Prop)   (functional :     ∀ (x : LRA.Set.Constructions.ZFCSet.Axioms.Set),       LRA.Set.Constructions.instMembershipZFCSet.1 A x →         Exists fun y =>           And (relation x y) (∀ (other : LRA.Set.Constructions.ZFCSet.Axioms.Set), relation x other → Eq other y))   (y : LRA.Set.Constructions.ZFCSet.Axioms.Set),   Iff     (LRA.Set.Constructions.instMembershipZFCSet.1       (Classical.indefiniteDescription (LRA.Set.Constructions.ZFCSet.Axioms.IsReplacementImageOf A relation) ⋯).1 y)     (Exists fun x => And (LRA.Set.Constructions.instMembershipZFCSet.1 A x) (relation x y))	ok
LRA.Set.Constructions.ZFCSet.Axioms.EveryReplacementImageEqualsTheReplacementImage	LRA.Set.Constructions.ZFCSet.Axioms.Replacement.Consequences	theorem	true	∀ {A : LRA.Set.Constructions.ZFCSet.Axioms.Set}   {relation : LRA.Set.Constructions.ZFCSet.Axioms.Set → LRA.Set.Constructions.ZFCSet.Axioms.Set → Prop}   (functional : LRA.Set.Constructions.ZFCSet.Axioms.IsFunctionalOn A relation)   {B : LRA.Set.Constructions.ZFCSet.Axioms.Set},   LRA.Set.Constructions.ZFCSet.Axioms.IsReplacementImageOf A relation B →     Eq B (LRA.Set.Constructions.ZFCSet.Axioms.TheReplacementImage A relation functional)	∀ {A : LRA.Set.Constructions.ZFCSet.Axioms.Set}   {relation : LRA.Set.Constructions.ZFCSet.Axioms.Set → LRA.Set.Constructions.ZFCSet.Axioms.Set → Prop}   (functional :     ∀ (x : LRA.Set.Constructions.ZFCSet.Axioms.Set),       LRA.Set.Constructions.instMembershipZFCSet.1 A x →         Exists fun y =>           And (relation x y) (∀ (other : LRA.Set.Constructions.ZFCSet.Axioms.Set), relation x other → Eq other y))   {B : LRA.Set.Constructions.ZFCSet.Axioms.Set},   (∀ (y : LRA.Set.Constructions.ZFCSet.Axioms.Set),       Iff (LRA.Set.Constructions.instMembershipZFCSet.1 B y)         (Exists fun x => And (LRA.Set.Constructions.instMembershipZFCSet.1 A x) (relation x y))) →     Eq B (Classical.indefiniteDescription (LRA.Set.Constructions.ZFCSet.Axioms.IsReplacementImageOf A relation) ⋯).1	ok
LRA.Set.Constructions.ZFCSet.Axioms.FoundationWitnessExists	LRA.Set.Constructions.ZFCSet.Axioms.Foundation.Existence	theorem	true	∀ (A : LRA.Set.Constructions.ZFCSet.Axioms.Set),   (Exists fun w => LRA.Set.Constructions.instMembershipZFCSet.mem A w) →     Exists fun x => LRA.Set.Constructions.ZFCSet.Axioms.IsFoundationWitness A x	∀ (A : LRA.Set.Constructions.ZFCSet.Axioms.Set),   (Exists fun w => LRA.Set.Constructions.instMembershipZFCSet.1 A w) →     Exists fun x =>       And (LRA.Set.Constructions.instMembershipZFCSet.1 A x)         (∀ (y : LRA.Set.Constructions.ZFCSet.Axioms.Set),           LRA.Set.Constructions.instMembershipZFCSet.1 x y → LRA.Set.Constructions.instMembershipZFCSet.1 A y → False)	ok
LRA.Set.Constructions.ZFCSet.Axioms.NoSetIsMemberOfItself	LRA.Set.Constructions.ZFCSet.Axioms.Foundation.Consequences	theorem	true	∀ (A : LRA.Set.Constructions.ZFCSet.Axioms.Set), Not (LRA.Set.Constructions.instMembershipZFCSet.mem A A)	∀ (A : LRA.Set.Constructions.ZFCSet.Axioms.Set), LRA.Set.Constructions.instMembershipZFCSet.1 A A → False	ok
LRA.Set.Constructions.ZFCSet.Axioms.ChoiceSetExists	LRA.Set.Constructions.ZFCSet.Axioms.Choice.Existence	theorem	true	∀ (A : LRA.Set.Constructions.ZFCSet.Axioms.Set),   And       (∀ (B : LRA.Set.Constructions.ZFCSet.Axioms.Set),         LRA.Set.Constructions.instMembershipZFCSet.mem A B →           Exists fun x => LRA.Set.Constructions.instMembershipZFCSet.mem B x)       (∀ (B C : LRA.Set.Constructions.ZFCSet.Axioms.Set),         LRA.Set.Constructions.instMembershipZFCSet.mem A B →           LRA.Set.Constructions.instMembershipZFCSet.mem A C →             Ne B C →               ∀ (x : LRA.Set.Constructions.ZFCSet.Axioms.Set),                 LRA.Set.Constructions.instMembershipZFCSet.mem B x →                   Not (LRA.Set.Constructions.instMembershipZFCSet.mem C x)) →     Exists fun choiceSet => LRA.Set.Constructions.ZFCSet.Axioms.IsChoiceSetFor A choiceSet	∀ (A : LRA.Set.Constructions.ZFCSet.Axioms.Set),   And       (∀ (B : LRA.Set.Constructions.ZFCSet.Axioms.Set),         LRA.Set.Constructions.instMembershipZFCSet.1 A B →           Exists fun x => LRA.Set.Constructions.instMembershipZFCSet.1 B x)       (∀ (B C : LRA.Set.Constructions.ZFCSet.Axioms.Set),         LRA.Set.Constructions.instMembershipZFCSet.1 A B →           LRA.Set.Constructions.instMembershipZFCSet.1 A C →             (Eq B C → False) →               ∀ (x : LRA.Set.Constructions.ZFCSet.Axioms.Set),                 LRA.Set.Constructions.instMembershipZFCSet.1 B x →                   LRA.Set.Constructions.instMembershipZFCSet.1 C x → False) →     Exists fun choiceSet =>       ∀ (B : LRA.Set.Constructions.ZFCSet.Axioms.Set),         LRA.Set.Constructions.instMembershipZFCSet.1 A B →           Exists fun x =>             And               (And (LRA.Set.Constructions.instMembershipZFCSet.1 B x)                 (LRA.Set.Constructions.instMembershipZFCSet.1 choiceSet x))               (∀ (other : LRA.Set.Constructions.ZFCSet.Axioms.Set),                 And (LRA.Set.Constructions.instMembershipZFCSet.1 B other)                     (LRA.Set.Constructions.instMembershipZFCSet.1 choiceSet other) →                   Eq other x)	ok
LRA.Set.Constructions.ZFCSet.Axioms.TheChoiceSetIsChoiceSetFor	LRA.Set.Constructions.ZFCSet.Axioms.Choice.Canonical	theorem	true	∀ (A : LRA.Set.Constructions.ZFCSet.Axioms.Set)   (membersNonempty :     ∀ (B : LRA.Set.Constructions.ZFCSet.Axioms.Set),       LRA.Set.Constructions.instMembershipZFCSet.mem A B →         Exists fun x => LRA.Set.Constructions.instMembershipZFCSet.mem B x)   (membersPairwiseDisjoint :     ∀ (B C : LRA.Set.Constructions.ZFCSet.Axioms.Set),       LRA.Set.Constructions.instMembershipZFCSet.mem A B →         LRA.Set.Constructions.instMembershipZFCSet.mem A C →           Ne B C →             ∀ (x : LRA.Set.Constructions.ZFCSet.Axioms.Set),               LRA.Set.Constructions.instMembershipZFCSet.mem B x →                 Not (LRA.Set.Constructions.instMembershipZFCSet.mem C x)),   LRA.Set.Constructions.ZFCSet.Axioms.IsChoiceSetFor A     (LRA.Set.Constructions.ZFCSet.Axioms.TheChoiceSet A membersNonempty membersPairwiseDisjoint)	∀ (A : LRA.Set.Constructions.ZFCSet.Axioms.Set)   (membersNonempty :     ∀ (B : LRA.Set.Constructions.ZFCSet.Axioms.Set),       LRA.Set.Constructions.instMembershipZFCSet.1 A B →         Exists fun x => LRA.Set.Constructions.instMembershipZFCSet.1 B x)   (membersPairwiseDisjoint :     ∀ (B C : LRA.Set.Constructions.ZFCSet.Axioms.Set),       LRA.Set.Constructions.instMembershipZFCSet.1 A B →         LRA.Set.Constructions.instMembershipZFCSet.1 A C →           (Eq B C → False) →             ∀ (x : LRA.Set.Constructions.ZFCSet.Axioms.Set),               LRA.Set.Constructions.instMembershipZFCSet.1 B x →                 LRA.Set.Constructions.instMembershipZFCSet.1 C x → False)   (B : LRA.Set.Constructions.ZFCSet.Axioms.Set),   LRA.Set.Constructions.instMembershipZFCSet.1 A B →     Exists fun x =>       And         (And (LRA.Set.Constructions.instMembershipZFCSet.1 B x)           (LRA.Set.Constructions.instMembershipZFCSet.1             (Classical.indefiniteDescription (LRA.Set.Constructions.ZFCSet.Axioms.IsChoiceSetFor A) ⋯).1 x))         (∀ (other : LRA.Set.Constructions.ZFCSet.Axioms.Set),           And (LRA.Set.Constructions.instMembershipZFCSet.1 B other)               (LRA.Set.Constructions.instMembershipZFCSet.1                 (Classical.indefiniteDescription (LRA.Set.Constructions.ZFCSet.Axioms.IsChoiceSetFor A) ⋯).1 other) →             Eq other x)	ok
LRA.Set.Constructions.ZFCSet.Axioms.SingletonMemberOfKuratowskiPair	LRA.Set.Constructions.ZFCSet.Axioms.OrderedPair.Consequences	theorem	true	∀ (first second : LRA.Set.Constructions.ZFCSet.Axioms.Set),   LRA.Set.Constructions.instMembershipZFCSet.mem (LRA.Set.Constructions.ZFCSet.Axioms.KuratowskiPair first second)     (LRA.Set.Constructions.ZFCSet.Axioms.SingletonSet first)	∀ (first second : LRA.Set.Constructions.ZFCSet.Axioms.Set),   LRA.Set.Constructions.instMembershipZFCSet.1     (Classical.indefiniteDescription         (LRA.Set.Constructions.ZFCSet.Axioms.IsPairSet (LRA.Set.Constructions.ZFCSet.Axioms.SingletonSet first)           (LRA.Set.Constructions.ZFCSet.Axioms.PairSet first second))         ⋯).1     (Classical.indefiniteDescription (LRA.Set.Constructions.ZFCSet.Axioms.IsPairSet first first) ⋯).1	ok
LRA.Set.Constructions.ZFCSet.Axioms.MemberOfSingletonSet	LRA.Set.Constructions.ZFCSet.Axioms.OrderedPair.Consequences	theorem	true	∀ (element candidate : LRA.Set.Constructions.ZFCSet.Axioms.Set),   Iff     (LRA.Set.Constructions.instMembershipZFCSet.mem (LRA.Set.Constructions.ZFCSet.Axioms.SingletonSet element)       candidate)     (Eq candidate element)	∀ (element candidate : LRA.Set.Constructions.ZFCSet.Axioms.Set),   Iff     (LRA.Set.Constructions.instMembershipZFCSet.1       (Classical.indefiniteDescription (LRA.Set.Constructions.ZFCSet.Axioms.IsPairSet element element) ⋯).1 candidate)     (Eq candidate element)	ok
LRA.Set.Constructions.ZFCSet.Axioms.KuratowskiPairInjective	LRA.Set.Constructions.ZFCSet.Axioms.OrderedPair.Consequences	theorem	true	∀ (firstLeft secondLeft firstRight secondRight : LRA.Set.Constructions.ZFCSet.Axioms.Set),   Iff     (Eq (LRA.Set.Constructions.ZFCSet.Axioms.KuratowskiPair firstLeft firstRight)       (LRA.Set.Constructions.ZFCSet.Axioms.KuratowskiPair secondLeft secondRight))     (And (Eq firstLeft secondLeft) (Eq firstRight secondRight))	∀ (firstLeft secondLeft firstRight secondRight : LRA.Set.Constructions.ZFCSet.Axioms.Set),   Iff     (Eq       (Classical.indefiniteDescription           (LRA.Set.Constructions.ZFCSet.Axioms.IsPairSet (LRA.Set.Constructions.ZFCSet.Axioms.SingletonSet firstLeft)             (LRA.Set.Constructions.ZFCSet.Axioms.PairSet firstLeft firstRight))           ⋯).1       (Classical.indefiniteDescription           (LRA.Set.Constructions.ZFCSet.Axioms.IsPairSet (LRA.Set.Constructions.ZFCSet.Axioms.SingletonSet secondLeft)             (LRA.Set.Constructions.ZFCSet.Axioms.PairSet secondLeft secondRight))           ⋯).1)     (And (Eq firstLeft secondLeft) (Eq firstRight secondRight))	ok
LRA.Set.Constructions.ZFCSet.Axioms.instPairingLawsSet	LRA.Set.Constructions.ZFCSet.Axioms.OrderedPair.Consequences	theorem	true	LRA.Set.PairingLaws LRA.Set.Constructions.ZFCSet.Axioms.Set LRA.Set.Constructions.ZFCSet.Axioms.Set   LRA.Set.Constructions.ZFCSet.Axioms.Set	LRA.Set.PairingLaws LRA.Set.Constructions.ZFCSet.Axioms.Set LRA.Set.Constructions.ZFCSet.Axioms.Set   LRA.Set.Constructions.ZFCSet.Axioms.Set	ok
LRA.Set.Constructions.ZFCSet.Axioms.TheRelativeComplementIsRelativeComplementOf	LRA.Set.Constructions.ZFCSet.Axioms.RelativeComplement.Canonical	theorem	true	∀ (A B : LRA.Set.Constructions.ZFCSet.Axioms.Set),   LRA.Set.Constructions.ZFCSet.Axioms.IsRelativeComplementOf A B     (LRA.Set.Constructions.ZFCSet.Axioms.TheRelativeComplement A B)	∀ (A B x : LRA.Set.Constructions.ZFCSet.Axioms.Set),   Iff     (LRA.Set.Constructions.instMembershipZFCSet.1       (Classical.indefiniteDescription           (LRA.Set.Constructions.ZFCSet.Axioms.IsSeparatedSubset A fun x =>             Not (LRA.Set.Constructions.instMembershipZFCSet.mem B x))           ⋯).1       x)     (And (LRA.Set.Constructions.instMembershipZFCSet.1 A x) (LRA.Set.Constructions.instMembershipZFCSet.1 B x → False))	ok
LRA.Set.Constructions.ZFCSet.Axioms.EveryRelativeComplementEqualsTheRelativeComplement	LRA.Set.Constructions.ZFCSet.Axioms.RelativeComplement.Consequences	theorem	true	∀ {A B D : LRA.Set.Constructions.ZFCSet.Axioms.Set},   LRA.Set.Constructions.ZFCSet.Axioms.IsRelativeComplementOf A B D →     Eq D (LRA.Set.Constructions.ZFCSet.Axioms.TheRelativeComplement A B)	∀ {A B D : LRA.Set.Constructions.ZFCSet.Axioms.Set},   (∀ (x : LRA.Set.Constructions.ZFCSet.Axioms.Set),       Iff (LRA.Set.Constructions.instMembershipZFCSet.1 D x)         (And (LRA.Set.Constructions.instMembershipZFCSet.1 A x)           (LRA.Set.Constructions.instMembershipZFCSet.1 B x → False))) →     Eq D       (Classical.indefiniteDescription           (LRA.Set.Constructions.ZFCSet.Axioms.IsSeparatedSubset A fun x =>             Not (LRA.Set.Constructions.instMembershipZFCSet.mem B x))           ⋯).1	ok
LRA.Set.Constructions.ZFCSet.Axioms.TheRelativeComplementMembership	LRA.Set.Constructions.ZFCSet.Axioms.RelativeComplement.Consequences	theorem	true	∀ (A B x : LRA.Set.Constructions.ZFCSet.Axioms.Set),   Iff (LRA.Set.Constructions.instMembershipZFCSet.mem (LRA.Set.Constructions.ZFCSet.Axioms.TheRelativeComplement A B) x)     (And (LRA.Set.Constructions.instMembershipZFCSet.mem A x)       (Not (LRA.Set.Constructions.instMembershipZFCSet.mem B x)))	∀ (A B x : LRA.Set.Constructions.ZFCSet.Axioms.Set),   Iff     (LRA.Set.Constructions.instMembershipZFCSet.1       (Classical.indefiniteDescription           (LRA.Set.Constructions.ZFCSet.Axioms.IsSeparatedSubset A fun x =>             Not (LRA.Set.Constructions.instMembershipZFCSet.mem B x))           ⋯).1       x)     (And (LRA.Set.Constructions.instMembershipZFCSet.1 A x) (LRA.Set.Constructions.instMembershipZFCSet.1 B x → False))	ok
LRA.Set.Constructions.ZFCSet.Axioms.TheIntersectionIsIntersectionOf	LRA.Set.Constructions.ZFCSet.Axioms.Intersection.Canonical	theorem	true	∀ (A B : LRA.Set.Constructions.ZFCSet.Axioms.Set),   LRA.Set.Constructions.ZFCSet.Axioms.IsIntersectionOf A B (LRA.Set.Constructions.ZFCSet.Axioms.TheIntersection A B)	∀ (A B x : LRA.Set.Constructions.ZFCSet.Axioms.Set),   Iff     (LRA.Set.Constructions.instMembershipZFCSet.1       (Classical.indefiniteDescription           (LRA.Set.Constructions.ZFCSet.Axioms.IsSeparatedSubset A fun x =>             LRA.Set.Constructions.instMembershipZFCSet.mem B x)           ⋯).1       x)     (And (LRA.Set.Constructions.instMembershipZFCSet.1 A x) (LRA.Set.Constructions.instMembershipZFCSet.1 B x))	ok
LRA.Set.Constructions.ZFCSet.Axioms.TheIntersectionMembership	LRA.Set.Constructions.ZFCSet.Axioms.Intersection.Consequences	theorem	true	∀ (A B x : LRA.Set.Constructions.ZFCSet.Axioms.Set),   Iff (LRA.Set.Constructions.instMembershipZFCSet.mem (LRA.Set.Constructions.ZFCSet.Axioms.TheIntersection A B) x)     (And (LRA.Set.Constructions.instMembershipZFCSet.mem A x) (LRA.Set.Constructions.instMembershipZFCSet.mem B x))	∀ (A B x : LRA.Set.Constructions.ZFCSet.Axioms.Set),   Iff     (LRA.Set.Constructions.instMembershipZFCSet.1       (Classical.indefiniteDescription           (LRA.Set.Constructions.ZFCSet.Axioms.IsSeparatedSubset A fun x =>             LRA.Set.Constructions.instMembershipZFCSet.mem B x)           ⋯).1       x)     (And (LRA.Set.Constructions.instMembershipZFCSet.1 A x) (LRA.Set.Constructions.instMembershipZFCSet.1 B x))	ok
LRA.Set.Constructions.ZFCSet.Axioms.EveryIntersectionEqualsTheIntersection	LRA.Set.Constructions.ZFCSet.Axioms.Intersection.Consequences	theorem	true	∀ {A B D : LRA.Set.Constructions.ZFCSet.Axioms.Set},   LRA.Set.Constructions.ZFCSet.Axioms.IsIntersectionOf A B D →     Eq D (LRA.Set.Constructions.ZFCSet.Axioms.TheIntersection A B)	∀ {A B D : LRA.Set.Constructions.ZFCSet.Axioms.Set},   (∀ (x : LRA.Set.Constructions.ZFCSet.Axioms.Set),       Iff (LRA.Set.Constructions.instMembershipZFCSet.1 D x)         (And (LRA.Set.Constructions.instMembershipZFCSet.1 A x) (LRA.Set.Constructions.instMembershipZFCSet.1 B x))) →     Eq D       (Classical.indefiniteDescription           (LRA.Set.Constructions.ZFCSet.Axioms.IsSeparatedSubset A fun x =>             LRA.Set.Constructions.instMembershipZFCSet.mem B x)           ⋯).1	ok
LRA.Set.Constructions.ZFCSet.Axioms.TheSymmetricDifferenceIsSymmetricDifferenceOf	LRA.Set.Constructions.ZFCSet.Axioms.SymmetricDifference.Canonical	theorem	true	∀ (A B : LRA.Set.Constructions.ZFCSet.Axioms.Set),   LRA.Set.Constructions.ZFCSet.Axioms.IsSymmetricDifferenceOf A B     (LRA.Set.Constructions.ZFCSet.Axioms.TheSymmetricDifference A B)	∀ (A B x : LRA.Set.Constructions.ZFCSet.Axioms.Set),   Iff     (LRA.Set.Constructions.instMembershipZFCSet.1       (Classical.indefiniteDescription           (LRA.Set.Constructions.ZFCSet.Axioms.IsUnionOf             (LRA.Set.Constructions.ZFCSet.Axioms.PairSet (LRA.Set.Constructions.ZFCSet.Axioms.TheRelativeComplement A B)               (LRA.Set.Constructions.ZFCSet.Axioms.TheRelativeComplement B A)))           ⋯).val       x)     (Or       (And (LRA.Set.Constructions.instMembershipZFCSet.1 A x)         (LRA.Set.Constructions.instMembershipZFCSet.1 B x → False))       (And (LRA.Set.Constructions.instMembershipZFCSet.1 B x)         (LRA.Set.Constructions.instMembershipZFCSet.1 A x → False)))	ok
LRA.Set.Constructions.ZFCSet.Axioms.TheSymmetricDifferenceMembership	LRA.Set.Constructions.ZFCSet.Axioms.SymmetricDifference.Consequences	theorem	true	∀ (A B x : LRA.Set.Constructions.ZFCSet.Axioms.Set),   Iff     (LRA.Set.Constructions.instMembershipZFCSet.mem (LRA.Set.Constructions.ZFCSet.Axioms.TheSymmetricDifference A B) x)     (Or       (And (LRA.Set.Constructions.instMembershipZFCSet.mem A x)         (Not (LRA.Set.Constructions.instMembershipZFCSet.mem B x)))       (And (LRA.Set.Constructions.instMembershipZFCSet.mem B x)         (Not (LRA.Set.Constructions.instMembershipZFCSet.mem A x))))	∀ (A B x : LRA.Set.Constructions.ZFCSet.Axioms.Set),   Iff     (LRA.Set.Constructions.instMembershipZFCSet.1       (Classical.indefiniteDescription           (LRA.Set.Constructions.ZFCSet.Axioms.IsUnionOf             (LRA.Set.Constructions.ZFCSet.Axioms.PairSet (LRA.Set.Constructions.ZFCSet.Axioms.TheRelativeComplement A B)               (LRA.Set.Constructions.ZFCSet.Axioms.TheRelativeComplement B A)))           ⋯).1       x)     (Or       (And (LRA.Set.Constructions.instMembershipZFCSet.1 A x)         (LRA.Set.Constructions.instMembershipZFCSet.1 B x → False))       (And (LRA.Set.Constructions.instMembershipZFCSet.1 B x)         (LRA.Set.Constructions.instMembershipZFCSet.1 A x → False)))	ok
LRA.Set.Constructions.ZFCSet.Axioms.EverySymmetricDifferenceEqualsTheSymmetricDifference	LRA.Set.Constructions.ZFCSet.Axioms.SymmetricDifference.Consequences	theorem	true	∀ {A B D : LRA.Set.Constructions.ZFCSet.Axioms.Set},   LRA.Set.Constructions.ZFCSet.Axioms.IsSymmetricDifferenceOf A B D →     Eq D (LRA.Set.Constructions.ZFCSet.Axioms.TheSymmetricDifference A B)	∀ {A B D : LRA.Set.Constructions.ZFCSet.Axioms.Set},   (∀ (x : LRA.Set.Constructions.ZFCSet.Axioms.Set),       Iff (LRA.Set.Constructions.instMembershipZFCSet.1 D x)         (Or           (And (LRA.Set.Constructions.instMembershipZFCSet.1 A x)             (LRA.Set.Constructions.instMembershipZFCSet.1 B x → False))           (And (LRA.Set.Constructions.instMembershipZFCSet.1 B x)             (LRA.Set.Constructions.instMembershipZFCSet.1 A x → False)))) →     Eq D       (Classical.indefiniteDescription           (LRA.Set.Constructions.ZFCSet.Axioms.IsUnionOf             (LRA.Set.Constructions.ZFCSet.Axioms.PairSet (LRA.Set.Constructions.ZFCSet.Axioms.TheRelativeComplement A B)               (LRA.Set.Constructions.ZFCSet.Axioms.TheRelativeComplement B A)))           ⋯).1	ok
LRA.Set.Constructions.ZFCSet.Axioms.TheIntersectionOverMembership	LRA.Set.Constructions.ZFCSet.Axioms.IntersectionOver.Consequences	theorem	true	∀ (A x : LRA.Set.Constructions.ZFCSet.Axioms.Set),   (Exists fun B => LRA.Set.Constructions.instMembershipZFCSet.mem A B) →     Iff (LRA.Set.Constructions.instMembershipZFCSet.mem (LRA.Set.Constructions.ZFCSet.Axioms.TheIntersectionOver A) x)       (∀ (B : LRA.Set.Constructions.ZFCSet.Axioms.Set),         LRA.Set.Constructions.instMembershipZFCSet.mem A B → LRA.Set.Constructions.instMembershipZFCSet.mem B x)	∀ (A x : LRA.Set.Constructions.ZFCSet.Axioms.Set),   (Exists fun B => LRA.Set.Constructions.instMembershipZFCSet.1 A B) →     Iff       (LRA.Set.Constructions.instMembershipZFCSet.1         (Classical.indefiniteDescription             (LRA.Set.Constructions.ZFCSet.Axioms.IsSeparatedSubset (LRA.Set.Constructions.ZFCSet.Axioms.TheUnionOver A)               fun x =>               ∀ (B : LRA.Set.Constructions.ZFCSet.Axioms.Set),                 LRA.Set.Constructions.instMembershipZFCSet.mem A B → LRA.Set.Constructions.instMembershipZFCSet.mem B x)             ⋯).1         x)       (∀ (B : LRA.Set.Constructions.ZFCSet.Axioms.Set),         LRA.Set.Constructions.instMembershipZFCSet.1 A B → LRA.Set.Constructions.instMembershipZFCSet.1 B x)	ok
LRA.Set.Constructions.ZFCSet.Axioms.SetExtensionality	LRA.Set.Constructions.ZFCSet.Axioms.Public	theorem	true	∀ (A B : LRA.Set.Constructions.ZFCSet),   (∀ (x : LRA.Set.Constructions.ZFCSet),       Iff (LRA.Set.Constructions.instMembershipZFCSet.mem A x) (LRA.Set.Constructions.instMembershipZFCSet.mem B x)) →     Eq A B	∀ (A B : LRA.Set.Constructions.ZFCSet),   (∀ (x : LRA.Set.Constructions.ZFCSet),       Iff (LRA.Set.Constructions.instMembershipZFCSet.1 A x) (LRA.Set.Constructions.instMembershipZFCSet.1 B x)) →     Eq A B	ok
LRA.Set.Constructions.ZFCSet.SubsetIffAllMembers	LRA.Set.Constructions.ZFCSet.Laws.Membership	theorem	true	∀ (A B : LRA.Set.Constructions.ZFCSet.Set),   Iff (LRA.Set.Constructions.ZFCSet.instHasSubset.Subset A B)     (∀ (x : LRA.Set.Constructions.ZFCSet.Set),       LRA.Set.Constructions.instMembershipZFCSet.mem A x → LRA.Set.Constructions.instMembershipZFCSet.mem B x)	∀ (A B : LRA.Set.Constructions.ZFCSet.Set),   Iff (LRA.Set.Constructions.ZFCSet.instHasSubset.1 A B)     (∀ (x : LRA.Set.Constructions.ZFCSet.Set),       LRA.Set.Constructions.instMembershipZFCSet.1 A x → LRA.Set.Constructions.instMembershipZFCSet.1 B x)	ok
LRA.Set.Constructions.ZFCSet.UnionEmpty	LRA.Set.Constructions.ZFCSet.Laws.Union	theorem	true	∀ (A : LRA.Set.Constructions.ZFCSet.Set),   Eq (LRA.Set.Constructions.ZFCSet.instUnion.union A LRA.Set.Constructions.ZFCSet.instEmptyCollection.emptyCollection) A	∀ (A : LRA.Set.Constructions.ZFCSet.Set),   Eq (LRA.Set.Constructions.ZFCSet.instUnion.1 A LRA.Set.Constructions.ZFCSet.instEmptyCollection.1) A	ok
LRA.Set.Constructions.ZFCSet.UnionCommutative	LRA.Set.Constructions.ZFCSet.Laws.Union	theorem	true	∀ (A B : LRA.Set.Constructions.ZFCSet.Set),   Eq (LRA.Set.Constructions.ZFCSet.instUnion.union A B) (LRA.Set.Constructions.ZFCSet.instUnion.union B A)	∀ (A B : LRA.Set.Constructions.ZFCSet.Set),   Eq (LRA.Set.Constructions.ZFCSet.instUnion.1 A B) (LRA.Set.Constructions.ZFCSet.instUnion.1 B A)	ok
LRA.Set.Constructions.ZFCSet.EmptyUnion	LRA.Set.Constructions.ZFCSet.Laws.Union	theorem	true	∀ (A : LRA.Set.Constructions.ZFCSet.Set),   Eq (LRA.Set.Constructions.ZFCSet.instUnion.union LRA.Set.Constructions.ZFCSet.instEmptyCollection.emptyCollection A) A	∀ (A : LRA.Set.Constructions.ZFCSet.Set),   Eq (LRA.Set.Constructions.ZFCSet.instUnion.1 LRA.Set.Constructions.ZFCSet.instEmptyCollection.1 A) A	ok
LRA.Set.Constructions.ZFCSet.UnionAssociative	LRA.Set.Constructions.ZFCSet.Laws.Union	theorem	true	∀ (A B C : LRA.Set.Constructions.ZFCSet.Set),   Eq (LRA.Set.Constructions.ZFCSet.instUnion.union (LRA.Set.Constructions.ZFCSet.instUnion.union A B) C)     (LRA.Set.Constructions.ZFCSet.instUnion.union A (LRA.Set.Constructions.ZFCSet.instUnion.union B C))	∀ (A B C : LRA.Set.Constructions.ZFCSet.Set),   Eq (LRA.Set.Constructions.ZFCSet.instUnion.1 (LRA.Set.Constructions.ZFCSet.instUnion.1 A B) C)     (LRA.Set.Constructions.ZFCSet.instUnion.1 A (LRA.Set.Constructions.ZFCSet.instUnion.1 B C))	ok
LRA.Set.Constructions.ZFCSet.UnionIdempotent	LRA.Set.Constructions.ZFCSet.Laws.Union	theorem	true	∀ (A : LRA.Set.Constructions.ZFCSet.Set), Eq (LRA.Set.Constructions.ZFCSet.instUnion.union A A) A	∀ (A : LRA.Set.Constructions.ZFCSet.Set), Eq (LRA.Set.Constructions.ZFCSet.instUnion.1 A A) A	ok
LRA.Set.Constructions.ZFCSet.UnionMonotone	LRA.Set.Constructions.ZFCSet.Laws.Union	theorem	true	∀ (A₁ A₂ B₁ B₂ : LRA.Set.Constructions.ZFCSet.Set),   And (LRA.Set.Constructions.ZFCSet.instHasSubset.Subset A₁ A₂)       (LRA.Set.Constructions.ZFCSet.instHasSubset.Subset B₁ B₂) →     LRA.Set.Constructions.ZFCSet.instHasSubset.Subset (LRA.Set.Constructions.ZFCSet.instUnion.union A₁ B₁)       (LRA.Set.Constructions.ZFCSet.instUnion.union A₂ B₂)	∀ (A₁ A₂ B₁ B₂ : LRA.Set.Constructions.ZFCSet.Set),   And (LRA.Set.Constructions.ZFCSet.instHasSubset.1 A₁ A₂) (LRA.Set.Constructions.ZFCSet.instHasSubset.1 B₁ B₂) →     LRA.Set.Constructions.ZFCSet.instHasSubset.1 (LRA.Set.Constructions.ZFCSet.instUnion.1 A₁ B₁)       (LRA.Set.Constructions.ZFCSet.instUnion.1 A₂ B₂)	ok
LRA.Set.Constructions.ZFCSet.SubsetIffUnionEqRight	LRA.Set.Constructions.ZFCSet.Laws.Union	theorem	true	∀ (A B : LRA.Set.Constructions.ZFCSet.Set),   Iff (LRA.Set.Constructions.ZFCSet.instHasSubset.Subset A B) (Eq (LRA.Set.Constructions.ZFCSet.instUnion.union A B) B)	∀ (A B : LRA.Set.Constructions.ZFCSet.Set),   Iff (LRA.Set.Constructions.ZFCSet.instHasSubset.1 A B) (Eq (LRA.Set.Constructions.ZFCSet.instUnion.1 A B) B)	ok
LRA.Set.Constructions.ZFCSet.IntersectionCommutative	LRA.Set.Constructions.ZFCSet.Laws.Intersection	theorem	true	∀ (A B : LRA.Set.Constructions.ZFCSet.Set),   Eq (LRA.Set.Constructions.ZFCSet.instInter.inter A B) (LRA.Set.Constructions.ZFCSet.instInter.inter B A)	∀ (A B : LRA.Set.Constructions.ZFCSet.Set),   Eq (LRA.Set.Constructions.ZFCSet.instInter.1 A B) (LRA.Set.Constructions.ZFCSet.instInter.1 B A)	ok
LRA.Set.Constructions.ZFCSet.IntersectionEmpty	LRA.Set.Constructions.ZFCSet.Laws.Intersection	theorem	true	∀ (A : LRA.Set.Constructions.ZFCSet.Set),   Eq (LRA.Set.Constructions.ZFCSet.instInter.inter A LRA.Set.Constructions.ZFCSet.instEmptyCollection.emptyCollection)     LRA.Set.Constructions.ZFCSet.instEmptyCollection.emptyCollection	∀ (A : LRA.Set.Constructions.ZFCSet.Set),   Eq (LRA.Set.Constructions.ZFCSet.instInter.1 A LRA.Set.Constructions.ZFCSet.instEmptyCollection.1)     LRA.Set.Constructions.ZFCSet.instEmptyCollection.1	ok
LRA.Set.Constructions.ZFCSet.IntersectionMonotone	LRA.Set.Constructions.ZFCSet.Laws.Intersection	theorem	true	∀ (A₁ A₂ B₁ B₂ : LRA.Set.Constructions.ZFCSet.Set),   And (LRA.Set.Constructions.ZFCSet.instHasSubset.Subset A₁ A₂)       (LRA.Set.Constructions.ZFCSet.instHasSubset.Subset B₁ B₂) →     LRA.Set.Constructions.ZFCSet.instHasSubset.Subset (LRA.Set.Constructions.ZFCSet.instInter.inter A₁ B₁)       (LRA.Set.Constructions.ZFCSet.instInter.inter A₂ B₂)	∀ (A₁ A₂ B₁ B₂ : LRA.Set.Constructions.ZFCSet.Set),   And (LRA.Set.Constructions.ZFCSet.instHasSubset.1 A₁ A₂) (LRA.Set.Constructions.ZFCSet.instHasSubset.1 B₁ B₂) →     LRA.Set.Constructions.ZFCSet.instHasSubset.1 (LRA.Set.Constructions.ZFCSet.instInter.1 A₁ B₁)       (LRA.Set.Constructions.ZFCSet.instInter.1 A₂ B₂)	ok
LRA.Set.Constructions.ZFCSet.IntersectionAssociative	LRA.Set.Constructions.ZFCSet.Laws.Intersection	theorem	true	∀ (A B C : LRA.Set.Constructions.ZFCSet.Set),   Eq (LRA.Set.Constructions.ZFCSet.instInter.inter (LRA.Set.Constructions.ZFCSet.instInter.inter A B) C)     (LRA.Set.Constructions.ZFCSet.instInter.inter A (LRA.Set.Constructions.ZFCSet.instInter.inter B C))	∀ (A B C : LRA.Set.Constructions.ZFCSet.Set),   Eq (LRA.Set.Constructions.ZFCSet.instInter.1 (LRA.Set.Constructions.ZFCSet.instInter.1 A B) C)     (LRA.Set.Constructions.ZFCSet.instInter.1 A (LRA.Set.Constructions.ZFCSet.instInter.1 B C))	ok
LRA.Set.Constructions.ZFCSet.SubsetIffIntersectionEqLeft	LRA.Set.Constructions.ZFCSet.Laws.Intersection	theorem	true	∀ (A B : LRA.Set.Constructions.ZFCSet.Set),   Iff (LRA.Set.Constructions.ZFCSet.instHasSubset.Subset A B) (Eq (LRA.Set.Constructions.ZFCSet.instInter.inter A B) A)	∀ (A B : LRA.Set.Constructions.ZFCSet.Set),   Iff (LRA.Set.Constructions.ZFCSet.instHasSubset.1 A B) (Eq (LRA.Set.Constructions.ZFCSet.instInter.1 A B) A)	ok
LRA.Set.Constructions.ZFCSet.EmptyIntersection	LRA.Set.Constructions.ZFCSet.Laws.Intersection	theorem	true	∀ (A : LRA.Set.Constructions.ZFCSet.Set),   Eq (LRA.Set.Constructions.ZFCSet.instInter.inter LRA.Set.Constructions.ZFCSet.instEmptyCollection.emptyCollection A)     LRA.Set.Constructions.ZFCSet.instEmptyCollection.emptyCollection	∀ (A : LRA.Set.Constructions.ZFCSet.Set),   Eq (LRA.Set.Constructions.ZFCSet.instInter.1 LRA.Set.Constructions.ZFCSet.instEmptyCollection.1 A)     LRA.Set.Constructions.ZFCSet.instEmptyCollection.1	ok
LRA.Set.Constructions.ZFCSet.IntersectionIdempotent	LRA.Set.Constructions.ZFCSet.Laws.Intersection	theorem	true	∀ (A : LRA.Set.Constructions.ZFCSet.Set), Eq (LRA.Set.Constructions.ZFCSet.instInter.inter A A) A	∀ (A : LRA.Set.Constructions.ZFCSet.Set), Eq (LRA.Set.Constructions.ZFCSet.instInter.1 A A) A	ok
LRA.Set.Constructions.ZFCSet.SubsetReflexive	LRA.Set.Constructions.ZFCSet.Laws.Subset	theorem	true	∀ (A : LRA.Set.Constructions.ZFCSet.Set), LRA.Set.Constructions.ZFCSet.instHasSubset.Subset A A	∀ (A : LRA.Set.Constructions.ZFCSet.Set), LRA.Set.Constructions.ZFCSet.instHasSubset.1 A A	ok
LRA.Set.Constructions.ZFCSet.SetEqualityIffMutualSubset	LRA.Set.Constructions.ZFCSet.Laws.Subset	theorem	true	∀ (A B : LRA.Set.Constructions.ZFCSet.Set),   Iff (Eq A B)     (And (LRA.Set.Constructions.ZFCSet.instHasSubset.Subset A B)       (LRA.Set.Constructions.ZFCSet.instHasSubset.Subset B A))	∀ (A B : LRA.Set.Constructions.ZFCSet.Set),   Iff (Eq A B)     (And (LRA.Set.Constructions.ZFCSet.instHasSubset.1 A B) (LRA.Set.Constructions.ZFCSet.instHasSubset.1 B A))	ok
LRA.Set.Constructions.ZFCSet.SubsetTransitive	LRA.Set.Constructions.ZFCSet.Laws.Subset	theorem	true	∀ (A B C : LRA.Set.Constructions.ZFCSet.Set),   And (LRA.Set.Constructions.ZFCSet.instHasSubset.Subset A B) (LRA.Set.Constructions.ZFCSet.instHasSubset.Subset B C) →     LRA.Set.Constructions.ZFCSet.instHasSubset.Subset A C	∀ (A B C : LRA.Set.Constructions.ZFCSet.Set),   And (LRA.Set.Constructions.ZFCSet.instHasSubset.1 A B) (LRA.Set.Constructions.ZFCSet.instHasSubset.1 B C) →     LRA.Set.Constructions.ZFCSet.instHasSubset.1 A C	ok
LRA.Set.Constructions.ZFCSet.DifferenceDisjointRight	LRA.Set.Constructions.ZFCSet.Laws.Difference	theorem	true	∀ (A B : LRA.Set.Constructions.ZFCSet.Set),   Eq (LRA.Set.Constructions.ZFCSet.instInter.inter (LRA.Set.Constructions.ZFCSet.instSDiff.sdiff A B) B)     LRA.Set.Constructions.ZFCSet.instEmptyCollection.emptyCollection	∀ (A B : LRA.Set.Constructions.ZFCSet.Set),   Eq (LRA.Set.Constructions.ZFCSet.instInter.1 (LRA.Set.Constructions.ZFCSet.instSDiff.1 A B) B)     LRA.Set.Constructions.ZFCSet.instEmptyCollection.1	ok
LRA.Set.Constructions.ZFCSet.DifferenceSelf	LRA.Set.Constructions.ZFCSet.Laws.Difference	theorem	true	∀ (A : LRA.Set.Constructions.ZFCSet.Set),   Eq (LRA.Set.Constructions.ZFCSet.instSDiff.sdiff A A) LRA.Set.Constructions.ZFCSet.instEmptyCollection.emptyCollection	∀ (A : LRA.Set.Constructions.ZFCSet.Set),   Eq (LRA.Set.Constructions.ZFCSet.instSDiff.1 A A) LRA.Set.Constructions.ZFCSet.instEmptyCollection.1	ok
LRA.Set.Constructions.ZFCSet.UnionDifferenceDistributes	LRA.Set.Constructions.ZFCSet.Laws.Difference	theorem	true	∀ (A B C : LRA.Set.Constructions.ZFCSet.Set),   Eq (LRA.Set.Constructions.ZFCSet.instSDiff.sdiff (LRA.Set.Constructions.ZFCSet.instUnion.union A B) C)     (LRA.Set.Constructions.ZFCSet.instUnion.union (LRA.Set.Constructions.ZFCSet.instSDiff.sdiff A C)       (LRA.Set.Constructions.ZFCSet.instSDiff.sdiff B C))	∀ (A B C : LRA.Set.Constructions.ZFCSet.Set),   Eq (LRA.Set.Constructions.ZFCSet.instSDiff.1 (LRA.Set.Constructions.ZFCSet.instUnion.1 A B) C)     (LRA.Set.Constructions.ZFCSet.instUnion.1 (LRA.Set.Constructions.ZFCSet.instSDiff.1 A C)       (LRA.Set.Constructions.ZFCSet.instSDiff.1 B C))	ok
LRA.Set.Constructions.ZFCSet.DifferenceAntitoneRight	LRA.Set.Constructions.ZFCSet.Laws.Difference	theorem	true	∀ (A B₁ B₂ : LRA.Set.Constructions.ZFCSet.Set),   LRA.Set.Constructions.ZFCSet.instHasSubset.Subset B₁ B₂ →     LRA.Set.Constructions.ZFCSet.instHasSubset.Subset (LRA.Set.Constructions.ZFCSet.instSDiff.sdiff A B₂)       (LRA.Set.Constructions.ZFCSet.instSDiff.sdiff A B₁)	∀ (A B₁ B₂ : LRA.Set.Constructions.ZFCSet.Set),   LRA.Set.Constructions.ZFCSet.instHasSubset.1 B₁ B₂ →     LRA.Set.Constructions.ZFCSet.instHasSubset.1 (LRA.Set.Constructions.ZFCSet.instSDiff.1 A B₂)       (LRA.Set.Constructions.ZFCSet.instSDiff.1 A B₁)	ok
LRA.Set.Constructions.ZFCSet.DifferenceMonotoneLeft	LRA.Set.Constructions.ZFCSet.Laws.Difference	theorem	true	∀ (A₁ A₂ B : LRA.Set.Constructions.ZFCSet.Set),   LRA.Set.Constructions.ZFCSet.instHasSubset.Subset A₁ A₂ →     LRA.Set.Constructions.ZFCSet.instHasSubset.Subset (LRA.Set.Constructions.ZFCSet.instSDiff.sdiff A₁ B)       (LRA.Set.Constructions.ZFCSet.instSDiff.sdiff A₂ B)	∀ (A₁ A₂ B : LRA.Set.Constructions.ZFCSet.Set),   LRA.Set.Constructions.ZFCSet.instHasSubset.1 A₁ A₂ →     LRA.Set.Constructions.ZFCSet.instHasSubset.1 (LRA.Set.Constructions.ZFCSet.instSDiff.1 A₁ B)       (LRA.Set.Constructions.ZFCSet.instSDiff.1 A₂ B)	ok
LRA.Set.Constructions.ZFCSet.EmptyDifference	LRA.Set.Constructions.ZFCSet.Laws.Difference	theorem	true	∀ (A : LRA.Set.Constructions.ZFCSet.Set),   Eq (LRA.Set.Constructions.ZFCSet.instSDiff.sdiff LRA.Set.Constructions.ZFCSet.instEmptyCollection.emptyCollection A)     LRA.Set.Constructions.ZFCSet.instEmptyCollection.emptyCollection	∀ (A : LRA.Set.Constructions.ZFCSet.Set),   Eq (LRA.Set.Constructions.ZFCSet.instSDiff.1 LRA.Set.Constructions.ZFCSet.instEmptyCollection.1 A)     LRA.Set.Constructions.ZFCSet.instEmptyCollection.1	ok
LRA.Set.Constructions.ZFCSet.DifferenceIntersection	LRA.Set.Constructions.ZFCSet.Laws.Difference	theorem	true	∀ (A B C : LRA.Set.Constructions.ZFCSet.Set),   Eq (LRA.Set.Constructions.ZFCSet.instSDiff.sdiff A (LRA.Set.Constructions.ZFCSet.instInter.inter B C))     (LRA.Set.Constructions.ZFCSet.instUnion.union (LRA.Set.Constructions.ZFCSet.instSDiff.sdiff A B)       (LRA.Set.Constructions.ZFCSet.instSDiff.sdiff A C))	∀ (A B C : LRA.Set.Constructions.ZFCSet.Set),   Eq (LRA.Set.Constructions.ZFCSet.instSDiff.1 A (LRA.Set.Constructions.ZFCSet.instInter.1 B C))     (LRA.Set.Constructions.ZFCSet.instUnion.1 (LRA.Set.Constructions.ZFCSet.instSDiff.1 A B)       (LRA.Set.Constructions.ZFCSet.instSDiff.1 A C))	ok
LRA.Set.Constructions.ZFCSet.DifferenceSubsetLeft	LRA.Set.Constructions.ZFCSet.Laws.Difference	theorem	true	∀ (A B : LRA.Set.Constructions.ZFCSet.Set),   LRA.Set.Constructions.ZFCSet.instHasSubset.Subset (LRA.Set.Constructions.ZFCSet.instSDiff.sdiff A B) A	∀ (A B : LRA.Set.Constructions.ZFCSet.Set),   LRA.Set.Constructions.ZFCSet.instHasSubset.1 (LRA.Set.Constructions.ZFCSet.instSDiff.1 A B) A	ok
LRA.Set.Constructions.ZFCSet.DifferenceEmpty	LRA.Set.Constructions.ZFCSet.Laws.Difference	theorem	true	∀ (A : LRA.Set.Constructions.ZFCSet.Set),   Eq (LRA.Set.Constructions.ZFCSet.instSDiff.sdiff A LRA.Set.Constructions.ZFCSet.instEmptyCollection.emptyCollection) A	∀ (A : LRA.Set.Constructions.ZFCSet.Set),   Eq (LRA.Set.Constructions.ZFCSet.instSDiff.1 A LRA.Set.Constructions.ZFCSet.instEmptyCollection.1) A	ok
LRA.Set.Constructions.ZFCSet.IntersectionDifferenceDistributes	LRA.Set.Constructions.ZFCSet.Laws.Difference	theorem	true	∀ (A B C : LRA.Set.Constructions.ZFCSet.Set),   Eq (LRA.Set.Constructions.ZFCSet.instSDiff.sdiff (LRA.Set.Constructions.ZFCSet.instInter.inter A B) C)     (LRA.Set.Constructions.ZFCSet.instInter.inter (LRA.Set.Constructions.ZFCSet.instSDiff.sdiff A C)       (LRA.Set.Constructions.ZFCSet.instSDiff.sdiff B C))	∀ (A B C : LRA.Set.Constructions.ZFCSet.Set),   Eq (LRA.Set.Constructions.ZFCSet.instSDiff.1 (LRA.Set.Constructions.ZFCSet.instInter.1 A B) C)     (LRA.Set.Constructions.ZFCSet.instInter.1 (LRA.Set.Constructions.ZFCSet.instSDiff.1 A C)       (LRA.Set.Constructions.ZFCSet.instSDiff.1 B C))	ok
LRA.Set.Constructions.ZFCSet.DifferenceUnion	LRA.Set.Constructions.ZFCSet.Laws.Difference	theorem	true	∀ (A B C : LRA.Set.Constructions.ZFCSet.Set),   Eq (LRA.Set.Constructions.ZFCSet.instSDiff.sdiff A (LRA.Set.Constructions.ZFCSet.instUnion.union B C))     (LRA.Set.Constructions.ZFCSet.instInter.inter (LRA.Set.Constructions.ZFCSet.instSDiff.sdiff A B)       (LRA.Set.Constructions.ZFCSet.instSDiff.sdiff A C))	∀ (A B C : LRA.Set.Constructions.ZFCSet.Set),   Eq (LRA.Set.Constructions.ZFCSet.instSDiff.1 A (LRA.Set.Constructions.ZFCSet.instUnion.1 B C))     (LRA.Set.Constructions.ZFCSet.instInter.1 (LRA.Set.Constructions.ZFCSet.instSDiff.1 A B)       (LRA.Set.Constructions.ZFCSet.instSDiff.1 A C))	ok
LRA.Set.Constructions.ZFCSet.SymmetricDifferenceEqEmptyIff	LRA.Set.Constructions.ZFCSet.Laws.SymmetricDifference	theorem	true	∀ (A B : LRA.Set.Constructions.ZFCSet.Set),   Iff     (Eq (LRA.Set.Constructions.ZFCSet.instHasSymmDiff.symmDiff A B)       LRA.Set.Constructions.ZFCSet.instEmptyCollection.emptyCollection)     (Eq A B)	∀ (A B : LRA.Set.Constructions.ZFCSet.Set),   Iff (Eq (LRA.Set.Constructions.ZFCSet.instHasSymmDiff.1 A B) LRA.Set.Constructions.ZFCSet.instEmptyCollection.1)     (Eq A B)	ok
LRA.Set.Constructions.ZFCSet.SymmetricDifferenceAsUnionDifferences	LRA.Set.Constructions.ZFCSet.Laws.SymmetricDifference	theorem	true	∀ (A B : LRA.Set.Constructions.ZFCSet.Set),   Eq (LRA.Set.Constructions.ZFCSet.instHasSymmDiff.symmDiff A B)     (LRA.Set.Constructions.ZFCSet.instUnion.union (LRA.Set.Constructions.ZFCSet.instSDiff.sdiff A B)       (LRA.Set.Constructions.ZFCSet.instSDiff.sdiff B A))	∀ (A B : LRA.Set.Constructions.ZFCSet.Set),   Eq (LRA.Set.Constructions.ZFCSet.instHasSymmDiff.1 A B)     (LRA.Set.Constructions.ZFCSet.instUnion.1 (LRA.Set.Constructions.ZFCSet.instSDiff.1 A B)       (LRA.Set.Constructions.ZFCSet.instSDiff.1 B A))	ok
LRA.Set.Constructions.ZFCSet.SymmetricDifferenceSubsetUnion	LRA.Set.Constructions.ZFCSet.Laws.SymmetricDifference	theorem	true	∀ (A B : LRA.Set.Constructions.ZFCSet.Set),   LRA.Set.Constructions.ZFCSet.instHasSubset.Subset (LRA.Set.Constructions.ZFCSet.instHasSymmDiff.symmDiff A B)     (LRA.Set.Constructions.ZFCSet.instUnion.union A B)	∀ (A B : LRA.Set.Constructions.ZFCSet.Set),   LRA.Set.Constructions.ZFCSet.instHasSubset.1 (LRA.Set.Constructions.ZFCSet.instHasSymmDiff.1 A B)     (LRA.Set.Constructions.ZFCSet.instUnion.1 A B)	ok
LRA.Set.Constructions.ZFCSet.EmptySymmetricDifference	LRA.Set.Constructions.ZFCSet.Laws.SymmetricDifference	theorem	true	∀ (A : LRA.Set.Constructions.ZFCSet.Set),   Eq     (LRA.Set.Constructions.ZFCSet.instHasSymmDiff.symmDiff       LRA.Set.Constructions.ZFCSet.instEmptyCollection.emptyCollection A)     A	∀ (A : LRA.Set.Constructions.ZFCSet.Set),   Eq (LRA.Set.Constructions.ZFCSet.instHasSymmDiff.1 LRA.Set.Constructions.ZFCSet.instEmptyCollection.1 A) A	ok
LRA.Set.Constructions.ZFCSet.SymmetricDifferenceSelf	LRA.Set.Constructions.ZFCSet.Laws.SymmetricDifference	theorem	true	∀ (A : LRA.Set.Constructions.ZFCSet.Set),   Eq (LRA.Set.Constructions.ZFCSet.instHasSymmDiff.symmDiff A A)     LRA.Set.Constructions.ZFCSet.instEmptyCollection.emptyCollection	∀ (A : LRA.Set.Constructions.ZFCSet.Set),   Eq (LRA.Set.Constructions.ZFCSet.instHasSymmDiff.1 A A) LRA.Set.Constructions.ZFCSet.instEmptyCollection.1	ok
LRA.Set.Constructions.ZFCSet.SymmetricDifferenceEmpty	LRA.Set.Constructions.ZFCSet.Laws.SymmetricDifference	theorem	true	∀ (A : LRA.Set.Constructions.ZFCSet.Set),   Eq     (LRA.Set.Constructions.ZFCSet.instHasSymmDiff.symmDiff A       LRA.Set.Constructions.ZFCSet.instEmptyCollection.emptyCollection)     A	∀ (A : LRA.Set.Constructions.ZFCSet.Set),   Eq (LRA.Set.Constructions.ZFCSet.instHasSymmDiff.1 A LRA.Set.Constructions.ZFCSet.instEmptyCollection.1) A	ok
LRA.Set.Constructions.ZFCSet.SymmetricDifferenceAsUnionDifferenceIntersection	LRA.Set.Constructions.ZFCSet.Laws.SymmetricDifference	theorem	true	∀ (A B : LRA.Set.Constructions.ZFCSet.Set),   Eq (LRA.Set.Constructions.ZFCSet.instHasSymmDiff.symmDiff A B)     (LRA.Set.Constructions.ZFCSet.instSDiff.sdiff (LRA.Set.Constructions.ZFCSet.instUnion.union A B)       (LRA.Set.Constructions.ZFCSet.instInter.inter A B))	∀ (A B : LRA.Set.Constructions.ZFCSet.Set),   Eq (LRA.Set.Constructions.ZFCSet.instHasSymmDiff.1 A B)     (LRA.Set.Constructions.ZFCSet.instSDiff.1 (LRA.Set.Constructions.ZFCSet.instUnion.1 A B)       (LRA.Set.Constructions.ZFCSet.instInter.1 A B))	ok
LRA.Set.Constructions.ZFCSet.SymmetricDifferenceAssociative	LRA.Set.Constructions.ZFCSet.Laws.SymmetricDifference	theorem	true	∀ (A B C : LRA.Set.Constructions.ZFCSet.Set),   Eq     (LRA.Set.Constructions.ZFCSet.instHasSymmDiff.symmDiff (LRA.Set.Constructions.ZFCSet.instHasSymmDiff.symmDiff A B)       C)     (LRA.Set.Constructions.ZFCSet.instHasSymmDiff.symmDiff A       (LRA.Set.Constructions.ZFCSet.instHasSymmDiff.symmDiff B C))	∀ (A B C : LRA.Set.Constructions.ZFCSet.Set),   Eq (LRA.Set.Constructions.ZFCSet.instHasSymmDiff.1 (LRA.Set.Constructions.ZFCSet.instHasSymmDiff.1 A B) C)     (LRA.Set.Constructions.ZFCSet.instHasSymmDiff.1 A (LRA.Set.Constructions.ZFCSet.instHasSymmDiff.1 B C))	ok
LRA.Set.Constructions.ZFCSet.SymmetricDifferenceCommutative	LRA.Set.Constructions.ZFCSet.Laws.SymmetricDifference	theorem	true	∀ (A B : LRA.Set.Constructions.ZFCSet.Set),   Eq (LRA.Set.Constructions.ZFCSet.instHasSymmDiff.symmDiff A B)     (LRA.Set.Constructions.ZFCSet.instHasSymmDiff.symmDiff B A)	∀ (A B : LRA.Set.Constructions.ZFCSet.Set),   Eq (LRA.Set.Constructions.ZFCSet.instHasSymmDiff.1 A B) (LRA.Set.Constructions.ZFCSet.instHasSymmDiff.1 B A)	ok
LRA.Set.Constructions.ZFCSet.AbsorptionIntersectionUnion	LRA.Set.Constructions.ZFCSet.Laws.Distributivity	theorem	true	∀ (A B : LRA.Set.Constructions.ZFCSet.Set),   Eq (LRA.Set.Constructions.ZFCSet.instInter.inter A (LRA.Set.Constructions.ZFCSet.instUnion.union A B)) A	∀ (A B : LRA.Set.Constructions.ZFCSet.Set),   Eq (LRA.Set.Constructions.ZFCSet.instInter.1 A (LRA.Set.Constructions.ZFCSet.instUnion.1 A B)) A	ok
LRA.Set.Constructions.ZFCSet.IntersectionDistributesOverUnion	LRA.Set.Constructions.ZFCSet.Laws.Distributivity	theorem	true	∀ (A B C : LRA.Set.Constructions.ZFCSet.Set),   Eq (LRA.Set.Constructions.ZFCSet.instInter.inter A (LRA.Set.Constructions.ZFCSet.instUnion.union B C))     (LRA.Set.Constructions.ZFCSet.instUnion.union (LRA.Set.Constructions.ZFCSet.instInter.inter A B)       (LRA.Set.Constructions.ZFCSet.instInter.inter A C))	∀ (A B C : LRA.Set.Constructions.ZFCSet.Set),   Eq (LRA.Set.Constructions.ZFCSet.instInter.1 A (LRA.Set.Constructions.ZFCSet.instUnion.1 B C))     (LRA.Set.Constructions.ZFCSet.instUnion.1 (LRA.Set.Constructions.ZFCSet.instInter.1 A B)       (LRA.Set.Constructions.ZFCSet.instInter.1 A C))	ok
LRA.Set.Constructions.ZFCSet.AbsorptionUnionIntersection	LRA.Set.Constructions.ZFCSet.Laws.Distributivity	theorem	true	∀ (A B : LRA.Set.Constructions.ZFCSet.Set),   Eq (LRA.Set.Constructions.ZFCSet.instUnion.union A (LRA.Set.Constructions.ZFCSet.instInter.inter A B)) A	∀ (A B : LRA.Set.Constructions.ZFCSet.Set),   Eq (LRA.Set.Constructions.ZFCSet.instUnion.1 A (LRA.Set.Constructions.ZFCSet.instInter.1 A B)) A	ok
LRA.Set.Constructions.ZFCSet.UnionDistributesOverIntersection	LRA.Set.Constructions.ZFCSet.Laws.Distributivity	theorem	true	∀ (A B C : LRA.Set.Constructions.ZFCSet.Set),   Eq (LRA.Set.Constructions.ZFCSet.instUnion.union A (LRA.Set.Constructions.ZFCSet.instInter.inter B C))     (LRA.Set.Constructions.ZFCSet.instInter.inter (LRA.Set.Constructions.ZFCSet.instUnion.union A B)       (LRA.Set.Constructions.ZFCSet.instUnion.union A C))	∀ (A B C : LRA.Set.Constructions.ZFCSet.Set),   Eq (LRA.Set.Constructions.ZFCSet.instUnion.1 A (LRA.Set.Constructions.ZFCSet.instInter.1 B C))     (LRA.Set.Constructions.ZFCSet.instInter.1 (LRA.Set.Constructions.ZFCSet.instUnion.1 A B)       (LRA.Set.Constructions.ZFCSet.instUnion.1 A C))	ok
LRA.Set.Constructions.ZFCSet.Interface.ModelTheory.unionIsClosed	LRA.Set.Constructions.ZFCSet.Interface.ModelTheory.Theory	theorem	true	LRA.Logic.FirstOrder.IsClosedFormula LRA.Set.Constructions.ZFCSet.Interface.ModelTheory.unionFormula	Eq (LRA.Logic.FirstOrder.freeVariables LRA.Set.Constructions.ZFCSet.Interface.ModelTheory.unionFormula)   Finset.instEmptyCollection.1	ok
LRA.Set.Constructions.ZFCSet.Interface.ModelTheory.choiceIsClosed	LRA.Set.Constructions.ZFCSet.Interface.ModelTheory.Theory	theorem	true	LRA.Logic.FirstOrder.IsClosedFormula LRA.Set.Constructions.ZFCSet.Interface.ModelTheory.choiceFormula	Eq (LRA.Logic.FirstOrder.freeVariables LRA.Set.Constructions.ZFCSet.Interface.ModelTheory.choiceFormula)   Finset.instEmptyCollection.1	ok
LRA.Set.Constructions.ZFCSet.Interface.ModelTheory.pairingIsClosed	LRA.Set.Constructions.ZFCSet.Interface.ModelTheory.Theory	theorem	true	LRA.Logic.FirstOrder.IsClosedFormula LRA.Set.Constructions.ZFCSet.Interface.ModelTheory.pairingFormula	Eq (LRA.Logic.FirstOrder.freeVariables LRA.Set.Constructions.ZFCSet.Interface.ModelTheory.pairingFormula)   Finset.instEmptyCollection.1	ok
LRA.Set.Constructions.ZFCSet.Interface.ModelTheory.infinityIsClosed	LRA.Set.Constructions.ZFCSet.Interface.ModelTheory.Theory	theorem	true	LRA.Logic.FirstOrder.IsClosedFormula LRA.Set.Constructions.ZFCSet.Interface.ModelTheory.infinityFormula	Eq (LRA.Logic.FirstOrder.freeVariables LRA.Set.Constructions.ZFCSet.Interface.ModelTheory.infinityFormula)   Finset.instEmptyCollection.1	ok
LRA.Set.Constructions.ZFCSet.Interface.ModelTheory.extensionalityIsClosed	LRA.Set.Constructions.ZFCSet.Interface.ModelTheory.Theory	theorem	true	LRA.Logic.FirstOrder.IsClosedFormula LRA.Set.Constructions.ZFCSet.Interface.ModelTheory.extensionalityFormula	Eq (LRA.Logic.FirstOrder.freeVariables LRA.Set.Constructions.ZFCSet.Interface.ModelTheory.extensionalityFormula)   Finset.instEmptyCollection.1	ok
LRA.Set.Constructions.ZFCSet.Interface.ModelTheory.emptySetIsClosed	LRA.Set.Constructions.ZFCSet.Interface.ModelTheory.Theory	theorem	true	LRA.Logic.FirstOrder.IsClosedFormula LRA.Set.Constructions.ZFCSet.Interface.ModelTheory.emptySetFormula	Eq (LRA.Logic.FirstOrder.freeVariables LRA.Set.Constructions.ZFCSet.Interface.ModelTheory.emptySetFormula)   Finset.instEmptyCollection.1	ok
LRA.Set.Constructions.ZFCSet.Interface.ModelTheory.foundationIsClosed	LRA.Set.Constructions.ZFCSet.Interface.ModelTheory.Theory	theorem	true	LRA.Logic.FirstOrder.IsClosedFormula LRA.Set.Constructions.ZFCSet.Interface.ModelTheory.foundationFormula	Eq (LRA.Logic.FirstOrder.freeVariables LRA.Set.Constructions.ZFCSet.Interface.ModelTheory.foundationFormula)   Finset.instEmptyCollection.1	ok
LRA.Set.Constructions.ZFCSet.Interface.ModelTheory.SeparationHygienic	LRA.Set.Constructions.ZFCSet.Interface.ModelTheory.Theory	instance	false	∀ (property : LRA.Logic.FirstOrder.Formula LRA.Set.ModelTheory.MembershipSignature Nat),   And (Not (SetLike.instMembership.mem (LRA.Logic.FirstOrder.freeVariables property) 1))     (Not (SetLike.instMembership.mem (LRA.Logic.FirstOrder.freeVariables property) 2))	∀ (property : LRA.Logic.FirstOrder.Formula LRA.Set.ModelTheory.MembershipSignature Nat),   And (SetLike.instMembership.1 (LRA.Logic.FirstOrder.freeVariables property) 1 → False)     (SetLike.instMembership.1 (LRA.Logic.FirstOrder.freeVariables property) 2 → False)	ok
LRA.Set.Constructions.ZFCSet.Interface.ModelTheory.ReplacementHygienic	LRA.Set.Constructions.ZFCSet.Interface.ModelTheory.Theory	instance	false	∀ (relation : LRA.Logic.FirstOrder.Formula LRA.Set.ModelTheory.MembershipSignature Nat),   And (Not (SetLike.instMembership.mem (LRA.Logic.FirstOrder.freeVariables relation) 2))     (And (Not (SetLike.instMembership.mem (LRA.Logic.FirstOrder.freeVariables relation) 3))       (Not (SetLike.instMembership.mem (LRA.Logic.FirstOrder.allVariables relation) 4)))	∀ (relation : LRA.Logic.FirstOrder.Formula LRA.Set.ModelTheory.MembershipSignature Nat),   And (SetLike.instMembership.1 (LRA.Logic.FirstOrder.freeVariables relation) 2 → False)     (And (SetLike.instMembership.1 (LRA.Logic.FirstOrder.freeVariables relation) 3 → False)       (SetLike.instMembership.1 (LRA.Logic.FirstOrder.allVariables relation) 4 → False))	ok
LRA.Set.Constructions.ZFCSet.Interface.ModelTheory.powerSetIsClosed	LRA.Set.Constructions.ZFCSet.Interface.ModelTheory.Theory	theorem	true	LRA.Logic.FirstOrder.IsClosedFormula LRA.Set.Constructions.ZFCSet.Interface.ModelTheory.powerSetFormula	Eq (LRA.Logic.FirstOrder.freeVariables LRA.Set.Constructions.ZFCSet.Interface.ModelTheory.powerSetFormula)   Finset.instEmptyCollection.1	ok
LRA.Set.Constructions.ZFCSet.Interface.ModelTheory.ZFCTheory	LRA.Set.Constructions.ZFCSet.Interface.ModelTheory.Theory	instance	false	∀ (a : LRA.Logic.FirstOrder.Formula LRA.Set.ModelTheory.MembershipSignature Nat),   LRA.Set.Constructions.ZFCSet.Interface.ModelTheory.IsZFCAxiom a	∀ (a : LRA.Logic.FirstOrder.Formula LRA.Set.ModelTheory.MembershipSignature Nat),   LRA.Set.Constructions.ZFCSet.Interface.ModelTheory.IsZFCAxiom a	ok
LRA.Set.Constructions.ZFCSet.instMembershipLawsSet	LRA.Set.Constructions.ZFCSet.Satisfy_Generic	theorem	true	LRA.Set.MembershipLaws LRA.Set.Constructions.ZFCSet.Set LRA.Set.Constructions.ZFCSet.Set	LRA.Set.MembershipLaws LRA.Set.Constructions.ZFCSet.Set LRA.Set.Constructions.ZFCSet.Set	ok
LRA.Set.Constructions.ZFCSet.instDifferenceLawsSet	LRA.Set.Constructions.ZFCSet.Satisfy_Generic	theorem	true	LRA.Set.DifferenceLaws LRA.Set.Constructions.ZFCSet.Set	LRA.Set.DifferenceLaws LRA.Set.Constructions.ZFCSet.Set	ok
LRA.Set.Constructions.ZFCSet.instPowersetMembershipLawsSet	LRA.Set.Constructions.ZFCSet.Satisfy_Generic	theorem	true	LRA.Set.PowersetMembershipLaws LRA.Set.Constructions.ZFCSet.Set LRA.Set.Constructions.ZFCSet.Set	LRA.Set.PowersetMembershipLaws LRA.Set.Constructions.ZFCSet.Set LRA.Set.Constructions.ZFCSet.Set	ok
LRA.Set.Constructions.ZFCSet.instExtensionalityLawSet	LRA.Set.Constructions.ZFCSet.Satisfy_Generic	theorem	true	LRA.Set.ExtensionalityLaw LRA.Set.Constructions.ZFCSet.Set LRA.Set.Constructions.ZFCSet.Set	LRA.Set.ExtensionalityLaw LRA.Set.Constructions.ZFCSet.Set LRA.Set.Constructions.ZFCSet.Set	ok
LRA.Set.Constructions.ZFCSet.instIntersectionLawsSet	LRA.Set.Constructions.ZFCSet.Satisfy_Generic	theorem	true	LRA.Set.IntersectionLaws LRA.Set.Constructions.ZFCSet.Set	LRA.Set.IntersectionLaws LRA.Set.Constructions.ZFCSet.Set	ok
LRA.Set.Constructions.ZFCSet.instSubsetLawsSet	LRA.Set.Constructions.ZFCSet.Satisfy_Generic	theorem	true	LRA.Set.SubsetLaws LRA.Set.Constructions.ZFCSet.Set	LRA.Set.SubsetLaws LRA.Set.Constructions.ZFCSet.Set	ok
LRA.Set.Constructions.ZFCSet.instDistributivityLawsSet	LRA.Set.Constructions.ZFCSet.Satisfy_Generic	theorem	true	LRA.Set.DistributivityLaws LRA.Set.Constructions.ZFCSet.Set	LRA.Set.DistributivityLaws LRA.Set.Constructions.ZFCSet.Set	ok
LRA.Set.Constructions.ZFCSet.instSymmDiffMembershipLawsSet	LRA.Set.Constructions.ZFCSet.Satisfy_Generic	theorem	true	LRA.Set.SymmDiffMembershipLaws LRA.Set.Constructions.ZFCSet.Set LRA.Set.Constructions.ZFCSet.Set	LRA.Set.SymmDiffMembershipLaws LRA.Set.Constructions.ZFCSet.Set LRA.Set.Constructions.ZFCSet.Set	ok
LRA.Set.Constructions.ZFCSet.instUnionLawsSet	LRA.Set.Constructions.ZFCSet.Satisfy_Generic	theorem	true	LRA.Set.UnionLaws LRA.Set.Constructions.ZFCSet.Set	LRA.Set.UnionLaws LRA.Set.Constructions.ZFCSet.Set	ok
LRA.Set.Constructions.ZFCSet.instCollectionMembershipLawsSet	LRA.Set.Constructions.ZFCSet.Satisfy_Generic	theorem	true	LRA.Set.CollectionMembershipLaws LRA.Set.Constructions.ZFCSet.Set LRA.Set.Constructions.ZFCSet.Set   LRA.Set.Constructions.ZFCSet.Set	LRA.Set.CollectionMembershipLaws LRA.Set.Constructions.ZFCSet.Set LRA.Set.Constructions.ZFCSet.Set   LRA.Set.Constructions.ZFCSet.Set	ok
LRA.Set.Constructions.ZFCSet.instSymmDiffLawsSet	LRA.Set.Constructions.ZFCSet.Satisfy_Generic	theorem	true	LRA.Set.SymmDiffLaws LRA.Set.Constructions.ZFCSet.Set	LRA.Set.SymmDiffLaws LRA.Set.Constructions.ZFCSet.Set	ok
LRA.Set.Constructions.ZFCSet.instSeparationLawsSet	LRA.Set.Constructions.ZFCSet.Satisfy_Generic	theorem	true	LRA.Set.SeparationLaws LRA.Set.Constructions.ZFCSet.Set LRA.Set.Constructions.ZFCSet.Set	LRA.Set.SeparationLaws LRA.Set.Constructions.ZFCSet.Set LRA.Set.Constructions.ZFCSet.Set	ok
LRA.Set.Constructions.ZFCSet.zfcSetSatisfiesChoice	LRA.Set.Constructions.ZFCSet.Satisfy_ZFC	theorem	true	∀ (assignment : Nat → LRA.Set.Constructions.ZFCSet.ZFCSetMembershipModel.Domain),   LRA.Logic.FirstOrder.Satisfies LRA.Set.Constructions.ZFCSet.ZFCSetMembershipModel assignment     LRA.Set.Constructions.ZFCSet.Interface.ModelTheory.choiceFormula	∀ (assignment : Nat → LRA.Set.Constructions.ZFCSet.ZFCSetMembershipModel.1),   LRA.Logic.FirstOrder.Satisfies LRA.Set.Constructions.ZFCSet.ZFCSetMembershipModel assignment     LRA.Set.Constructions.ZFCSet.Interface.ModelTheory.choiceFormula	ok
LRA.Set.Constructions.ZFCSet.zfcSetSatisfiesReplacement	LRA.Set.Constructions.ZFCSet.Satisfy_ZFC	theorem	true	∀ (relation : LRA.Logic.FirstOrder.Formula LRA.Set.ModelTheory.MembershipSignature Nat),   LRA.Set.Constructions.ZFCSet.Interface.ModelTheory.ReplacementHygienic relation →     ∀ (assignment : Nat → LRA.Set.Constructions.ZFCSet.ZFCSetMembershipModel.Domain),       LRA.Logic.FirstOrder.Satisfies LRA.Set.Constructions.ZFCSet.ZFCSetMembershipModel assignment         (LRA.Set.Constructions.ZFCSet.Interface.ModelTheory.replacementInstance relation)	∀ (relation : LRA.Logic.FirstOrder.Formula LRA.Set.ModelTheory.MembershipSignature Nat),   And (SetLike.instMembership.1 (LRA.Logic.FirstOrder.freeVariables relation) 2 → False)       (And (SetLike.instMembership.1 (LRA.Logic.FirstOrder.freeVariables relation) 3 → False)         (SetLike.instMembership.1 (LRA.Logic.FirstOrder.allVariables relation) 4 → False)) →     ∀ (assignment : Nat → LRA.Set.Constructions.ZFCSet.ZFCSetMembershipModel.1),       LRA.Logic.FirstOrder.Satisfies LRA.Set.Constructions.ZFCSet.ZFCSetMembershipModel assignment         (LRA.Logic.FirstOrder.Formula.forallQ 2           ((LRA.Logic.FirstOrder.Formula.forallQ 0                 ((LRA.Logic.FirstOrder.Formula.relation LRA.Set.ModelTheory.MembershipRelationSymbol.mem fun i =>                       Fin.induction.match_1                         (fun x =>                           (fun x => (fun x => LRA.Logic.FirstOrder.Term LRA.Set.ModelTheory.MembershipSignature Nat) x)                             x)                         i fun i hi =>                         Fin.induction.go (LRA.Set.ModelTheory.varT 0)                           (fun i x => (fun i => Fin.cases (LRA.Set.ModelTheory.varT 2) Fin.elim0 i) i) i hi).impl                   ((LRA.Logic.FirstOrder.Formula.forallQ 1 relation.neg).neg.impl                       (LRA.Logic.FirstOrder.Formula.forallQ 1                           (LRA.Logic.FirstOrder.Formula.forallQ 4                             ((relation.impl                                     (LRA.Logic.FirstOrder.substitute 1 (LRA.Logic.FirstOrder.Term.var 4)                                         relation).neg).neg.impl                               (LRA.Logic.FirstOrder.Formula.equal (LRA.Logic.FirstOrder.Term.var 1)                                 (LRA.Logic.FirstOrder.Term.var 4))))).neg).neg)).impl             (LRA.Logic.FirstOrder.Formula.forallQ 3                 (LRA.Logic.FirstOrder.Formula.forallQ 1                     (((LRA.Logic.FirstOrder.Formula.relation LRA.Set.ModelTheory.MembershipRelationSymbol.mem                                 (LRA.Set.ModelTheory.binaryTerms (LRA.Set.ModelTheory.varT 1)                                   (LRA.Set.ModelTheory.varT 3))).impl                             (LRA.Logic.FirstOrder.Formula.forallQ 0                                 ((LRA.Set.ModelTheory.memF 0 2).impl relation.neg).neg.neg).neg).impl                         ((LRA.Logic.FirstOrder.Formula.forallQ 0                                   ((LRA.Set.ModelTheory.memF 0 2).impl relation.neg).neg.neg).neg.impl                             (LRA.Logic.FirstOrder.Formula.relation LRA.Set.ModelTheory.MembershipRelationSymbol.mem                               (LRA.Set.ModelTheory.binaryTerms (LRA.Set.ModelTheory.varT 1)                                 (LRA.Set.ModelTheory.varT 3)))).neg).neg).neg).neg))	ok
LRA.Set.Constructions.ZFCSet.zfcSetSatisfiesUnion	LRA.Set.Constructions.ZFCSet.Satisfy_ZFC	theorem	true	∀ (assignment : Nat → LRA.Set.Constructions.ZFCSet.ZFCSetMembershipModel.Domain),   LRA.Logic.FirstOrder.Satisfies LRA.Set.Constructions.ZFCSet.ZFCSetMembershipModel assignment     LRA.Set.Constructions.ZFCSet.Interface.ModelTheory.unionFormula	∀ (assignment : Nat → LRA.Set.Constructions.ZFCSet.ZFCSetMembershipModel.1),   LRA.Logic.FirstOrder.Satisfies LRA.Set.Constructions.ZFCSet.ZFCSetMembershipModel assignment     LRA.Set.Constructions.ZFCSet.Interface.ModelTheory.unionFormula	ok
LRA.Set.Constructions.ZFCSet.zfcSetSatisfiesExtensionality	LRA.Set.Constructions.ZFCSet.Satisfy_ZFC	theorem	true	∀ (assignment : Nat → LRA.Set.Constructions.ZFCSet.ZFCSetMembershipModel.Domain),   LRA.Logic.FirstOrder.Satisfies LRA.Set.Constructions.ZFCSet.ZFCSetMembershipModel assignment     LRA.Set.Constructions.ZFCSet.Interface.ModelTheory.extensionalityFormula	∀ (assignment : Nat → LRA.Set.Constructions.ZFCSet.ZFCSetMembershipModel.1),   LRA.Logic.FirstOrder.Satisfies LRA.Set.Constructions.ZFCSet.ZFCSetMembershipModel assignment     LRA.Set.Constructions.ZFCSet.Interface.ModelTheory.extensionalityFormula	ok
LRA.Set.Constructions.ZFCSet.zfcSetSatisfiesPowerSet	LRA.Set.Constructions.ZFCSet.Satisfy_ZFC	theorem	true	∀ (assignment : Nat → LRA.Set.Constructions.ZFCSet.ZFCSetMembershipModel.Domain),   LRA.Logic.FirstOrder.Satisfies LRA.Set.Constructions.ZFCSet.ZFCSetMembershipModel assignment     LRA.Set.Constructions.ZFCSet.Interface.ModelTheory.powerSetFormula	∀ (assignment : Nat → LRA.Set.Constructions.ZFCSet.ZFCSetMembershipModel.1),   LRA.Logic.FirstOrder.Satisfies LRA.Set.Constructions.ZFCSet.ZFCSetMembershipModel assignment     LRA.Set.Constructions.ZFCSet.Interface.ModelTheory.powerSetFormula	ok
LRA.Set.Constructions.ZFCSet.zfcSetSatisfiesSeparation	LRA.Set.Constructions.ZFCSet.Satisfy_ZFC	theorem	true	∀ (property : LRA.Logic.FirstOrder.Formula LRA.Set.ModelTheory.MembershipSignature Nat),   LRA.Set.Constructions.ZFCSet.Interface.ModelTheory.SeparationHygienic property →     ∀ (assignment : Nat → LRA.Set.Constructions.ZFCSet.ZFCSetMembershipModel.Domain),       LRA.Logic.FirstOrder.Satisfies LRA.Set.Constructions.ZFCSet.ZFCSetMembershipModel assignment         (LRA.Set.Constructions.ZFCSet.Interface.ModelTheory.separationInstance property)	∀ (property : LRA.Logic.FirstOrder.Formula LRA.Set.ModelTheory.MembershipSignature Nat),   And (SetLike.instMembership.1 (LRA.Logic.FirstOrder.freeVariables property) 1 → False)       (SetLike.instMembership.1 (LRA.Logic.FirstOrder.freeVariables property) 2 → False) →     ∀ (assignment : Nat → LRA.Set.Constructions.ZFCSet.ZFCSetMembershipModel.1),       LRA.Logic.FirstOrder.Satisfies LRA.Set.Constructions.ZFCSet.ZFCSetMembershipModel assignment         (LRA.Logic.FirstOrder.Formula.forallQ 1           (LRA.Logic.FirstOrder.Formula.forallQ 2               (LRA.Logic.FirstOrder.Formula.forallQ 0                   (((LRA.Logic.FirstOrder.Formula.relation LRA.Set.ModelTheory.MembershipRelationSymbol.mem                               (LRA.Set.ModelTheory.binaryTerms (LRA.Set.ModelTheory.varT 0)                                 (LRA.Set.ModelTheory.varT 2))).impl                           ((LRA.Set.ModelTheory.memT (LRA.Set.ModelTheory.varT 0) (LRA.Set.ModelTheory.varT 1)).impl                               property.neg).neg).impl                       (((LRA.Set.ModelTheory.memT (LRA.Set.ModelTheory.varT 0) (LRA.Set.ModelTheory.varT 1)).impl                                 property.neg).neg.impl                           (LRA.Logic.FirstOrder.Formula.relation LRA.Set.ModelTheory.MembershipRelationSymbol.mem                             (LRA.Set.ModelTheory.binaryTerms (LRA.Set.ModelTheory.varT 0)                               (LRA.Set.ModelTheory.varT 2)))).neg).neg).neg).neg)	ok
LRA.Set.Constructions.ZFCSet.zfcSetSatisfiesInfinity	LRA.Set.Constructions.ZFCSet.Satisfy_ZFC	theorem	true	∀ (assignment : Nat → LRA.Set.Constructions.ZFCSet.ZFCSetMembershipModel.Domain),   LRA.Logic.FirstOrder.Satisfies LRA.Set.Constructions.ZFCSet.ZFCSetMembershipModel assignment     LRA.Set.Constructions.ZFCSet.Interface.ModelTheory.infinityFormula	∀ (assignment : Nat → LRA.Set.Constructions.ZFCSet.ZFCSetMembershipModel.1),   LRA.Logic.FirstOrder.Satisfies LRA.Set.Constructions.ZFCSet.ZFCSetMembershipModel assignment     LRA.Set.Constructions.ZFCSet.Interface.ModelTheory.infinityFormula	ok
LRA.Set.Constructions.ZFCSet.zfcSetInterpretsEmpty	LRA.Set.Constructions.ZFCSet.Satisfy_ZFC	theorem	true	Eq   (LRA.Set.Constructions.ZFCSet.ZFCSetMembershipModel.interpretConstant     LRA.Set.ModelTheory.MembershipConstantSymbol.emptySet)   LRA.Set.Constructions.ZFCSet.instEmptyCollection.emptyCollection	Eq (LRA.Set.Constructions.ZFCSet.ZFCSetMembershipModel.7 LRA.Set.ModelTheory.MembershipConstantSymbol.emptySet)   LRA.Set.Constructions.ZFCSet.instEmptyCollection.1	ok
LRA.Set.Constructions.ZFCSet.zfcSetSatisfiesPairing	LRA.Set.Constructions.ZFCSet.Satisfy_ZFC	theorem	true	∀ (assignment : Nat → LRA.Set.Constructions.ZFCSet.ZFCSetMembershipModel.Domain),   LRA.Logic.FirstOrder.Satisfies LRA.Set.Constructions.ZFCSet.ZFCSetMembershipModel assignment     LRA.Set.Constructions.ZFCSet.Interface.ModelTheory.pairingFormula	∀ (assignment : Nat → LRA.Set.Constructions.ZFCSet.ZFCSetMembershipModel.1),   LRA.Logic.FirstOrder.Satisfies LRA.Set.Constructions.ZFCSet.ZFCSetMembershipModel assignment     LRA.Set.Constructions.ZFCSet.Interface.ModelTheory.pairingFormula	ok
LRA.Set.Constructions.ZFCSet.zfcSetSatisfiesEmptySet	LRA.Set.Constructions.ZFCSet.Satisfy_ZFC	theorem	true	∀ (assignment : Nat → LRA.Set.Constructions.ZFCSet.ZFCSetMembershipModel.Domain),   LRA.Logic.FirstOrder.Satisfies LRA.Set.Constructions.ZFCSet.ZFCSetMembershipModel assignment     LRA.Set.Constructions.ZFCSet.Interface.ModelTheory.emptySetFormula	∀ (assignment : Nat → LRA.Set.Constructions.ZFCSet.ZFCSetMembershipModel.1),   LRA.Logic.FirstOrder.Satisfies LRA.Set.Constructions.ZFCSet.ZFCSetMembershipModel assignment     LRA.Set.Constructions.ZFCSet.Interface.ModelTheory.emptySetFormula	ok
LRA.Set.Constructions.ZFCSet.zfcSetSatisfiesFoundation	LRA.Set.Constructions.ZFCSet.Satisfy_ZFC	theorem	true	∀ (assignment : Nat → LRA.Set.Constructions.ZFCSet.ZFCSetMembershipModel.Domain),   LRA.Logic.FirstOrder.Satisfies LRA.Set.Constructions.ZFCSet.ZFCSetMembershipModel assignment     LRA.Set.Constructions.ZFCSet.Interface.ModelTheory.foundationFormula	∀ (assignment : Nat → LRA.Set.Constructions.ZFCSet.ZFCSetMembershipModel.1),   LRA.Logic.FirstOrder.Satisfies LRA.Set.Constructions.ZFCSet.ZFCSetMembershipModel assignment     LRA.Set.Constructions.ZFCSet.Interface.ModelTheory.foundationFormula	ok
LRA.Set.Constructions.ZFCSet.zfcSetModelsZFC	LRA.Set.Constructions.ZFCSet.Satisfy_ZFC	theorem	true	Set.instMembership.mem   (LRA.ModelTheory.FirstOrder.ModelsOfFormulaTheory LRA.Set.Constructions.ZFCSet.Interface.ModelTheory.ZFCTheory)   LRA.Set.Constructions.ZFCSet.ZFCSetMembershipModel	Set.instMembership.1   (fun M =>     ∀ (assignment : Nat → M.1) (φ : LRA.Logic.FirstOrder.Formula LRA.Set.ModelTheory.MembershipSignature Nat),       Set.instMembership.1 LRA.Set.Constructions.ZFCSet.Interface.ModelTheory.ZFCTheory φ →         LRA.Logic.FirstOrder.Satisfies M assignment φ)   LRA.Set.Constructions.ZFCSet.ZFCSetMembershipModel	ok
LRA.Set.Constructions.ZFCSet.zfcSetInterpretsMem	LRA.Set.Constructions.ZFCSet.Satisfy_ZFC	theorem	true	∀   (arguments :     Fin (LRA.Set.ModelTheory.MembershipSignature.relationArity LRA.Set.ModelTheory.MembershipRelationSymbol.mem) →       LRA.Set.Constructions.ZFCSet),   Eq     (LRA.Set.Constructions.ZFCSet.ZFCSetMembershipModel.interpretRelation       LRA.Set.ModelTheory.MembershipRelationSymbol.mem arguments)     (LRA.Set.Constructions.instMembershipZFCSet.mem (arguments ⟨1, ⋯⟩) (arguments ⟨0, ⋯⟩))	∀   (arguments :     Fin (LRA.Set.ModelTheory.MembershipSignature.Relations.2 LRA.Set.ModelTheory.MembershipRelationSymbol.mem) →       LRA.Set.Constructions.ZFCSet),   Eq (LRA.Set.Constructions.ZFCSet.ZFCSetMembershipModel.6 LRA.Set.ModelTheory.MembershipRelationSymbol.mem arguments)     (LRA.Set.Constructions.instMembershipZFCSet.1 (arguments ⟨1, ⋯⟩) (arguments ⟨0, ⋯⟩))	ok
LRA.Set.Constructions.ZFCSet.ZFCSetAlgebraEqualityIsCongruence	LRA.Set.Constructions.ZFCSet.Satisfy_ZFCAlgebra	theorem	true	LRA.Identity.IsCongruence LRA.Set.Constructions.ZFCSet.ZFCSetAlgebra fun x1 x2 => Eq x1 x2	LRA.Identity.IsCongruence LRA.Set.Constructions.ZFCSet.ZFCSetAlgebra fun x1 x2 => Eq x1 x2	ok
LRA.Set.Constructions.NBGSetMembership	LRA.Set.Constructions.NBGSet.Primitives	axiom	false	LRA.Set.Constructions.NBGSet → LRA.Set.Constructions.NBGSet → Prop	LRA.Set.Constructions.NBGSet → LRA.Set.Constructions.NBGSet → Prop	error:unavailable
LRA.Set.Constructions.NBGClassMembership	LRA.Set.Constructions.NBGSet.Primitives	axiom	false	LRA.Set.Constructions.NBGSet → LRA.Set.Constructions.NBGClass → Prop	LRA.Set.Constructions.NBGSet → LRA.Set.Constructions.NBGClass → Prop	error:unavailable
LRA.Set.Constructions.NBGSet	LRA.Set.Constructions.NBGSet.Primitives	axiom	false	Type	Type	ok
LRA.Set.Constructions.NBGClass	LRA.Set.Constructions.NBGSet.Primitives	axiom	false	Type	Type	ok
LRA.Set.Constructions.NBG.ClassOfSet	LRA.Set.Constructions.NBGSet.Definition	axiom	false	LRA.Set.Constructions.NBG.Set → LRA.Set.Constructions.NBG.Class	LRA.Set.Constructions.NBG.Set → LRA.Set.Constructions.NBG.Class	ok
LRA.Set.Constructions.NBG.OrderedPair	LRA.Set.Constructions.NBGSet.Definition	axiom	false	LRA.Set.Constructions.NBG.Set → LRA.Set.Constructions.NBG.Set → LRA.Set.Constructions.NBG.Set	LRA.Set.Constructions.NBG.Set → LRA.Set.Constructions.NBG.Set → LRA.Set.Constructions.NBG.Set	error:unavailable
LRA.Set.Constructions.NBG.Axioms.IsElementhoodClass	LRA.Set.Constructions.NBGSet.Axioms.Definitions	instance	false	∀ (E : LRA.Set.Constructions.NBG.Axioms.Class) (x y : LRA.Set.Constructions.NBG.Axioms.Set),   Iff (LRA.Set.Constructions.instMembershipNBGSetNBGClass.mem E (LRA.Set.Constructions.NBG.Axioms.OrderedPair x y))     (LRA.Set.Constructions.instMembershipNBGSet.mem y x)	∀ (E : LRA.Set.Constructions.NBG.Axioms.Class) (x y : LRA.Set.Constructions.NBG.Axioms.Set),   Iff (LRA.Set.Constructions.instMembershipNBGSetNBGClass.1 E (LRA.Set.Constructions.NBG.OrderedPair x y))     (LRA.Set.Constructions.instMembershipNBGSet.1 y x)	ok
LRA.Set.Constructions.NBG.Axioms.IsFoundationWitness	LRA.Set.Constructions.NBGSet.Axioms.Definitions	instance	false	∀ (A x : LRA.Set.Constructions.NBG.Axioms.Set),   And (LRA.Set.Constructions.instMembershipNBGSet.mem A x)     (∀ (y : LRA.Set.Constructions.NBG.Axioms.Set),       LRA.Set.Constructions.instMembershipNBGSet.mem x y → Not (LRA.Set.Constructions.instMembershipNBGSet.mem A y))	∀ (A x : LRA.Set.Constructions.NBG.Axioms.Set),   And (LRA.Set.Constructions.instMembershipNBGSet.1 A x)     (∀ (y : LRA.Set.Constructions.NBG.Axioms.Set),       LRA.Set.Constructions.instMembershipNBGSet.1 x y → LRA.Set.Constructions.instMembershipNBGSet.1 A y → False)	ok
LRA.Set.Constructions.NBG.Axioms.IsEmptySet	LRA.Set.Constructions.NBGSet.Axioms.Definitions	instance	false	∀ (A x : LRA.Set.Constructions.NBG.Axioms.Set), Not (LRA.Set.Constructions.instMembershipNBGSet.mem A x)	∀ (A x : LRA.Set.Constructions.NBG.Axioms.Set), LRA.Set.Constructions.instMembershipNBGSet.1 A x → False	ok
LRA.Set.Constructions.NBG.Axioms.IsUnionOf	LRA.Set.Constructions.NBGSet.Axioms.Definitions	instance	false	∀ (A U x : LRA.Set.Constructions.NBG.Axioms.Set),   Iff (LRA.Set.Constructions.instMembershipNBGSet.mem U x)     (Exists fun B =>       And (LRA.Set.Constructions.instMembershipNBGSet.mem A B) (LRA.Set.Constructions.instMembershipNBGSet.mem B x))	∀ (A U x : LRA.Set.Constructions.NBG.Axioms.Set),   Iff (LRA.Set.Constructions.instMembershipNBGSet.1 U x)     (Exists fun B =>       And (LRA.Set.Constructions.instMembershipNBGSet.1 A B) (LRA.Set.Constructions.instMembershipNBGSet.1 B x))	ok
LRA.Set.Constructions.NBG.Axioms.IsCartesianExtensionClass	LRA.Set.Constructions.NBGSet.Axioms.Definitions	instance	false	∀ (X Z : LRA.Set.Constructions.NBG.Axioms.Class) (x y : LRA.Set.Constructions.NBG.Axioms.Set),   Iff (LRA.Set.Constructions.instMembershipNBGSetNBGClass.mem Z (LRA.Set.Constructions.NBG.Axioms.OrderedPair x y))     (LRA.Set.Constructions.instMembershipNBGSetNBGClass.mem X x)	∀ (X Z : LRA.Set.Constructions.NBG.Axioms.Class) (x y : LRA.Set.Constructions.NBG.Axioms.Set),   Iff (LRA.Set.Constructions.instMembershipNBGSetNBGClass.1 Z (LRA.Set.Constructions.NBG.OrderedPair x y))     (LRA.Set.Constructions.instMembershipNBGSetNBGClass.1 X x)	ok
LRA.Set.Constructions.NBG.Axioms.IsGlobalChoiceClass	LRA.Set.Constructions.NBGSet.Axioms.Definitions	instance	false	∀ (G : LRA.Set.Constructions.NBG.Axioms.Class) (A : LRA.Set.Constructions.NBG.Axioms.Set),   (Exists fun x => LRA.Set.Constructions.instMembershipNBGSet.mem A x) →     Exists fun y =>       And (LRA.Set.Constructions.instMembershipNBGSet.mem A y)         (And           (LRA.Set.Constructions.instMembershipNBGSetNBGClass.mem G (LRA.Set.Constructions.NBG.Axioms.OrderedPair A y))           (∀ (other : LRA.Set.Constructions.NBG.Axioms.Set),             And (LRA.Set.Constructions.instMembershipNBGSet.mem A other)                 (LRA.Set.Constructions.instMembershipNBGSetNBGClass.mem G                   (LRA.Set.Constructions.NBG.Axioms.OrderedPair A other)) →               Eq other y))	∀ (G : LRA.Set.Constructions.NBG.Axioms.Class) (A : LRA.Set.Constructions.NBG.Axioms.Set),   (Exists fun x => LRA.Set.Constructions.instMembershipNBGSet.1 A x) →     Exists fun y =>       And (LRA.Set.Constructions.instMembershipNBGSet.1 A y)         (And (LRA.Set.Constructions.instMembershipNBGSetNBGClass.1 G (LRA.Set.Constructions.NBG.OrderedPair A y))           (∀ (other : LRA.Set.Constructions.NBG.Axioms.Set),             And (LRA.Set.Constructions.instMembershipNBGSet.1 A other)                 (LRA.Set.Constructions.instMembershipNBGSetNBGClass.1 G                   (LRA.Set.Constructions.NBG.OrderedPair A other)) →               Eq other y))	ok
LRA.Set.Constructions.NBG.Axioms.IsSetClass	LRA.Set.Constructions.NBGSet.Axioms.Definitions	instance	false	∀ (A : LRA.Set.Constructions.NBG.Axioms.Set) (X : LRA.Set.Constructions.NBG.Axioms.Class)   (x : LRA.Set.Constructions.NBG.Axioms.Set),   Iff (LRA.Set.Constructions.instMembershipNBGSetNBGClass.mem X x) (LRA.Set.Constructions.instMembershipNBGSet.mem A x)	∀ (A : LRA.Set.Constructions.NBG.Axioms.Set) (X : LRA.Set.Constructions.NBG.Axioms.Class)   (x : LRA.Set.Constructions.NBG.Axioms.Set),   Iff (LRA.Set.Constructions.instMembershipNBGSetNBGClass.1 X x) (LRA.Set.Constructions.instMembershipNBGSet.1 A x)	ok
LRA.Set.Constructions.NBG.Axioms.IsInductiveSet	LRA.Set.Constructions.NBGSet.Axioms.Definitions	instance	false	∀ (A : LRA.Set.Constructions.NBG.Axioms.Set),   And     (Exists fun empty =>       And (LRA.Set.Constructions.instMembershipNBGSet.mem A empty) (LRA.Set.Constructions.NBG.Axioms.IsEmptySet empty))     (∀ (x : LRA.Set.Constructions.NBG.Axioms.Set),       LRA.Set.Constructions.instMembershipNBGSet.mem A x →         Exists fun successor =>           And (LRA.Set.Constructions.instMembershipNBGSet.mem A successor)             (LRA.Set.Constructions.NBG.Axioms.IsSuccessorOf x successor))	∀ (A : LRA.Set.Constructions.NBG.Axioms.Set),   And     (Exists fun empty =>       And (LRA.Set.Constructions.instMembershipNBGSet.1 A empty)         (∀ (x : LRA.Set.Constructions.NBG.Axioms.Set), LRA.Set.Constructions.instMembershipNBGSet.1 empty x → False))     (∀ (x : LRA.Set.Constructions.NBG.Axioms.Set),       LRA.Set.Constructions.instMembershipNBGSet.1 A x →         Exists fun successor =>           And (LRA.Set.Constructions.instMembershipNBGSet.1 A successor)             (∀ (w : LRA.Set.Constructions.NBG.Axioms.Set),               Iff (LRA.Set.Constructions.instMembershipNBGSet.1 successor w)                 (Or (LRA.Set.Constructions.instMembershipNBGSet.1 x w) (Eq w x))))	ok
LRA.Set.Constructions.NBG.Axioms.IsClassComprehension	LRA.Set.Constructions.NBGSet.Axioms.Definitions	instance	false	∀ (property : LRA.Set.Constructions.NBG.Axioms.Set → Prop) (C : LRA.Set.Constructions.NBG.Axioms.Class)   (x : LRA.Set.Constructions.NBG.Axioms.Set),   Iff (LRA.Set.Constructions.instMembershipNBGSetNBGClass.mem C x) (property x)	∀ (property : LRA.Set.Constructions.NBG.Axioms.Set → Prop) (C : LRA.Set.Constructions.NBG.Axioms.Class)   (x : LRA.Set.Constructions.NBG.Axioms.Set),   Iff (LRA.Set.Constructions.instMembershipNBGSetNBGClass.1 C x) (property x)	ok
LRA.Set.Constructions.NBG.Axioms.IsFunctionalOn	LRA.Set.Constructions.NBGSet.Axioms.Definitions	instance	false	∀ (A : LRA.Set.Constructions.NBG.Axioms.Set)   (relation : LRA.Set.Constructions.NBG.Axioms.Set → LRA.Set.Constructions.NBG.Axioms.Set → Prop)   (x : LRA.Set.Constructions.NBG.Axioms.Set),   LRA.Set.Constructions.instMembershipNBGSet.mem A x →     Exists fun y => And (relation x y) (∀ (other : LRA.Set.Constructions.NBG.Axioms.Set), relation x other → Eq other y)	∀ (A : LRA.Set.Constructions.NBG.Axioms.Set)   (relation : LRA.Set.Constructions.NBG.Axioms.Set → LRA.Set.Constructions.NBG.Axioms.Set → Prop)   (x : LRA.Set.Constructions.NBG.Axioms.Set),   LRA.Set.Constructions.instMembershipNBGSet.1 A x →     Exists fun y => And (relation x y) (∀ (other : LRA.Set.Constructions.NBG.Axioms.Set), relation x other → Eq other y)	ok
LRA.Set.Constructions.NBG.Axioms.IsComplementClass	LRA.Set.Constructions.NBGSet.Axioms.Definitions	instance	false	∀ (X Z : LRA.Set.Constructions.NBG.Axioms.Class) (x : LRA.Set.Constructions.NBG.Axioms.Set),   Iff (LRA.Set.Constructions.instMembershipNBGSetNBGClass.mem Z x)     (Not (LRA.Set.Constructions.instMembershipNBGSetNBGClass.mem X x))	∀ (X Z : LRA.Set.Constructions.NBG.Axioms.Class) (x : LRA.Set.Constructions.NBG.Axioms.Set),   Iff (LRA.Set.Constructions.instMembershipNBGSetNBGClass.1 Z x)     (LRA.Set.Constructions.instMembershipNBGSetNBGClass.1 X x → False)	ok
LRA.Set.Constructions.NBG.Axioms.IsPermutationClass	LRA.Set.Constructions.NBGSet.Axioms.Definitions	instance	false	∀ (X Z : LRA.Set.Constructions.NBG.Axioms.Class) (x y z : LRA.Set.Constructions.NBG.Axioms.Set),   Iff (LRA.Set.Constructions.instMembershipNBGSetNBGClass.mem Z (LRA.Set.Constructions.NBG.Axioms.EncodedTriple x y z))     (LRA.Set.Constructions.instMembershipNBGSetNBGClass.mem X (LRA.Set.Constructions.NBG.Axioms.EncodedTriple y z x))	∀ (X Z : LRA.Set.Constructions.NBG.Axioms.Class) (x y z : LRA.Set.Constructions.NBG.Axioms.Set),   Iff     (LRA.Set.Constructions.instMembershipNBGSetNBGClass.1 Z       (LRA.Set.Constructions.NBG.OrderedPair x (LRA.Set.Constructions.NBG.OrderedPair y z)))     (LRA.Set.Constructions.instMembershipNBGSetNBGClass.1 X       (LRA.Set.Constructions.NBG.OrderedPair y (LRA.Set.Constructions.NBG.OrderedPair z x)))	ok
LRA.Set.Constructions.NBG.Axioms.IsSuccessorOf	LRA.Set.Constructions.NBGSet.Axioms.Definitions	instance	false	∀ (x successor w : LRA.Set.Constructions.NBG.Axioms.Set),   Iff (LRA.Set.Constructions.instMembershipNBGSet.mem successor w)     (Or (LRA.Set.Constructions.instMembershipNBGSet.mem x w) (Eq w x))	∀ (x successor w : LRA.Set.Constructions.NBG.Axioms.Set),   Iff (LRA.Set.Constructions.instMembershipNBGSet.1 successor w)     (Or (LRA.Set.Constructions.instMembershipNBGSet.1 x w) (Eq w x))	ok
LRA.Set.Constructions.NBG.Axioms.IsUniversalClass	LRA.Set.Constructions.NBGSet.Axioms.Definitions	instance	false	∀ (V : LRA.Set.Constructions.NBG.Axioms.Class) (x : LRA.Set.Constructions.NBG.Axioms.Set),   LRA.Set.Constructions.instMembershipNBGSetNBGClass.mem V x	∀ (V : LRA.Set.Constructions.NBG.Axioms.Class) (x : LRA.Set.Constructions.NBG.Axioms.Set),   LRA.Set.Constructions.instMembershipNBGSetNBGClass.1 V x	ok
LRA.Set.Constructions.NBG.Axioms.IsTranspositionClass	LRA.Set.Constructions.NBGSet.Axioms.Definitions	instance	false	∀ (X Z : LRA.Set.Constructions.NBG.Axioms.Class) (x y z : LRA.Set.Constructions.NBG.Axioms.Set),   Iff (LRA.Set.Constructions.instMembershipNBGSetNBGClass.mem Z (LRA.Set.Constructions.NBG.Axioms.EncodedTriple x y z))     (LRA.Set.Constructions.instMembershipNBGSetNBGClass.mem X (LRA.Set.Constructions.NBG.Axioms.EncodedTriple x z y))	∀ (X Z : LRA.Set.Constructions.NBG.Axioms.Class) (x y z : LRA.Set.Constructions.NBG.Axioms.Set),   Iff     (LRA.Set.Constructions.instMembershipNBGSetNBGClass.1 Z       (LRA.Set.Constructions.NBG.OrderedPair x (LRA.Set.Constructions.NBG.OrderedPair y z)))     (LRA.Set.Constructions.instMembershipNBGSetNBGClass.1 X       (LRA.Set.Constructions.NBG.OrderedPair x (LRA.Set.Constructions.NBG.OrderedPair z y)))	ok
LRA.Set.Constructions.NBG.Axioms.IsPairSet	LRA.Set.Constructions.NBGSet.Axioms.Definitions	instance	false	∀ (x y P w : LRA.Set.Constructions.NBG.Axioms.Set),   Iff (LRA.Set.Constructions.instMembershipNBGSet.mem P w) (Or (Eq w x) (Eq w y))	∀ (x y P w : LRA.Set.Constructions.NBG.Axioms.Set),   Iff (LRA.Set.Constructions.instMembershipNBGSet.1 P w) (Or (Eq w x) (Eq w y))	ok
LRA.Set.Constructions.NBG.Axioms.IsIntersectionClass	LRA.Set.Constructions.NBGSet.Axioms.Definitions	instance	false	∀ (X Y Z : LRA.Set.Constructions.NBG.Axioms.Class) (x : LRA.Set.Constructions.NBG.Axioms.Set),   Iff (LRA.Set.Constructions.instMembershipNBGSetNBGClass.mem Z x)     (And (LRA.Set.Constructions.instMembershipNBGSetNBGClass.mem X x)       (LRA.Set.Constructions.instMembershipNBGSetNBGClass.mem Y x))	∀ (X Y Z : LRA.Set.Constructions.NBG.Axioms.Class) (x : LRA.Set.Constructions.NBG.Axioms.Set),   Iff (LRA.Set.Constructions.instMembershipNBGSetNBGClass.1 Z x)     (And (LRA.Set.Constructions.instMembershipNBGSetNBGClass.1 X x)       (LRA.Set.Constructions.instMembershipNBGSetNBGClass.1 Y x))	ok
LRA.Set.Constructions.NBG.Axioms.IsReplacementImageOf	LRA.Set.Constructions.NBGSet.Axioms.Definitions	instance	false	∀ (A : LRA.Set.Constructions.NBG.Axioms.Set)   (relation : LRA.Set.Constructions.NBG.Axioms.Set → LRA.Set.Constructions.NBG.Axioms.Set → Prop)   (B y : LRA.Set.Constructions.NBG.Axioms.Set),   Iff (LRA.Set.Constructions.instMembershipNBGSet.mem B y)     (Exists fun x => And (LRA.Set.Constructions.instMembershipNBGSet.mem A x) (relation x y))	∀ (A : LRA.Set.Constructions.NBG.Axioms.Set)   (relation : LRA.Set.Constructions.NBG.Axioms.Set → LRA.Set.Constructions.NBG.Axioms.Set → Prop)   (B y : LRA.Set.Constructions.NBG.Axioms.Set),   Iff (LRA.Set.Constructions.instMembershipNBGSet.1 B y)     (Exists fun x => And (LRA.Set.Constructions.instMembershipNBGSet.1 A x) (relation x y))	ok
LRA.Set.Constructions.NBG.Axioms.IsPowerSetOf	LRA.Set.Constructions.NBGSet.Axioms.Definitions	instance	false	∀ (A P x : LRA.Set.Constructions.NBG.Axioms.Set),   Iff (LRA.Set.Constructions.instMembershipNBGSet.mem P x)     (∀ (y : LRA.Set.Constructions.NBG.Axioms.Set),       LRA.Set.Constructions.instMembershipNBGSet.mem x y → LRA.Set.Constructions.instMembershipNBGSet.mem A y)	∀ (A P x : LRA.Set.Constructions.NBG.Axioms.Set),   Iff (LRA.Set.Constructions.instMembershipNBGSet.1 P x)     (∀ (y : LRA.Set.Constructions.NBG.Axioms.Set),       LRA.Set.Constructions.instMembershipNBGSet.1 x y → LRA.Set.Constructions.instMembershipNBGSet.1 A y)	ok
LRA.Set.Constructions.NBG.Axioms.IsDomainClass	LRA.Set.Constructions.NBGSet.Axioms.Definitions	instance	false	∀ (X D : LRA.Set.Constructions.NBG.Axioms.Class) (x : LRA.Set.Constructions.NBG.Axioms.Set),   Iff (LRA.Set.Constructions.instMembershipNBGSetNBGClass.mem D x)     (Exists fun y =>       LRA.Set.Constructions.instMembershipNBGSetNBGClass.mem X (LRA.Set.Constructions.NBG.Axioms.OrderedPair x y))	∀ (X D : LRA.Set.Constructions.NBG.Axioms.Class) (x : LRA.Set.Constructions.NBG.Axioms.Set),   Iff (LRA.Set.Constructions.instMembershipNBGSetNBGClass.1 D x)     (Exists fun y => LRA.Set.Constructions.instMembershipNBGSetNBGClass.1 X (LRA.Set.Constructions.NBG.OrderedPair x y))	ok
LRA.Set.Constructions.NBG.Axioms.CartesianExtensionClassExists	LRA.Set.Constructions.NBGSet.Axioms.Public	axiom	false	∀ (X : LRA.Set.Constructions.NBG.Axioms.Class),   Exists fun Z => LRA.Set.Constructions.NBG.Axioms.IsCartesianExtensionClass X Z	∀ (X : LRA.Set.Constructions.NBG.Axioms.Class),   Exists fun Z =>     ∀ (x y : LRA.Set.Constructions.NBG.Axioms.Set),       Iff (LRA.Set.Constructions.instMembershipNBGSetNBGClass.1 Z (LRA.Set.Constructions.NBG.OrderedPair x y))         (LRA.Set.Constructions.instMembershipNBGSetNBGClass.1 X x)	ok
LRA.Set.Constructions.NBG.Axioms.PermutationClassExists	LRA.Set.Constructions.NBGSet.Axioms.Public	axiom	false	∀ (X : LRA.Set.Constructions.NBG.Axioms.Class), Exists fun Z => LRA.Set.Constructions.NBG.Axioms.IsPermutationClass X Z	∀ (X : LRA.Set.Constructions.NBG.Axioms.Class),   Exists fun Z =>     ∀ (x y z : LRA.Set.Constructions.NBG.Axioms.Set),       Iff         (LRA.Set.Constructions.instMembershipNBGSetNBGClass.1 Z           (LRA.Set.Constructions.NBG.OrderedPair x (LRA.Set.Constructions.NBG.OrderedPair y z)))         (LRA.Set.Constructions.instMembershipNBGSetNBGClass.1 X           (LRA.Set.Constructions.NBG.OrderedPair y (LRA.Set.Constructions.NBG.OrderedPair z x)))	ok
LRA.Set.Constructions.NBG.Axioms.ClassComprehensionExists	LRA.Set.Constructions.NBGSet.Axioms.Public	axiom	false	∀ (property : LRA.Set.Constructions.NBG.Axioms.Set → Prop),   Exists fun C => LRA.Set.Constructions.NBG.Axioms.IsClassComprehension property C	∀ (property : LRA.Set.Constructions.NBG.Axioms.Set → Prop),   Exists fun C =>     ∀ (x : LRA.Set.Constructions.NBG.Axioms.Set),       Iff (LRA.Set.Constructions.instMembershipNBGSetNBGClass.1 C x) (property x)	ok
LRA.Set.Constructions.NBG.Axioms.IntersectionClassExists	LRA.Set.Constructions.NBGSet.Axioms.Public	axiom	false	∀ (X Y : LRA.Set.Constructions.NBG.Axioms.Class),   Exists fun Z => LRA.Set.Constructions.NBG.Axioms.IsIntersectionClass X Y Z	∀ (X Y : LRA.Set.Constructions.NBG.Axioms.Class),   Exists fun Z =>     ∀ (x : LRA.Set.Constructions.NBG.Axioms.Set),       Iff (LRA.Set.Constructions.instMembershipNBGSetNBGClass.1 Z x)         (And (LRA.Set.Constructions.instMembershipNBGSetNBGClass.1 X x)           (LRA.Set.Constructions.instMembershipNBGSetNBGClass.1 Y x))	ok
LRA.Set.Constructions.NBG.Axioms.PairSetExists	LRA.Set.Constructions.NBGSet.Axioms.Public	axiom	false	∀ (x y : LRA.Set.Constructions.NBG.Axioms.Set), Exists fun P => LRA.Set.Constructions.NBG.Axioms.IsPairSet x y P	∀ (x y : LRA.Set.Constructions.NBG.Axioms.Set),   Exists fun P =>     ∀ (w : LRA.Set.Constructions.NBG.Axioms.Set),       Iff (LRA.Set.Constructions.instMembershipNBGSet.1 P w) (Or (Eq w x) (Eq w y))	ok
LRA.Set.Constructions.NBG.Axioms.ClassExtensionalityTheorem	LRA.Set.Constructions.NBGSet.Axioms.Public	axiom	false	∀ (A B : LRA.Set.Constructions.NBG.Axioms.Class),   (∀ (x : LRA.Set.Constructions.NBG.Axioms.Set),       Iff (LRA.Set.Constructions.instMembershipNBGSetNBGClass.mem A x)         (LRA.Set.Constructions.instMembershipNBGSetNBGClass.mem B x)) →     Eq A B	∀ (A B : LRA.Set.Constructions.NBG.Axioms.Class),   (∀ (x : LRA.Set.Constructions.NBG.Axioms.Set),       Iff (LRA.Set.Constructions.instMembershipNBGSetNBGClass.1 A x)         (LRA.Set.Constructions.instMembershipNBGSetNBGClass.1 B x)) →     Eq A B	ok
LRA.Set.Constructions.NBG.Axioms.ReplacementImageExists	LRA.Set.Constructions.NBGSet.Axioms.Public	axiom	false	∀ (A : LRA.Set.Constructions.NBG.Axioms.Set)   (relation : LRA.Set.Constructions.NBG.Axioms.Set → LRA.Set.Constructions.NBG.Axioms.Set → Prop),   LRA.Set.Constructions.NBG.Axioms.IsFunctionalOn A relation →     Exists fun B => LRA.Set.Constructions.NBG.Axioms.IsReplacementImageOf A relation B	∀ (A : LRA.Set.Constructions.NBG.Axioms.Set)   (relation : LRA.Set.Constructions.NBG.Axioms.Set → LRA.Set.Constructions.NBG.Axioms.Set → Prop),   (∀ (x : LRA.Set.Constructions.NBG.Axioms.Set),       LRA.Set.Constructions.instMembershipNBGSet.1 A x →         Exists fun y =>           And (relation x y) (∀ (other : LRA.Set.Constructions.NBG.Axioms.Set), relation x other → Eq other y)) →     Exists fun B =>       ∀ (y : LRA.Set.Constructions.NBG.Axioms.Set),         Iff (LRA.Set.Constructions.instMembershipNBGSet.1 B y)           (Exists fun x => And (LRA.Set.Constructions.instMembershipNBGSet.1 A x) (relation x y))	ok
LRA.Set.Constructions.NBG.Axioms.ClassOfSetMembership	LRA.Set.Constructions.NBGSet.Axioms.Public	axiom	false	∀ (A x : LRA.Set.Constructions.NBG.Axioms.Set),   Iff (LRA.Set.Constructions.instMembershipNBGSetNBGClass.mem (LRA.Set.Constructions.NBG.Axioms.ClassOfSet A) x)     (LRA.Set.Constructions.instMembershipNBGSet.mem A x)	∀ (A x : LRA.Set.Constructions.NBG.Axioms.Set),   Iff (LRA.Set.Constructions.instMembershipNBGSetNBGClass.1 (LRA.Set.Constructions.NBG.ClassOfSet A) x)     (LRA.Set.Constructions.instMembershipNBGSet.1 A x)	ok
LRA.Set.Constructions.NBG.Axioms.DomainClassExists	LRA.Set.Constructions.NBGSet.Axioms.Public	axiom	false	∀ (X : LRA.Set.Constructions.NBG.Axioms.Class), Exists fun D => LRA.Set.Constructions.NBG.Axioms.IsDomainClass X D	∀ (X : LRA.Set.Constructions.NBG.Axioms.Class),   Exists fun D =>     ∀ (x : LRA.Set.Constructions.NBG.Axioms.Set),       Iff (LRA.Set.Constructions.instMembershipNBGSetNBGClass.1 D x)         (Exists fun y =>           LRA.Set.Constructions.instMembershipNBGSetNBGClass.1 X (LRA.Set.Constructions.NBG.OrderedPair x y))	ok
LRA.Set.Constructions.NBG.Axioms.PowerSetOfExists	LRA.Set.Constructions.NBGSet.Axioms.Public	axiom	false	∀ (A : LRA.Set.Constructions.NBG.Axioms.Set), Exists fun P => LRA.Set.Constructions.NBG.Axioms.IsPowerSetOf A P	∀ (A : LRA.Set.Constructions.NBG.Axioms.Set),   Exists fun P =>     ∀ (x : LRA.Set.Constructions.NBG.Axioms.Set),       Iff (LRA.Set.Constructions.instMembershipNBGSet.1 P x)         (∀ (y : LRA.Set.Constructions.NBG.Axioms.Set),           LRA.Set.Constructions.instMembershipNBGSet.1 x y → LRA.Set.Constructions.instMembershipNBGSet.1 A y)	ok
LRA.Set.Constructions.NBG.Axioms.UniversalClassExists	LRA.Set.Constructions.NBGSet.Axioms.Public	axiom	false	Exists fun V => LRA.Set.Constructions.NBG.Axioms.IsUniversalClass V	Exists fun V => ∀ (x : LRA.Set.Constructions.NBG.Axioms.Set), LRA.Set.Constructions.instMembershipNBGSetNBGClass.1 V x	ok
LRA.Set.Constructions.NBG.Axioms.EmptySetExists	LRA.Set.Constructions.NBGSet.Axioms.Public	axiom	false	Exists fun A => LRA.Set.Constructions.NBG.Axioms.IsEmptySet A	Exists fun A => ∀ (x : LRA.Set.Constructions.NBG.Axioms.Set), LRA.Set.Constructions.instMembershipNBGSet.1 A x → False	ok
LRA.Set.Constructions.NBG.Axioms.ElementhoodClassExists	LRA.Set.Constructions.NBGSet.Axioms.Public	axiom	false	Exists fun E => LRA.Set.Constructions.NBG.Axioms.IsElementhoodClass E	Exists fun E =>   ∀ (x y : LRA.Set.Constructions.NBG.Axioms.Set),     Iff (LRA.Set.Constructions.instMembershipNBGSetNBGClass.1 E (LRA.Set.Constructions.NBG.OrderedPair x y))       (LRA.Set.Constructions.instMembershipNBGSet.1 y x)	ok
LRA.Set.Constructions.NBG.Axioms.SetExtensionality	LRA.Set.Constructions.NBGSet.Axioms.Public	axiom	false	∀ (A B : LRA.Set.Constructions.NBG.Axioms.Set),   (∀ (x : LRA.Set.Constructions.NBG.Axioms.Set),       Iff (LRA.Set.Constructions.instMembershipNBGSet.mem A x) (LRA.Set.Constructions.instMembershipNBGSet.mem B x)) →     Eq A B	∀ (A B : LRA.Set.Constructions.NBG.Axioms.Set),   (∀ (x : LRA.Set.Constructions.NBG.Axioms.Set),       Iff (LRA.Set.Constructions.instMembershipNBGSet.1 A x) (LRA.Set.Constructions.instMembershipNBGSet.1 B x)) →     Eq A B	ok
LRA.Set.Constructions.NBG.Axioms.TranspositionClassExists	LRA.Set.Constructions.NBGSet.Axioms.Public	axiom	false	∀ (X : LRA.Set.Constructions.NBG.Axioms.Class),   Exists fun Z => LRA.Set.Constructions.NBG.Axioms.IsTranspositionClass X Z	∀ (X : LRA.Set.Constructions.NBG.Axioms.Class),   Exists fun Z =>     ∀ (x y z : LRA.Set.Constructions.NBG.Axioms.Set),       Iff         (LRA.Set.Constructions.instMembershipNBGSetNBGClass.1 Z           (LRA.Set.Constructions.NBG.OrderedPair x (LRA.Set.Constructions.NBG.OrderedPair y z)))         (LRA.Set.Constructions.instMembershipNBGSetNBGClass.1 X           (LRA.Set.Constructions.NBG.OrderedPair x (LRA.Set.Constructions.NBG.OrderedPair z y)))	ok
LRA.Set.Constructions.NBG.Axioms.GlobalChoiceClassExists	LRA.Set.Constructions.NBGSet.Axioms.Public	axiom	false	Exists fun G => LRA.Set.Constructions.NBG.Axioms.IsGlobalChoiceClass G	Exists fun G =>   ∀ (A : LRA.Set.Constructions.NBG.Axioms.Set),     (Exists fun x => LRA.Set.Constructions.instMembershipNBGSet.1 A x) →       Exists fun y =>         And (LRA.Set.Constructions.instMembershipNBGSet.1 A y)           (And (LRA.Set.Constructions.instMembershipNBGSetNBGClass.1 G (LRA.Set.Constructions.NBG.OrderedPair A y))             (∀ (other : LRA.Set.Constructions.NBG.Axioms.Set),               And (LRA.Set.Constructions.instMembershipNBGSet.1 A other)                   (LRA.Set.Constructions.instMembershipNBGSetNBGClass.1 G                     (LRA.Set.Constructions.NBG.OrderedPair A other)) →                 Eq other y))	ok
LRA.Set.Constructions.NBG.Axioms.FoundationWitnessExists	LRA.Set.Constructions.NBGSet.Axioms.Public	axiom	false	∀ (A : LRA.Set.Constructions.NBG.Axioms.Set),   (Exists fun w => LRA.Set.Constructions.instMembershipNBGSet.mem A w) →     Exists fun x => LRA.Set.Constructions.NBG.Axioms.IsFoundationWitness A x	∀ (A : LRA.Set.Constructions.NBG.Axioms.Set),   (Exists fun w => LRA.Set.Constructions.instMembershipNBGSet.1 A w) →     Exists fun x =>       And (LRA.Set.Constructions.instMembershipNBGSet.1 A x)         (∀ (y : LRA.Set.Constructions.NBG.Axioms.Set),           LRA.Set.Constructions.instMembershipNBGSet.1 x y → LRA.Set.Constructions.instMembershipNBGSet.1 A y → False)	ok
LRA.Set.Constructions.NBG.Axioms.UnionOverExists	LRA.Set.Constructions.NBGSet.Axioms.Public	axiom	false	∀ (A : LRA.Set.Constructions.NBG.Axioms.Set), Exists fun U => LRA.Set.Constructions.NBG.Axioms.IsUnionOf A U	∀ (A : LRA.Set.Constructions.NBG.Axioms.Set),   Exists fun U =>     ∀ (x : LRA.Set.Constructions.NBG.Axioms.Set),       Iff (LRA.Set.Constructions.instMembershipNBGSet.1 U x)         (Exists fun B =>           And (LRA.Set.Constructions.instMembershipNBGSet.1 A B) (LRA.Set.Constructions.instMembershipNBGSet.1 B x))	ok
LRA.Set.Constructions.NBG.Axioms.ComplementClassExists	LRA.Set.Constructions.NBGSet.Axioms.Public	axiom	false	∀ (X : LRA.Set.Constructions.NBG.Axioms.Class), Exists fun Z => LRA.Set.Constructions.NBG.Axioms.IsComplementClass X Z	∀ (X : LRA.Set.Constructions.NBG.Axioms.Class),   Exists fun Z =>     ∀ (x : LRA.Set.Constructions.NBG.Axioms.Set),       Iff (LRA.Set.Constructions.instMembershipNBGSetNBGClass.1 Z x)         (LRA.Set.Constructions.instMembershipNBGSetNBGClass.1 X x → False)	ok
LRA.Set.Constructions.NBG.Axioms.InductiveSetExists	LRA.Set.Constructions.NBGSet.Axioms.Public	axiom	false	Exists fun A => LRA.Set.Constructions.NBG.Axioms.IsInductiveSet A	Exists fun A =>   And     (Exists fun empty =>       And (LRA.Set.Constructions.instMembershipNBGSet.1 A empty)         (∀ (x : LRA.Set.Constructions.NBG.Axioms.Set), LRA.Set.Constructions.instMembershipNBGSet.1 empty x → False))     (∀ (x : LRA.Set.Constructions.NBG.Axioms.Set),       LRA.Set.Constructions.instMembershipNBGSet.1 A x →         Exists fun successor =>           And (LRA.Set.Constructions.instMembershipNBGSet.1 A successor)             (∀ (w : LRA.Set.Constructions.NBG.Axioms.Set),               Iff (LRA.Set.Constructions.instMembershipNBGSet.1 successor w)                 (Or (LRA.Set.Constructions.instMembershipNBGSet.1 x w) (Eq w x))))	ok
LRA.Set.Constructions.NBG.Axioms.TheEmptySetIsEmpty	LRA.Set.Constructions.NBGSet.Axioms.Public	theorem	true	LRA.Set.Constructions.NBG.Axioms.IsEmptySet LRA.Set.Constructions.NBG.Axioms.TheEmptySet	∀ (x : LRA.Set.Constructions.NBG.Axioms.Set),   LRA.Set.Constructions.instMembershipNBGSet.1 LRA.Set.Constructions.NBG.Axioms.TheEmptySet x → False	ok
LRA.Set.Constructions.NBG.Axioms.ClassRegularityWitnessExists	LRA.Set.Constructions.NBGSet.Axioms.Public	axiom	false	∀ (X : LRA.Set.Constructions.NBG.Axioms.Class),   (Exists fun x => LRA.Set.Constructions.instMembershipNBGSetNBGClass.mem X x) →     Exists fun y =>       And (LRA.Set.Constructions.instMembershipNBGSetNBGClass.mem X y)         (∀ (z : LRA.Set.Constructions.NBG.Axioms.Set),           LRA.Set.Constructions.instMembershipNBGSet.mem y z →             Not (LRA.Set.Constructions.instMembershipNBGSetNBGClass.mem X z))	∀ (X : LRA.Set.Constructions.NBG.Axioms.Class),   (Exists fun x => LRA.Set.Constructions.instMembershipNBGSetNBGClass.1 X x) →     Exists fun y =>       And (LRA.Set.Constructions.instMembershipNBGSetNBGClass.1 X y)         (∀ (z : LRA.Set.Constructions.NBG.Axioms.Set),           LRA.Set.Constructions.instMembershipNBGSet.1 y z →             LRA.Set.Constructions.instMembershipNBGSetNBGClass.1 X z → False)	ok
LRA.Set.Constructions.NBG.Axioms.ClassOfSetIsSetClass	LRA.Set.Constructions.NBGSet.Axioms.Public	theorem	true	∀ (A : LRA.Set.Constructions.NBG.Axioms.Set),   LRA.Set.Constructions.NBG.Axioms.IsSetClass A (LRA.Set.Constructions.NBG.Axioms.ClassOfSet A)	∀ (A x : LRA.Set.Constructions.NBG.Axioms.Set),   Iff (LRA.Set.Constructions.instMembershipNBGSetNBGClass.1 (LRA.Set.Constructions.NBG.ClassOfSet A) x)     (LRA.Set.Constructions.instMembershipNBGSet.1 A x)	ok
LRA.Set.Constructions.NBG.Interface.ModelTheory.IsStandardModelPair	LRA.Set.Constructions.NBGSet.Interface.ModelTheory.LStructure	instance	false	∀ (M : LRA.Set.Constructions.NBG.Interface.ModelTheory.TwoSortedClassStructure) (A x : M.setCarrier),   Iff (M.classMembership x (M.classOfSet A)) (M.setMembership x A)	∀ (M : LRA.Set.Constructions.NBG.Interface.ModelTheory.TwoSortedClassStructure) (A x : M.1),   Iff (M.6 x (M.4 A)) (M.5 x A)	ok
LRA.Set.Constructions.NBG.Interface.ModelTheory.ProperClassPredicate	LRA.Set.Constructions.NBGSet.Interface.ModelTheory.LStructure	instance	false	∀ (M : LRA.Set.Constructions.NBG.Interface.ModelTheory.SingleSortedClassStructure) (X : M.carrier),   LRA.Set.Constructions.NBG.Interface.ModelTheory.SetPredicate M X → False	∀ (M : LRA.Set.Constructions.NBG.Interface.ModelTheory.SingleSortedClassStructure) (X : M.1),   (Exists fun Y => M.3 X Y) → False	ok
LRA.Set.Constructions.NBG.Interface.ModelTheory.IsTransitiveSetModel	LRA.Set.Constructions.NBGSet.Interface.ModelTheory.LStructure	instance	false	∀ (M : LRA.Set.Constructions.NBG.Interface.ModelTheory.TwoSortedClassStructure) {x y z : M.setCarrier},   And (M.setMembership x y) (M.setMembership z x) → M.setMembership z y	∀ (M : LRA.Set.Constructions.NBG.Interface.ModelTheory.TwoSortedClassStructure) {x y z : M.1},   And (M.5 x y) (M.5 z x) → M.5 z y	ok
LRA.Set.Constructions.NBG.Interface.ModelTheory.SetPredicate	LRA.Set.Constructions.NBGSet.Interface.ModelTheory.LStructure	instance	false	∀ (M : LRA.Set.Constructions.NBG.Interface.ModelTheory.SingleSortedClassStructure) (X : M.carrier),   Exists fun Y => M.membership X Y	∀ (M : LRA.Set.Constructions.NBG.Interface.ModelTheory.SingleSortedClassStructure) (X : M.1), Exists fun Y => M.3 X Y	ok
LRA.Set.Constructions.NBG.Interface.ModelTheory.SatisfiesSingleSortedFormula	LRA.Set.Constructions.NBGSet.Interface.ModelTheory.LStructure	instance	false	∀ (M : LRA.Set.Constructions.NBG.Interface.ModelTheory.SingleSortedClassStructure) {Variable : Type}   [inst : DecidableEq Variable]   (assignment : Variable → (LRA.Set.Constructions.NBG.Interface.ModelTheory.toFirstOrderModel M).Domain)   (formula : LRA.Logic.FirstOrder.Formula LRA.Set.Constructions.NBG.Interface.ModelTheory.MembershipSignature Variable),   LRA.Logic.FirstOrder.Satisfies (LRA.Set.Constructions.NBG.Interface.ModelTheory.toFirstOrderModel M) assignment     formula	∀ (M : LRA.Set.Constructions.NBG.Interface.ModelTheory.SingleSortedClassStructure) {Variable : Type}   [inst : (a b : Variable) → Decidable (Eq a b)]   (assignment : Variable → (LRA.Set.Constructions.NBG.Interface.ModelTheory.toFirstOrderModel M).1)   (formula : LRA.Logic.FirstOrder.Formula LRA.Set.Constructions.NBG.Interface.ModelTheory.MembershipSignature Variable),   LRA.Logic.FirstOrder.Satisfies     { Domain := M.1, domainNonempty := ⋯, equalityIsDiagonal := ⋯,       interpretFunction := fun functionSymbol =>         Empty.rec           (fun x =>             (Fin (LRA.Set.Constructions.NBG.Interface.ModelTheory.MembershipSignature.Functions.2 functionSymbol) →                 M.1) →               M.1)           functionSymbol,       interpretRelation := fun relationSymbol arguments =>         LRA.Set.Constructions.NBG.Interface.ModelTheory.MembershipRelationSymbol.rec (motive := fun x =>           (arguments : Fin (LRA.Set.Constructions.NBG.Interface.ModelTheory.MembershipSignature.Relations.2 x) → M.1) →             (fun relationSymbol arguments => Prop) x arguments)           (fun arguments =>             (fun arguments =>                 M.3 (arguments ⟨0, LRA.Set.Constructions.NBG.Interface.ModelTheory.toFirstOrderModel._proof_2⟩)                   (arguments ⟨1, LRA.Set.Constructions.NBG.Interface.ModelTheory.toFirstOrderModel._proof_3⟩))               arguments)           relationSymbol arguments,       interpretConstant := fun constantSymbol => Empty.rec (fun x => M.1) constantSymbol }     assignment formula	ok
LRA.Set.Constructions.NBG.Interface.ModelTheory.singleSortedClassStructureIsNormal	LRA.Set.Constructions.NBGSet.Interface.ModelTheory.LStructure	theorem	true	∀ (M : LRA.Set.Constructions.NBG.Interface.ModelTheory.SingleSortedClassStructure),   LRA.Set.Constructions.NBG.Interface.ModelTheory.IsNormalClassModel M	∀ (M : LRA.Set.Constructions.NBG.Interface.ModelTheory.SingleSortedClassStructure),   LRA.Set.Constructions.NBG.Interface.ModelTheory.IsNormalClassModel M	ok
LRA.Set.Constructions.NBG.Interface.ModelTheory.nbgSupportsTwoSortedPresentation	LRA.Set.Constructions.NBGSet.Interface.ModelTheory.Theory	theorem	true	LRA.Set.Constructions.NBG.Interface.ModelTheory.SupportsTwoSortedPresentation	LRA.Set.Constructions.NBG.Interface.ModelTheory.SupportsTwoSortedPresentation	ok
LRA.Set.Constructions.NBG.Interface.ModelTheory.nbgSupportsClassExtensionality	LRA.Set.Constructions.NBGSet.Interface.ModelTheory.Theory	theorem	true	LRA.Set.Constructions.NBG.Interface.ModelTheory.SupportsClassExtensionality	LRA.Set.Constructions.NBG.Interface.ModelTheory.SupportsClassExtensionality	ok
LRA.Set.Constructions.NBG.Interface.ModelTheory.SupportsIntersectionClass	LRA.Set.Constructions.NBGSet.Interface.ModelTheory.Theory	instance	false	∀ (X Y : LRA.Set.Constructions.NBG.Interface.ModelTheory.ClassObject),   Exists fun Z => LRA.Set.Constructions.NBG.Axioms.IsIntersectionClass X Y Z	∀ (X Y : LRA.Set.Constructions.NBG.Interface.ModelTheory.ClassObject),   Exists fun Z =>     ∀ (x : LRA.Set.Constructions.NBG.Axioms.Set),       Iff (LRA.Set.Constructions.instMembershipNBGSetNBGClass.1 Z x)         (And (LRA.Set.Constructions.instMembershipNBGSetNBGClass.1 X x)           (LRA.Set.Constructions.instMembershipNBGSetNBGClass.1 Y x))	ok
LRA.Set.Constructions.NBG.Interface.ModelTheory.SupportsUniversalClass	LRA.Set.Constructions.NBGSet.Interface.ModelTheory.Theory	instance	false	Exists fun V => LRA.Set.Constructions.NBG.Axioms.IsUniversalClass V	Exists fun V => ∀ (x : LRA.Set.Constructions.NBG.Axioms.Set), LRA.Set.Constructions.instMembershipNBGSetNBGClass.1 V x	ok
LRA.Set.Constructions.NBG.Interface.ModelTheory.nbgSupportsSingleSortedPresentation	LRA.Set.Constructions.NBGSet.Interface.ModelTheory.Theory	theorem	true	LRA.Set.Constructions.NBG.Interface.ModelTheory.SupportsSingleSortedPresentation	LRA.Set.Constructions.NBG.Interface.ModelTheory.SupportsSingleSortedPresentation	ok
LRA.Set.Constructions.NBG.Interface.ModelTheory.nbgSupportsGlobalChoice	LRA.Set.Constructions.NBGSet.Interface.ModelTheory.Theory	theorem	true	LRA.Set.Constructions.NBG.Interface.ModelTheory.SupportsGlobalChoice	LRA.Set.Constructions.NBG.Interface.ModelTheory.SupportsGlobalChoice	ok
LRA.Set.Constructions.NBG.Interface.ModelTheory.nbgSupportsTranspositionClass	LRA.Set.Constructions.NBGSet.Interface.ModelTheory.Theory	theorem	true	LRA.Set.Constructions.NBG.Interface.ModelTheory.SupportsTranspositionClass	LRA.Set.Constructions.NBG.Interface.ModelTheory.SupportsTranspositionClass	ok
LRA.Set.Constructions.NBG.Interface.ModelTheory.nbgSupportsUnion	LRA.Set.Constructions.NBGSet.Interface.ModelTheory.Theory	theorem	true	LRA.Set.Constructions.NBG.Interface.ModelTheory.SupportsUnion	LRA.Set.Constructions.NBG.Interface.ModelTheory.SupportsUnion	ok
LRA.Set.Constructions.NBG.Interface.ModelTheory.SatisfiesFiniteNBGAxiomatization	LRA.Set.Constructions.NBGSet.Interface.ModelTheory.Theory	instance	false	∀ (axiomName : LRA.Set.Constructions.NBG.Interface.ModelTheory.FiniteNBGAxiomName),   LRA.Set.Constructions.NBG.Interface.ModelTheory.FiniteNBGAxiomHolds axiomName	∀ (axiomName : LRA.Set.Constructions.NBG.Interface.ModelTheory.FiniteNBGAxiomName),   LRA.Set.Constructions.NBG.Interface.ModelTheory.FiniteNBGAxiomName.rec     ((fun _ => LRA.Set.Constructions.NBG.Interface.ModelTheory.SupportsClassExtensionality) Unit.unit)     ((fun _ => LRA.Set.Constructions.NBG.Interface.ModelTheory.SupportsClassRegularity) Unit.unit)     ((fun _ => LRA.Set.Constructions.NBG.Interface.ModelTheory.SupportsPairing) Unit.unit)     ((fun _ => LRA.Set.Constructions.NBG.Interface.ModelTheory.SupportsUnion) Unit.unit)     ((fun _ => LRA.Set.Constructions.NBG.Interface.ModelTheory.SupportsPowerSet) Unit.unit)     ((fun _ => LRA.Set.Constructions.NBG.Interface.ModelTheory.SupportsInfinity) Unit.unit)     ((fun _ => LRA.Set.Constructions.NBG.Interface.ModelTheory.SupportsUniversalClass) Unit.unit)     ((fun _ => LRA.Set.Constructions.NBG.Interface.ModelTheory.SupportsElementhoodClass) Unit.unit)     ((fun _ => LRA.Set.Constructions.NBG.Interface.ModelTheory.SupportsIntersectionClass) Unit.unit)     ((fun _ => LRA.Set.Constructions.NBG.Interface.ModelTheory.SupportsComplementClass) Unit.unit)     ((fun _ => LRA.Set.Constructions.NBG.Interface.ModelTheory.SupportsDomainClass) Unit.unit)     ((fun _ => LRA.Set.Constructions.NBG.Interface.ModelTheory.SupportsCartesianExtensionClass) Unit.unit)     ((fun _ => LRA.Set.Constructions.NBG.Interface.ModelTheory.SupportsPermutationClass) Unit.unit)     ((fun _ => LRA.Set.Constructions.NBG.Interface.ModelTheory.SupportsTranspositionClass) Unit.unit)     ((fun _ => LRA.Set.Constructions.NBG.Interface.ModelTheory.SupportsReplacement) Unit.unit)     ((fun _ => LRA.Set.Constructions.NBG.Interface.ModelTheory.SupportsGlobalChoice) Unit.unit) axiomName	ok
LRA.Set.Constructions.NBG.Interface.ModelTheory.SupportsPowerSet	LRA.Set.Constructions.NBGSet.Interface.ModelTheory.Theory	instance	false	∀ (A : LRA.Set.Constructions.NBG.Interface.ModelTheory.SetObject),   Exists fun P => LRA.Set.Constructions.NBG.Axioms.IsPowerSetOf A P	∀ (A : LRA.Set.Constructions.NBG.Interface.ModelTheory.SetObject),   Exists fun P =>     ∀ (x : LRA.Set.Constructions.NBG.Axioms.Set),       Iff (LRA.Set.Constructions.instMembershipNBGSet.1 P x)         (∀ (y : LRA.Set.Constructions.NBG.Axioms.Set),           LRA.Set.Constructions.instMembershipNBGSet.1 x y → LRA.Set.Constructions.instMembershipNBGSet.1 A y)	ok
LRA.Set.Constructions.NBG.Interface.ModelTheory.nbgSatisfiesNBG	LRA.Set.Constructions.NBGSet.Interface.ModelTheory.Theory	theorem	true	LRA.Set.Constructions.NBG.Interface.ModelTheory.SatisfiesNBG	LRA.Set.Constructions.NBG.Interface.ModelTheory.SatisfiesNBG	ok
LRA.Set.Constructions.NBG.Interface.ModelTheory.nbgFiniteNBGAxiomHolds	LRA.Set.Constructions.NBGSet.Interface.ModelTheory.Theory	theorem	true	∀ (axiomName : LRA.Set.Constructions.NBG.Interface.ModelTheory.FiniteNBGAxiomName),   LRA.Set.Constructions.NBG.Interface.ModelTheory.FiniteNBGAxiomHolds axiomName	∀ (axiomName : LRA.Set.Constructions.NBG.Interface.ModelTheory.FiniteNBGAxiomName),   LRA.Set.Constructions.NBG.Interface.ModelTheory.FiniteNBGAxiomName.rec     ((fun _ => LRA.Set.Constructions.NBG.Interface.ModelTheory.SupportsClassExtensionality) Unit.unit)     ((fun _ => LRA.Set.Constructions.NBG.Interface.ModelTheory.SupportsClassRegularity) Unit.unit)     ((fun _ => LRA.Set.Constructions.NBG.Interface.ModelTheory.SupportsPairing) Unit.unit)     ((fun _ => LRA.Set.Constructions.NBG.Interface.ModelTheory.SupportsUnion) Unit.unit)     ((fun _ => LRA.Set.Constructions.NBG.Interface.ModelTheory.SupportsPowerSet) Unit.unit)     ((fun _ => LRA.Set.Constructions.NBG.Interface.ModelTheory.SupportsInfinity) Unit.unit)     ((fun _ => LRA.Set.Constructions.NBG.Interface.ModelTheory.SupportsUniversalClass) Unit.unit)     ((fun _ => LRA.Set.Constructions.NBG.Interface.ModelTheory.SupportsElementhoodClass) Unit.unit)     ((fun _ => LRA.Set.Constructions.NBG.Interface.ModelTheory.SupportsIntersectionClass) Unit.unit)     ((fun _ => LRA.Set.Constructions.NBG.Interface.ModelTheory.SupportsComplementClass) Unit.unit)     ((fun _ => LRA.Set.Constructions.NBG.Interface.ModelTheory.SupportsDomainClass) Unit.unit)     ((fun _ => LRA.Set.Constructions.NBG.Interface.ModelTheory.SupportsCartesianExtensionClass) Unit.unit)     ((fun _ => LRA.Set.Constructions.NBG.Interface.ModelTheory.SupportsPermutationClass) Unit.unit)     ((fun _ => LRA.Set.Constructions.NBG.Interface.ModelTheory.SupportsTranspositionClass) Unit.unit)     ((fun _ => LRA.Set.Constructions.NBG.Interface.ModelTheory.SupportsReplacement) Unit.unit)     ((fun _ => LRA.Set.Constructions.NBG.Interface.ModelTheory.SupportsGlobalChoice) Unit.unit) axiomName	ok
LRA.Set.Constructions.NBG.Interface.ModelTheory.SupportsPairing	LRA.Set.Constructions.NBGSet.Interface.ModelTheory.Theory	instance	false	∀ (x y : LRA.Set.Constructions.NBG.Interface.ModelTheory.SetObject),   Exists fun P => LRA.Set.Constructions.NBG.Axioms.IsPairSet x y P	∀ (x y : LRA.Set.Constructions.NBG.Interface.ModelTheory.SetObject),   Exists fun P =>     ∀ (w : LRA.Set.Constructions.NBG.Axioms.Set),       Iff (LRA.Set.Constructions.instMembershipNBGSet.1 P w) (Or (Eq w x) (Eq w y))	ok
LRA.Set.Constructions.NBG.Interface.ModelTheory.SupportsTranspositionClass	LRA.Set.Constructions.NBGSet.Interface.ModelTheory.Theory	instance	false	∀ (X : LRA.Set.Constructions.NBG.Interface.ModelTheory.ClassObject),   Exists fun Z => LRA.Set.Constructions.NBG.Axioms.IsTranspositionClass X Z	∀ (X : LRA.Set.Constructions.NBG.Interface.ModelTheory.ClassObject),   Exists fun Z =>     ∀ (x y z : LRA.Set.Constructions.NBG.Axioms.Set),       Iff         (LRA.Set.Constructions.instMembershipNBGSetNBGClass.1 Z           (LRA.Set.Constructions.NBG.OrderedPair x (LRA.Set.Constructions.NBG.OrderedPair y z)))         (LRA.Set.Constructions.instMembershipNBGSetNBGClass.1 X           (LRA.Set.Constructions.NBG.OrderedPair x (LRA.Set.Constructions.NBG.OrderedPair z y)))	ok
LRA.Set.Constructions.NBG.Interface.ModelTheory.nbgSupportsIntersectionClass	LRA.Set.Constructions.NBGSet.Interface.ModelTheory.Theory	theorem	true	LRA.Set.Constructions.NBG.Interface.ModelTheory.SupportsIntersectionClass	LRA.Set.Constructions.NBG.Interface.ModelTheory.SupportsIntersectionClass	ok
LRA.Set.Constructions.NBG.Interface.ModelTheory.nbgSupportsComplementClass	LRA.Set.Constructions.NBGSet.Interface.ModelTheory.Theory	theorem	true	LRA.Set.Constructions.NBG.Interface.ModelTheory.SupportsComplementClass	LRA.Set.Constructions.NBG.Interface.ModelTheory.SupportsComplementClass	ok
LRA.Set.Constructions.NBG.Interface.ModelTheory.nbgSupportsPermutationClass	LRA.Set.Constructions.NBGSet.Interface.ModelTheory.Theory	theorem	true	LRA.Set.Constructions.NBG.Interface.ModelTheory.SupportsPermutationClass	LRA.Set.Constructions.NBG.Interface.ModelTheory.SupportsPermutationClass	ok
LRA.Set.Constructions.NBG.Interface.ModelTheory.SupportsElementhoodClass	LRA.Set.Constructions.NBGSet.Interface.ModelTheory.Theory	instance	false	Exists fun E => LRA.Set.Constructions.NBG.Axioms.IsElementhoodClass E	Exists fun E =>   ∀ (x y : LRA.Set.Constructions.NBG.Axioms.Set),     Iff (LRA.Set.Constructions.instMembershipNBGSetNBGClass.1 E (LRA.Set.Constructions.NBG.OrderedPair x y))       (LRA.Set.Constructions.instMembershipNBGSet.1 y x)	ok
LRA.Set.Constructions.NBG.Interface.ModelTheory.SupportsComplementClass	LRA.Set.Constructions.NBGSet.Interface.ModelTheory.Theory	instance	false	∀ (X : LRA.Set.Constructions.NBG.Interface.ModelTheory.ClassObject),   Exists fun Z => LRA.Set.Constructions.NBG.Axioms.IsComplementClass X Z	∀ (X : LRA.Set.Constructions.NBG.Interface.ModelTheory.ClassObject),   Exists fun Z =>     ∀ (x : LRA.Set.Constructions.NBG.Axioms.Set),       Iff (LRA.Set.Constructions.instMembershipNBGSetNBGClass.1 Z x)         (LRA.Set.Constructions.instMembershipNBGSetNBGClass.1 X x → False)	ok
LRA.Set.Constructions.NBG.Interface.ModelTheory.SupportsSingleSortedPresentation	LRA.Set.Constructions.NBGSet.Interface.ModelTheory.Theory	instance	false	∀ (A x : LRA.Set.Constructions.NBG.Interface.ModelTheory.SetObject),   Iff (LRA.Set.Constructions.instMembershipNBGSetNBGClass.mem (LRA.Set.Constructions.NBG.ClassOfSet A) x)     (LRA.Set.Constructions.instMembershipNBGSet.mem A x)	∀ (A x : LRA.Set.Constructions.NBG.Interface.ModelTheory.SetObject),   Iff (LRA.Set.Constructions.instMembershipNBGSetNBGClass.1 (LRA.Set.Constructions.NBG.ClassOfSet A) x)     (LRA.Set.Constructions.instMembershipNBGSet.1 A x)	ok
LRA.Set.Constructions.NBG.Interface.ModelTheory.SupportsCartesianExtensionClass	LRA.Set.Constructions.NBGSet.Interface.ModelTheory.Theory	instance	false	∀ (X : LRA.Set.Constructions.NBG.Interface.ModelTheory.ClassObject),   Exists fun Z => LRA.Set.Constructions.NBG.Axioms.IsCartesianExtensionClass X Z	∀ (X : LRA.Set.Constructions.NBG.Interface.ModelTheory.ClassObject),   Exists fun Z =>     ∀ (x y : LRA.Set.Constructions.NBG.Axioms.Set),       Iff (LRA.Set.Constructions.instMembershipNBGSetNBGClass.1 Z (LRA.Set.Constructions.NBG.OrderedPair x y))         (LRA.Set.Constructions.instMembershipNBGSetNBGClass.1 X x)	ok
LRA.Set.Constructions.NBG.Interface.ModelTheory.SupportsInfinity	LRA.Set.Constructions.NBGSet.Interface.ModelTheory.Theory	instance	false	Exists fun A => LRA.Set.Constructions.NBG.Axioms.IsInductiveSet A	Exists fun A =>   And     (Exists fun empty =>       And (LRA.Set.Constructions.instMembershipNBGSet.1 A empty)         (∀ (x : LRA.Set.Constructions.NBG.Axioms.Set), LRA.Set.Constructions.instMembershipNBGSet.1 empty x → False))     (∀ (x : LRA.Set.Constructions.NBG.Axioms.Set),       LRA.Set.Constructions.instMembershipNBGSet.1 A x →         Exists fun successor =>           And (LRA.Set.Constructions.instMembershipNBGSet.1 A successor)             (∀ (w : LRA.Set.Constructions.NBG.Axioms.Set),               Iff (LRA.Set.Constructions.instMembershipNBGSet.1 successor w)                 (Or (LRA.Set.Constructions.instMembershipNBGSet.1 x w) (Eq w x))))	ok
LRA.Set.Constructions.NBG.Interface.ModelTheory.SupportsClassRegularity	LRA.Set.Constructions.NBGSet.Interface.ModelTheory.Theory	instance	false	∀ (X : LRA.Set.Constructions.NBG.Interface.ModelTheory.ClassObject),   (Exists fun x => LRA.Set.Constructions.instMembershipNBGSetNBGClass.mem X x) →     Exists fun y =>       And (LRA.Set.Constructions.instMembershipNBGSetNBGClass.mem X y)         (∀ (z : LRA.Set.Constructions.NBG.Interface.ModelTheory.SetObject),           LRA.Set.Constructions.instMembershipNBGSet.mem y z →             Not (LRA.Set.Constructions.instMembershipNBGSetNBGClass.mem X z))	∀ (X : LRA.Set.Constructions.NBG.Interface.ModelTheory.ClassObject),   (Exists fun x => LRA.Set.Constructions.instMembershipNBGSetNBGClass.1 X x) →     Exists fun y =>       And (LRA.Set.Constructions.instMembershipNBGSetNBGClass.1 X y)         (∀ (z : LRA.Set.Constructions.NBG.Interface.ModelTheory.SetObject),           LRA.Set.Constructions.instMembershipNBGSet.1 y z →             LRA.Set.Constructions.instMembershipNBGSetNBGClass.1 X z → False)	ok
LRA.Set.Constructions.NBG.Interface.ModelTheory.nbgSupportsInfinity	LRA.Set.Constructions.NBGSet.Interface.ModelTheory.Theory	theorem	true	LRA.Set.Constructions.NBG.Interface.ModelTheory.SupportsInfinity	LRA.Set.Constructions.NBG.Interface.ModelTheory.SupportsInfinity	ok
LRA.Set.Constructions.NBG.Interface.ModelTheory.nbgSupportsDomainClass	LRA.Set.Constructions.NBGSet.Interface.ModelTheory.Theory	theorem	true	LRA.Set.Constructions.NBG.Interface.ModelTheory.SupportsDomainClass	LRA.Set.Constructions.NBG.Interface.ModelTheory.SupportsDomainClass	ok
LRA.Set.Constructions.NBG.Interface.ModelTheory.SatisfiesNBG	LRA.Set.Constructions.NBGSet.Interface.ModelTheory.Theory	instance	false	And LRA.Set.Constructions.NBG.Interface.ModelTheory.SupportsSingleSortedPresentation   (And LRA.Set.Constructions.NBG.Interface.ModelTheory.SupportsTwoSortedPresentation     LRA.Set.Constructions.NBG.Interface.ModelTheory.SatisfiesFiniteNBGAxiomatization)	And LRA.Set.Constructions.NBG.Interface.ModelTheory.SupportsSingleSortedPresentation   (And LRA.Set.Constructions.NBG.Interface.ModelTheory.SupportsTwoSortedPresentation     LRA.Set.Constructions.NBG.Interface.ModelTheory.SatisfiesFiniteNBGAxiomatization)	ok
LRA.Set.Constructions.NBG.Interface.ModelTheory.SupportsGlobalChoice	LRA.Set.Constructions.NBGSet.Interface.ModelTheory.Theory	instance	false	Exists fun G => LRA.Set.Constructions.NBG.Axioms.IsGlobalChoiceClass G	Exists fun G =>   ∀ (A : LRA.Set.Constructions.NBG.Axioms.Set),     (Exists fun x => LRA.Set.Constructions.instMembershipNBGSet.1 A x) →       Exists fun y =>         And (LRA.Set.Constructions.instMembershipNBGSet.1 A y)           (And (LRA.Set.Constructions.instMembershipNBGSetNBGClass.1 G (LRA.Set.Constructions.NBG.OrderedPair A y))             (∀ (other : LRA.Set.Constructions.NBG.Axioms.Set),               And (LRA.Set.Constructions.instMembershipNBGSet.1 A other)                   (LRA.Set.Constructions.instMembershipNBGSetNBGClass.1 G                     (LRA.Set.Constructions.NBG.OrderedPair A other)) →                 Eq other y))	ok
LRA.Set.Constructions.NBG.Interface.ModelTheory.nbgSatisfiesFiniteNBGAxiomatization	LRA.Set.Constructions.NBGSet.Interface.ModelTheory.Theory	theorem	true	LRA.Set.Constructions.NBG.Interface.ModelTheory.SatisfiesFiniteNBGAxiomatization	LRA.Set.Constructions.NBG.Interface.ModelTheory.SatisfiesFiniteNBGAxiomatization	ok
LRA.Set.Constructions.NBG.Interface.ModelTheory.SupportsClassExtensionality	LRA.Set.Constructions.NBGSet.Interface.ModelTheory.Theory	instance	false	∀ (X Y : LRA.Set.Constructions.NBG.Interface.ModelTheory.ClassObject),   (∀ (x : LRA.Set.Constructions.NBG.Interface.ModelTheory.SetObject),       Iff (LRA.Set.Constructions.instMembershipNBGSetNBGClass.mem X x)         (LRA.Set.Constructions.instMembershipNBGSetNBGClass.mem Y x)) →     Eq X Y	∀ (X Y : LRA.Set.Constructions.NBG.Interface.ModelTheory.ClassObject),   (∀ (x : LRA.Set.Constructions.NBG.Interface.ModelTheory.SetObject),       Iff (LRA.Set.Constructions.instMembershipNBGSetNBGClass.1 X x)         (LRA.Set.Constructions.instMembershipNBGSetNBGClass.1 Y x)) →     Eq X Y	ok
LRA.Set.Constructions.NBG.Interface.ModelTheory.FiniteNBGAxiomHolds	LRA.Set.Constructions.NBGSet.Interface.ModelTheory.Theory	instance	false	∀ (a : LRA.Set.Constructions.NBG.Interface.ModelTheory.FiniteNBGAxiomName),   LRA.Set.Constructions.NBG.Interface.ModelTheory.FiniteNBGAxiomName.rec     ((fun _ => LRA.Set.Constructions.NBG.Interface.ModelTheory.SupportsClassExtensionality) Unit.unit)     ((fun _ => LRA.Set.Constructions.NBG.Interface.ModelTheory.SupportsClassRegularity) Unit.unit)     ((fun _ => LRA.Set.Constructions.NBG.Interface.ModelTheory.SupportsPairing) Unit.unit)     ((fun _ => LRA.Set.Constructions.NBG.Interface.ModelTheory.SupportsUnion) Unit.unit)     ((fun _ => LRA.Set.Constructions.NBG.Interface.ModelTheory.SupportsPowerSet) Unit.unit)     ((fun _ => LRA.Set.Constructions.NBG.Interface.ModelTheory.SupportsInfinity) Unit.unit)     ((fun _ => LRA.Set.Constructions.NBG.Interface.ModelTheory.SupportsUniversalClass) Unit.unit)     ((fun _ => LRA.Set.Constructions.NBG.Interface.ModelTheory.SupportsElementhoodClass) Unit.unit)     ((fun _ => LRA.Set.Constructions.NBG.Interface.ModelTheory.SupportsIntersectionClass) Unit.unit)     ((fun _ => LRA.Set.Constructions.NBG.Interface.ModelTheory.SupportsComplementClass) Unit.unit)     ((fun _ => LRA.Set.Constructions.NBG.Interface.ModelTheory.SupportsDomainClass) Unit.unit)     ((fun _ => LRA.Set.Constructions.NBG.Interface.ModelTheory.SupportsCartesianExtensionClass) Unit.unit)     ((fun _ => LRA.Set.Constructions.NBG.Interface.ModelTheory.SupportsPermutationClass) Unit.unit)     ((fun _ => LRA.Set.Constructions.NBG.Interface.ModelTheory.SupportsTranspositionClass) Unit.unit)     ((fun _ => LRA.Set.Constructions.NBG.Interface.ModelTheory.SupportsReplacement) Unit.unit)     ((fun _ => LRA.Set.Constructions.NBG.Interface.ModelTheory.SupportsGlobalChoice) Unit.unit) a	∀ (a : LRA.Set.Constructions.NBG.Interface.ModelTheory.FiniteNBGAxiomName),   LRA.Set.Constructions.NBG.Interface.ModelTheory.FiniteNBGAxiomName.rec     ((fun _ => LRA.Set.Constructions.NBG.Interface.ModelTheory.SupportsClassExtensionality) Unit.unit)     ((fun _ => LRA.Set.Constructions.NBG.Interface.ModelTheory.SupportsClassRegularity) Unit.unit)     ((fun _ => LRA.Set.Constructions.NBG.Interface.ModelTheory.SupportsPairing) Unit.unit)     ((fun _ => LRA.Set.Constructions.NBG.Interface.ModelTheory.SupportsUnion) Unit.unit)     ((fun _ => LRA.Set.Constructions.NBG.Interface.ModelTheory.SupportsPowerSet) Unit.unit)     ((fun _ => LRA.Set.Constructions.NBG.Interface.ModelTheory.SupportsInfinity) Unit.unit)     ((fun _ => LRA.Set.Constructions.NBG.Interface.ModelTheory.SupportsUniversalClass) Unit.unit)     ((fun _ => LRA.Set.Constructions.NBG.Interface.ModelTheory.SupportsElementhoodClass) Unit.unit)     ((fun _ => LRA.Set.Constructions.NBG.Interface.ModelTheory.SupportsIntersectionClass) Unit.unit)     ((fun _ => LRA.Set.Constructions.NBG.Interface.ModelTheory.SupportsComplementClass) Unit.unit)     ((fun _ => LRA.Set.Constructions.NBG.Interface.ModelTheory.SupportsDomainClass) Unit.unit)     ((fun _ => LRA.Set.Constructions.NBG.Interface.ModelTheory.SupportsCartesianExtensionClass) Unit.unit)     ((fun _ => LRA.Set.Constructions.NBG.Interface.ModelTheory.SupportsPermutationClass) Unit.unit)     ((fun _ => LRA.Set.Constructions.NBG.Interface.ModelTheory.SupportsTranspositionClass) Unit.unit)     ((fun _ => LRA.Set.Constructions.NBG.Interface.ModelTheory.SupportsReplacement) Unit.unit)     ((fun _ => LRA.Set.Constructions.NBG.Interface.ModelTheory.SupportsGlobalChoice) Unit.unit) a	ok
LRA.Set.Constructions.NBG.Interface.ModelTheory.nbgSupportsPowerSet	LRA.Set.Constructions.NBGSet.Interface.ModelTheory.Theory	theorem	true	LRA.Set.Constructions.NBG.Interface.ModelTheory.SupportsPowerSet	LRA.Set.Constructions.NBG.Interface.ModelTheory.SupportsPowerSet	ok
LRA.Set.Constructions.NBG.Interface.ModelTheory.nbgSupportsClassRegularity	LRA.Set.Constructions.NBGSet.Interface.ModelTheory.Theory	theorem	true	LRA.Set.Constructions.NBG.Interface.ModelTheory.SupportsClassRegularity	LRA.Set.Constructions.NBG.Interface.ModelTheory.SupportsClassRegularity	ok
LRA.Set.Constructions.NBG.Interface.ModelTheory.nbgSupportsElementhoodClass	LRA.Set.Constructions.NBGSet.Interface.ModelTheory.Theory	theorem	true	LRA.Set.Constructions.NBG.Interface.ModelTheory.SupportsElementhoodClass	LRA.Set.Constructions.NBG.Interface.ModelTheory.SupportsElementhoodClass	ok
LRA.Set.Constructions.NBG.Interface.ModelTheory.nbgSupportsReplacement	LRA.Set.Constructions.NBGSet.Interface.ModelTheory.Theory	theorem	true	LRA.Set.Constructions.NBG.Interface.ModelTheory.SupportsReplacement	LRA.Set.Constructions.NBG.Interface.ModelTheory.SupportsReplacement	ok
LRA.Set.Constructions.NBG.Interface.ModelTheory.SupportsReplacement	LRA.Set.Constructions.NBGSet.Interface.ModelTheory.Theory	instance	false	∀ (A : LRA.Set.Constructions.NBG.Interface.ModelTheory.SetObject)   (relation :     LRA.Set.Constructions.NBG.Interface.ModelTheory.SetObject →       LRA.Set.Constructions.NBG.Interface.ModelTheory.SetObject → Prop),   LRA.Set.Constructions.NBG.Axioms.IsFunctionalOn A relation →     Exists fun B => LRA.Set.Constructions.NBG.Axioms.IsReplacementImageOf A relation B	∀ (A : LRA.Set.Constructions.NBG.Interface.ModelTheory.SetObject)   (relation :     LRA.Set.Constructions.NBG.Interface.ModelTheory.SetObject →       LRA.Set.Constructions.NBG.Interface.ModelTheory.SetObject → Prop),   (∀ (x : LRA.Set.Constructions.NBG.Axioms.Set),       LRA.Set.Constructions.instMembershipNBGSet.1 A x →         Exists fun y =>           And (relation x y) (∀ (other : LRA.Set.Constructions.NBG.Axioms.Set), relation x other → Eq other y)) →     Exists fun B =>       ∀ (y : LRA.Set.Constructions.NBG.Axioms.Set),         Iff (LRA.Set.Constructions.instMembershipNBGSet.1 B y)           (Exists fun x => And (LRA.Set.Constructions.instMembershipNBGSet.1 A x) (relation x y))	ok
LRA.Set.Constructions.NBG.Interface.ModelTheory.nbgSupportsUniversalClass	LRA.Set.Constructions.NBGSet.Interface.ModelTheory.Theory	theorem	true	LRA.Set.Constructions.NBG.Interface.ModelTheory.SupportsUniversalClass	LRA.Set.Constructions.NBG.Interface.ModelTheory.SupportsUniversalClass	ok
LRA.Set.Constructions.NBG.Interface.ModelTheory.SupportsDomainClass	LRA.Set.Constructions.NBGSet.Interface.ModelTheory.Theory	instance	false	∀ (X : LRA.Set.Constructions.NBG.Interface.ModelTheory.ClassObject),   Exists fun D => LRA.Set.Constructions.NBG.Axioms.IsDomainClass X D	∀ (X : LRA.Set.Constructions.NBG.Interface.ModelTheory.ClassObject),   Exists fun D =>     ∀ (x : LRA.Set.Constructions.NBG.Axioms.Set),       Iff (LRA.Set.Constructions.instMembershipNBGSetNBGClass.1 D x)         (Exists fun y =>           LRA.Set.Constructions.instMembershipNBGSetNBGClass.1 X (LRA.Set.Constructions.NBG.OrderedPair x y))	ok
LRA.Set.Constructions.NBG.Interface.ModelTheory.SupportsUnion	LRA.Set.Constructions.NBGSet.Interface.ModelTheory.Theory	instance	false	∀ (A : LRA.Set.Constructions.NBG.Interface.ModelTheory.SetObject),   Exists fun U => LRA.Set.Constructions.NBG.Axioms.IsUnionOf A U	∀ (A : LRA.Set.Constructions.NBG.Interface.ModelTheory.SetObject),   Exists fun U =>     ∀ (x : LRA.Set.Constructions.NBG.Axioms.Set),       Iff (LRA.Set.Constructions.instMembershipNBGSet.1 U x)         (Exists fun B =>           And (LRA.Set.Constructions.instMembershipNBGSet.1 A B) (LRA.Set.Constructions.instMembershipNBGSet.1 B x))	ok
LRA.Set.Constructions.NBG.Interface.ModelTheory.SupportsPermutationClass	LRA.Set.Constructions.NBGSet.Interface.ModelTheory.Theory	instance	false	∀ (X : LRA.Set.Constructions.NBG.Interface.ModelTheory.ClassObject),   Exists fun Z => LRA.Set.Constructions.NBG.Axioms.IsPermutationClass X Z	∀ (X : LRA.Set.Constructions.NBG.Interface.ModelTheory.ClassObject),   Exists fun Z =>     ∀ (x y z : LRA.Set.Constructions.NBG.Axioms.Set),       Iff         (LRA.Set.Constructions.instMembershipNBGSetNBGClass.1 Z           (LRA.Set.Constructions.NBG.OrderedPair x (LRA.Set.Constructions.NBG.OrderedPair y z)))         (LRA.Set.Constructions.instMembershipNBGSetNBGClass.1 X           (LRA.Set.Constructions.NBG.OrderedPair y (LRA.Set.Constructions.NBG.OrderedPair z x)))	ok
LRA.Set.Constructions.NBG.Interface.ModelTheory.nbgSupportsPairing	LRA.Set.Constructions.NBGSet.Interface.ModelTheory.Theory	theorem	true	LRA.Set.Constructions.NBG.Interface.ModelTheory.SupportsPairing	LRA.Set.Constructions.NBG.Interface.ModelTheory.SupportsPairing	ok
LRA.Set.Constructions.NBG.Interface.ModelTheory.nbgSupportsCartesianExtensionClass	LRA.Set.Constructions.NBGSet.Interface.ModelTheory.Theory	theorem	true	LRA.Set.Constructions.NBG.Interface.ModelTheory.SupportsCartesianExtensionClass	LRA.Set.Constructions.NBG.Interface.ModelTheory.SupportsCartesianExtensionClass	ok
LRA.Set.Constructions.NBG.Interface.UniversalAlgebra.pureRelationalNBGSupportsPureSignatureNonVarietyClassification	LRA.Set.Constructions.NBGSet.Interface.UniversalAlgebra	theorem	true	LRA.Set.Constructions.NBG.Interface.UniversalAlgebra.SupportsPureSignatureNonVarietyClassification	LRA.Set.Constructions.NBG.Interface.UniversalAlgebra.SupportsPureSignatureNonVarietyClassification	ok
LRA.Set.Constructions.NBG.Interface.UniversalAlgebra.nbgUniversalAlgebraClassification	LRA.Set.Constructions.NBGSet.Interface.UniversalAlgebra	theorem	true	LRA.Set.Constructions.NBG.Interface.UniversalAlgebra.UniversalAlgebraClassification	LRA.Set.Constructions.NBG.Interface.UniversalAlgebra.UniversalAlgebraClassification	ok
LRA.Set.Constructions.NBG.Interface.UniversalAlgebra.expandedClassSignatureSupportsFunctionalConservativeExpansion	LRA.Set.Constructions.NBGSet.Interface.UniversalAlgebra	theorem	true	LRA.Set.Constructions.NBG.Interface.UniversalAlgebra.SupportsFunctionalConservativeExpansion	LRA.Set.Constructions.NBG.Interface.UniversalAlgebra.SupportsFunctionalConservativeExpansion	ok
LRA.Set.Constructions.NBG.Interface.UniversalAlgebra.pureRelationalNBGSupportsPureRelationalClassification	LRA.Set.Constructions.NBGSet.Interface.UniversalAlgebra	theorem	true	LRA.Set.Constructions.NBG.Interface.UniversalAlgebra.SupportsPureRelationalClassification	LRA.Set.Constructions.NBG.Interface.UniversalAlgebra.SupportsPureRelationalClassification	ok
LRA.Set.Constructions.NBG.Interface.UniversalAlgebra.UniversalAlgebraClassification	LRA.Set.Constructions.NBGSet.Interface.UniversalAlgebra	instance	false	And LRA.Set.Constructions.NBG.Interface.UniversalAlgebra.SupportsPureRelationalClassification   (And LRA.Set.Constructions.NBG.Interface.UniversalAlgebra.SupportsPositiveRelationArityClassification     (And LRA.Set.Constructions.NBG.Interface.UniversalAlgebra.SupportsPureSignatureNonVarietyClassification       LRA.Set.Constructions.NBG.Interface.UniversalAlgebra.SupportsFunctionalConservativeExpansion))	And LRA.Set.Constructions.NBG.Interface.UniversalAlgebra.SupportsPureRelationalClassification   (And LRA.Set.Constructions.NBG.Interface.UniversalAlgebra.SupportsPositiveRelationArityClassification     (And LRA.Set.Constructions.NBG.Interface.UniversalAlgebra.SupportsPureSignatureNonVarietyClassification       LRA.Set.Constructions.NBG.Interface.UniversalAlgebra.SupportsFunctionalConservativeExpansion))	ok
LRA.Set.Constructions.NBG.Interface.UniversalAlgebra.pureRelationalNBGSupportsPositiveRelationArityClassification	LRA.Set.Constructions.NBGSet.Interface.UniversalAlgebra	theorem	true	LRA.Set.Constructions.NBG.Interface.UniversalAlgebra.SupportsPositiveRelationArityClassification	LRA.Set.Constructions.NBG.Interface.UniversalAlgebra.SupportsPositiveRelationArityClassification	ok
LRA.Set.Constructions.NBG.ambientStructureSupportsClassExtensionality	LRA.Set.Constructions.NBGSet.Satisfy_NBG	theorem	true	LRA.Set.Constructions.NBG.Interface.ModelTheory.SupportsClassExtensionality	LRA.Set.Constructions.NBG.Interface.ModelTheory.SupportsClassExtensionality	ok
LRA.Set.Constructions.NBG.ambientStructureSupportsClassRegularity	LRA.Set.Constructions.NBGSet.Satisfy_NBG	theorem	true	LRA.Set.Constructions.NBG.Interface.ModelTheory.SupportsClassRegularity	LRA.Set.Constructions.NBG.Interface.ModelTheory.SupportsClassRegularity	ok
LRA.Set.Constructions.NBG.ambientStructureSupportsComplementClass	LRA.Set.Constructions.NBGSet.Satisfy_NBG	theorem	true	LRA.Set.Constructions.NBG.Interface.ModelTheory.SupportsComplementClass	LRA.Set.Constructions.NBG.Interface.ModelTheory.SupportsComplementClass	ok
LRA.Set.Constructions.NBG.ambientStructureSupportsPairing	LRA.Set.Constructions.NBGSet.Satisfy_NBG	theorem	true	LRA.Set.Constructions.NBG.Interface.ModelTheory.SupportsPairing	LRA.Set.Constructions.NBG.Interface.ModelTheory.SupportsPairing	ok
LRA.Set.Constructions.NBG.ambientStructureSupportsPowerSet	LRA.Set.Constructions.NBGSet.Satisfy_NBG	theorem	true	LRA.Set.Constructions.NBG.Interface.ModelTheory.SupportsPowerSet	LRA.Set.Constructions.NBG.Interface.ModelTheory.SupportsPowerSet	ok
LRA.Set.Constructions.NBG.ambientStructureSatisfiesFiniteNBGAxiomatization	LRA.Set.Constructions.NBGSet.Satisfy_NBG	theorem	true	LRA.Set.Constructions.NBG.Interface.ModelTheory.SatisfiesFiniteNBGAxiomatization	LRA.Set.Constructions.NBG.Interface.ModelTheory.SatisfiesFiniteNBGAxiomatization	ok
LRA.Set.Constructions.NBG.ambientStructureSupportsElementhoodClass	LRA.Set.Constructions.NBGSet.Satisfy_NBG	theorem	true	LRA.Set.Constructions.NBG.Interface.ModelTheory.SupportsElementhoodClass	LRA.Set.Constructions.NBG.Interface.ModelTheory.SupportsElementhoodClass	ok
LRA.Set.Constructions.NBG.ambientStructureSupportsDomainClass	LRA.Set.Constructions.NBGSet.Satisfy_NBG	theorem	true	LRA.Set.Constructions.NBG.Interface.ModelTheory.SupportsDomainClass	LRA.Set.Constructions.NBG.Interface.ModelTheory.SupportsDomainClass	ok
LRA.Set.Constructions.NBG.ambientStructureSupportsPermutationClass	LRA.Set.Constructions.NBGSet.Satisfy_NBG	theorem	true	LRA.Set.Constructions.NBG.Interface.ModelTheory.SupportsPermutationClass	LRA.Set.Constructions.NBG.Interface.ModelTheory.SupportsPermutationClass	ok
LRA.Set.Constructions.NBG.ambientStructureSupportsIntersectionClass	LRA.Set.Constructions.NBGSet.Satisfy_NBG	theorem	true	LRA.Set.Constructions.NBG.Interface.ModelTheory.SupportsIntersectionClass	LRA.Set.Constructions.NBG.Interface.ModelTheory.SupportsIntersectionClass	ok
LRA.Set.Constructions.NBG.ambientStructureSupportsGlobalChoice	LRA.Set.Constructions.NBGSet.Satisfy_NBG	theorem	true	LRA.Set.Constructions.NBG.Interface.ModelTheory.SupportsGlobalChoice	LRA.Set.Constructions.NBG.Interface.ModelTheory.SupportsGlobalChoice	ok
LRA.Set.Constructions.NBG.ambientStructureSupportsSingleSortedPresentation	LRA.Set.Constructions.NBGSet.Satisfy_NBG	theorem	true	LRA.Set.Constructions.NBG.Interface.ModelTheory.SupportsSingleSortedPresentation	LRA.Set.Constructions.NBG.Interface.ModelTheory.SupportsSingleSortedPresentation	ok
LRA.Set.Constructions.NBG.ambientStructureSupportsUnion	LRA.Set.Constructions.NBGSet.Satisfy_NBG	theorem	true	LRA.Set.Constructions.NBG.Interface.ModelTheory.SupportsUnion	LRA.Set.Constructions.NBG.Interface.ModelTheory.SupportsUnion	ok
LRA.Set.Constructions.NBG.ambientFiniteNBGAxiomHolds	LRA.Set.Constructions.NBGSet.Satisfy_NBG	theorem	true	∀ (axiomName : LRA.Set.Constructions.NBG.Interface.ModelTheory.FiniteNBGAxiomName),   LRA.Set.Constructions.NBG.Interface.ModelTheory.FiniteNBGAxiomHolds axiomName	∀ (axiomName : LRA.Set.Constructions.NBG.Interface.ModelTheory.FiniteNBGAxiomName),   LRA.Set.Constructions.NBG.Interface.ModelTheory.FiniteNBGAxiomName.rec     ((fun _ => LRA.Set.Constructions.NBG.Interface.ModelTheory.SupportsClassExtensionality) Unit.unit)     ((fun _ => LRA.Set.Constructions.NBG.Interface.ModelTheory.SupportsClassRegularity) Unit.unit)     ((fun _ => LRA.Set.Constructions.NBG.Interface.ModelTheory.SupportsPairing) Unit.unit)     ((fun _ => LRA.Set.Constructions.NBG.Interface.ModelTheory.SupportsUnion) Unit.unit)     ((fun _ => LRA.Set.Constructions.NBG.Interface.ModelTheory.SupportsPowerSet) Unit.unit)     ((fun _ => LRA.Set.Constructions.NBG.Interface.ModelTheory.SupportsInfinity) Unit.unit)     ((fun _ => LRA.Set.Constructions.NBG.Interface.ModelTheory.SupportsUniversalClass) Unit.unit)     ((fun _ => LRA.Set.Constructions.NBG.Interface.ModelTheory.SupportsElementhoodClass) Unit.unit)     ((fun _ => LRA.Set.Constructions.NBG.Interface.ModelTheory.SupportsIntersectionClass) Unit.unit)     ((fun _ => LRA.Set.Constructions.NBG.Interface.ModelTheory.SupportsComplementClass) Unit.unit)     ((fun _ => LRA.Set.Constructions.NBG.Interface.ModelTheory.SupportsDomainClass) Unit.unit)     ((fun _ => LRA.Set.Constructions.NBG.Interface.ModelTheory.SupportsCartesianExtensionClass) Unit.unit)     ((fun _ => LRA.Set.Constructions.NBG.Interface.ModelTheory.SupportsPermutationClass) Unit.unit)     ((fun _ => LRA.Set.Constructions.NBG.Interface.ModelTheory.SupportsTranspositionClass) Unit.unit)     ((fun _ => LRA.Set.Constructions.NBG.Interface.ModelTheory.SupportsReplacement) Unit.unit)     ((fun _ => LRA.Set.Constructions.NBG.Interface.ModelTheory.SupportsGlobalChoice) Unit.unit) axiomName	ok
LRA.Set.Constructions.NBG.ambientStructureSupportsUniversalClass	LRA.Set.Constructions.NBGSet.Satisfy_NBG	theorem	true	LRA.Set.Constructions.NBG.Interface.ModelTheory.SupportsUniversalClass	LRA.Set.Constructions.NBG.Interface.ModelTheory.SupportsUniversalClass	ok
LRA.Set.Constructions.NBG.ambientStructureSupportsCartesianExtensionClass	LRA.Set.Constructions.NBGSet.Satisfy_NBG	theorem	true	LRA.Set.Constructions.NBG.Interface.ModelTheory.SupportsCartesianExtensionClass	LRA.Set.Constructions.NBG.Interface.ModelTheory.SupportsCartesianExtensionClass	ok
LRA.Set.Constructions.NBG.ambientStructureSupportsReplacement	LRA.Set.Constructions.NBGSet.Satisfy_NBG	theorem	true	LRA.Set.Constructions.NBG.Interface.ModelTheory.SupportsReplacement	LRA.Set.Constructions.NBG.Interface.ModelTheory.SupportsReplacement	ok
LRA.Set.Constructions.NBG.ambientStructureSupportsTwoSortedPresentation	LRA.Set.Constructions.NBGSet.Satisfy_NBG	theorem	true	LRA.Set.Constructions.NBG.Interface.ModelTheory.SupportsTwoSortedPresentation	LRA.Set.Constructions.NBG.Interface.ModelTheory.SupportsTwoSortedPresentation	ok
LRA.Set.Constructions.NBG.ambientStructureSatisfiesNBG	LRA.Set.Constructions.NBGSet.Satisfy_NBG	theorem	true	LRA.Set.Constructions.NBG.Interface.ModelTheory.SatisfiesNBG	LRA.Set.Constructions.NBG.Interface.ModelTheory.SatisfiesNBG	ok
LRA.Set.Constructions.NBG.ambientStructureIsStandardModelPair	LRA.Set.Constructions.NBGSet.Satisfy_NBG	theorem	true	LRA.Set.Constructions.NBG.Interface.ModelTheory.IsStandardModelPair   LRA.Set.Constructions.NBG.AmbientTwoSortedClassStructure	∀ (A x : LRA.Set.Constructions.NBG.AmbientTwoSortedClassStructure.1),   Iff     (LRA.Set.Constructions.NBG.AmbientTwoSortedClassStructure.6 x       (LRA.Set.Constructions.NBG.AmbientTwoSortedClassStructure.4 A))     (LRA.Set.Constructions.NBG.AmbientTwoSortedClassStructure.5 x A)	ok
LRA.Set.Constructions.NBG.ambientStructureSupportsInfinity	LRA.Set.Constructions.NBGSet.Satisfy_NBG	theorem	true	LRA.Set.Constructions.NBG.Interface.ModelTheory.SupportsInfinity	LRA.Set.Constructions.NBG.Interface.ModelTheory.SupportsInfinity	ok
LRA.Set.Constructions.NBG.ambientStructureSupportsTranspositionClass	LRA.Set.Constructions.NBGSet.Satisfy_NBG	theorem	true	LRA.Set.Constructions.NBG.Interface.ModelTheory.SupportsTranspositionClass	LRA.Set.Constructions.NBG.Interface.ModelTheory.SupportsTranspositionClass	ok
LRA.Set.Constructions.TGSet	LRA.Set.Constructions.TGSet.Primitives	axiom	false	Type	Type	ok
LRA.Set.Constructions.TGMembership	LRA.Set.Constructions.TGSet.Primitives	axiom	false	LRA.Set.Constructions.TGSet → LRA.Set.Constructions.TGSet → Prop	LRA.Set.Constructions.TGSet → LRA.Set.Constructions.TGSet → Prop	error:unavailable
LRA.Set.Constructions.TGSet.Extensionality	LRA.Set.Constructions.TGSet.Axioms.Extensionality	axiom	false	∀ (A B : LRA.Set.Constructions.TGSet),   (∀ (x : LRA.Set.Constructions.TGSet),       Iff (LRA.Set.Constructions.instMembershipTGSet.mem A x) (LRA.Set.Constructions.instMembershipTGSet.mem B x)) →     Eq A B	∀ (A B : LRA.Set.Constructions.TGSet),   (∀ (x : LRA.Set.Constructions.TGSet),       Iff (LRA.Set.Constructions.instMembershipTGSet.1 A x) (LRA.Set.Constructions.instMembershipTGSet.1 B x)) →     Eq A B	ok
LRA.Set.Constructions.TGSet.EmptySet	LRA.Set.Constructions.TGSet.Axioms.EmptySet	axiom	false	Exists fun A => ∀ (x : LRA.Set.Constructions.TGSet), Not (LRA.Set.Constructions.instMembershipTGSet.mem A x)	Exists fun A => ∀ (x : LRA.Set.Constructions.TGSet), LRA.Set.Constructions.instMembershipTGSet.1 A x → False	ok
LRA.Set.Constructions.TGSet.Pairing	LRA.Set.Constructions.TGSet.Axioms.Pairing	axiom	false	∀ (A B : LRA.Set.Constructions.TGSet),   Exists fun C =>     ∀ (x : LRA.Set.Constructions.TGSet), Iff (LRA.Set.Constructions.instMembershipTGSet.mem C x) (Or (Eq x A) (Eq x B))	∀ (A B : LRA.Set.Constructions.TGSet),   Exists fun C =>     ∀ (x : LRA.Set.Constructions.TGSet), Iff (LRA.Set.Constructions.instMembershipTGSet.1 C x) (Or (Eq x A) (Eq x B))	ok
LRA.Set.Constructions.TGSet.Union	LRA.Set.Constructions.TGSet.Axioms.Union	axiom	false	∀ (A : LRA.Set.Constructions.TGSet),   Exists fun U =>     ∀ (x : LRA.Set.Constructions.TGSet),       Iff (LRA.Set.Constructions.instMembershipTGSet.mem U x)         (Exists fun B =>           And (LRA.Set.Constructions.instMembershipTGSet.mem A B) (LRA.Set.Constructions.instMembershipTGSet.mem B x))	∀ (A : LRA.Set.Constructions.TGSet),   Exists fun U =>     ∀ (x : LRA.Set.Constructions.TGSet),       Iff (LRA.Set.Constructions.instMembershipTGSet.1 U x)         (Exists fun B =>           And (LRA.Set.Constructions.instMembershipTGSet.1 A B) (LRA.Set.Constructions.instMembershipTGSet.1 B x))	ok
LRA.Set.Constructions.TGSet.PowerSet	LRA.Set.Constructions.TGSet.Axioms.PowerSet	axiom	false	∀ (A : LRA.Set.Constructions.TGSet),   Exists fun P =>     ∀ (x : LRA.Set.Constructions.TGSet),       Iff (LRA.Set.Constructions.instMembershipTGSet.mem P x)         (∀ (y : LRA.Set.Constructions.TGSet),           LRA.Set.Constructions.instMembershipTGSet.mem x y → LRA.Set.Constructions.instMembershipTGSet.mem A y)	∀ (A : LRA.Set.Constructions.TGSet),   Exists fun P =>     ∀ (x : LRA.Set.Constructions.TGSet),       Iff (LRA.Set.Constructions.instMembershipTGSet.1 P x)         (∀ (y : LRA.Set.Constructions.TGSet),           LRA.Set.Constructions.instMembershipTGSet.1 x y → LRA.Set.Constructions.instMembershipTGSet.1 A y)	ok
LRA.Set.Constructions.TGSet.Infinity	LRA.Set.Constructions.TGSet.Axioms.Infinity	axiom	false	Exists fun A =>   And     (Exists fun empty =>       And (LRA.Set.Constructions.instMembershipTGSet.mem A empty)         (∀ (w : LRA.Set.Constructions.TGSet), Not (LRA.Set.Constructions.instMembershipTGSet.mem empty w)))     (∀ (x : LRA.Set.Constructions.TGSet),       LRA.Set.Constructions.instMembershipTGSet.mem A x →         Exists fun successor =>           And (LRA.Set.Constructions.instMembershipTGSet.mem A successor)             (∀ (w : LRA.Set.Constructions.TGSet),               Iff (LRA.Set.Constructions.instMembershipTGSet.mem successor w)                 (Or (LRA.Set.Constructions.instMembershipTGSet.mem x w) (Eq w x))))	Exists fun A =>   And     (Exists fun empty =>       And (LRA.Set.Constructions.instMembershipTGSet.1 A empty)         (∀ (w : LRA.Set.Constructions.TGSet), LRA.Set.Constructions.instMembershipTGSet.1 empty w → False))     (∀ (x : LRA.Set.Constructions.TGSet),       LRA.Set.Constructions.instMembershipTGSet.1 A x →         Exists fun successor =>           And (LRA.Set.Constructions.instMembershipTGSet.1 A successor)             (∀ (w : LRA.Set.Constructions.TGSet),               Iff (LRA.Set.Constructions.instMembershipTGSet.1 successor w)                 (Or (LRA.Set.Constructions.instMembershipTGSet.1 x w) (Eq w x))))	ok
LRA.Set.Constructions.TGSet.Separation	LRA.Set.Constructions.TGSet.Axioms.Separation	axiom	false	∀ (property : LRA.Set.Constructions.TGSet → Prop) (A : LRA.Set.Constructions.TGSet),   Exists fun B =>     ∀ (x : LRA.Set.Constructions.TGSet),       Iff (LRA.Set.Constructions.instMembershipTGSet.mem B x)         (And (LRA.Set.Constructions.instMembershipTGSet.mem A x) (property x))	∀ (property : LRA.Set.Constructions.TGSet → Prop) (A : LRA.Set.Constructions.TGSet),   Exists fun B =>     ∀ (x : LRA.Set.Constructions.TGSet),       Iff (LRA.Set.Constructions.instMembershipTGSet.1 B x)         (And (LRA.Set.Constructions.instMembershipTGSet.1 A x) (property x))	ok
LRA.Set.Constructions.TGSet.Replacement	LRA.Set.Constructions.TGSet.Axioms.Replacement	axiom	false	∀ (relation : LRA.Set.Constructions.TGSet → LRA.Set.Constructions.TGSet → Prop) (A : LRA.Set.Constructions.TGSet),   (∀ (x : LRA.Set.Constructions.TGSet),       LRA.Set.Constructions.instMembershipTGSet.mem A x →         Exists fun y => And (relation x y) (∀ (other : LRA.Set.Constructions.TGSet), relation x other → Eq other y)) →     Exists fun B =>       ∀ (y : LRA.Set.Constructions.TGSet),         Iff (LRA.Set.Constructions.instMembershipTGSet.mem B y)           (Exists fun x => And (LRA.Set.Constructions.instMembershipTGSet.mem A x) (relation x y))	∀ (relation : LRA.Set.Constructions.TGSet → LRA.Set.Constructions.TGSet → Prop) (A : LRA.Set.Constructions.TGSet),   (∀ (x : LRA.Set.Constructions.TGSet),       LRA.Set.Constructions.instMembershipTGSet.1 A x →         Exists fun y => And (relation x y) (∀ (other : LRA.Set.Constructions.TGSet), relation x other → Eq other y)) →     Exists fun B =>       ∀ (y : LRA.Set.Constructions.TGSet),         Iff (LRA.Set.Constructions.instMembershipTGSet.1 B y)           (Exists fun x => And (LRA.Set.Constructions.instMembershipTGSet.1 A x) (relation x y))	ok
LRA.Set.Constructions.TGSet.Foundation	LRA.Set.Constructions.TGSet.Axioms.Foundation	axiom	false	∀ (A : LRA.Set.Constructions.TGSet),   (Exists fun w => LRA.Set.Constructions.instMembershipTGSet.mem A w) →     Exists fun x =>       And (LRA.Set.Constructions.instMembershipTGSet.mem A x)         (∀ (y : LRA.Set.Constructions.TGSet),           LRA.Set.Constructions.instMembershipTGSet.mem x y → Not (LRA.Set.Constructions.instMembershipTGSet.mem A y))	∀ (A : LRA.Set.Constructions.TGSet),   (Exists fun w => LRA.Set.Constructions.instMembershipTGSet.1 A w) →     Exists fun x =>       And (LRA.Set.Constructions.instMembershipTGSet.1 A x)         (∀ (y : LRA.Set.Constructions.TGSet),           LRA.Set.Constructions.instMembershipTGSet.1 x y → LRA.Set.Constructions.instMembershipTGSet.1 A y → False)	ok
LRA.Set.Constructions.TGSet.Choice	LRA.Set.Constructions.TGSet.Axioms.Choice	axiom	false	∀ (A : LRA.Set.Constructions.TGSet),   And       (∀ (B : LRA.Set.Constructions.TGSet),         LRA.Set.Constructions.instMembershipTGSet.mem A B →           Exists fun x => LRA.Set.Constructions.instMembershipTGSet.mem B x)       (∀ (B C : LRA.Set.Constructions.TGSet),         LRA.Set.Constructions.instMembershipTGSet.mem A B →           LRA.Set.Constructions.instMembershipTGSet.mem A C →             Ne B C →               ∀ (x : LRA.Set.Constructions.TGSet),                 LRA.Set.Constructions.instMembershipTGSet.mem B x →                   Not (LRA.Set.Constructions.instMembershipTGSet.mem C x)) →     Exists fun choiceSet =>       ∀ (B : LRA.Set.Constructions.TGSet),         LRA.Set.Constructions.instMembershipTGSet.mem A B →           Exists fun x =>             And               (And (LRA.Set.Constructions.instMembershipTGSet.mem B x)                 (LRA.Set.Constructions.instMembershipTGSet.mem choiceSet x))               (∀ (other : LRA.Set.Constructions.TGSet),                 And (LRA.Set.Constructions.instMembershipTGSet.mem B other)                     (LRA.Set.Constructions.instMembershipTGSet.mem choiceSet other) →                   Eq other x)	∀ (A : LRA.Set.Constructions.TGSet),   And       (∀ (B : LRA.Set.Constructions.TGSet),         LRA.Set.Constructions.instMembershipTGSet.1 A B →           Exists fun x => LRA.Set.Constructions.instMembershipTGSet.1 B x)       (∀ (B C : LRA.Set.Constructions.TGSet),         LRA.Set.Constructions.instMembershipTGSet.1 A B →           LRA.Set.Constructions.instMembershipTGSet.1 A C →             (Eq B C → False) →               ∀ (x : LRA.Set.Constructions.TGSet),                 LRA.Set.Constructions.instMembershipTGSet.1 B x →                   LRA.Set.Constructions.instMembershipTGSet.1 C x → False) →     Exists fun choiceSet =>       ∀ (B : LRA.Set.Constructions.TGSet),         LRA.Set.Constructions.instMembershipTGSet.1 A B →           Exists fun x =>             And               (And (LRA.Set.Constructions.instMembershipTGSet.1 B x)                 (LRA.Set.Constructions.instMembershipTGSet.1 choiceSet x))               (∀ (other : LRA.Set.Constructions.TGSet),                 And (LRA.Set.Constructions.instMembershipTGSet.1 B other)                     (LRA.Set.Constructions.instMembershipTGSet.1 choiceSet other) →                   Eq other x)	ok
LRA.Set.Constructions.TGSet.GrothendieckUniverse	LRA.Set.Constructions.TGSet.Axioms.GrothendieckUniverse	axiom	false	∀ (A : LRA.Set.Constructions.TGSet),   Exists fun U =>     And (LRA.Set.Constructions.instMembershipTGSet.mem U A)       (And         (∀ (x : LRA.Set.Constructions.TGSet),           LRA.Set.Constructions.instMembershipTGSet.mem U x →             ∀ (y : LRA.Set.Constructions.TGSet),               LRA.Set.Constructions.instMembershipTGSet.mem x y → LRA.Set.Constructions.instMembershipTGSet.mem U y)         (And           (∀ (x : LRA.Set.Constructions.TGSet),             LRA.Set.Constructions.instMembershipTGSet.mem U x →               Exists fun P =>                 And (LRA.Set.Constructions.instMembershipTGSet.mem U P)                   (∀ (y : LRA.Set.Constructions.TGSet),                     Iff (LRA.Set.Constructions.instMembershipTGSet.mem P y)                       (∀ (z : LRA.Set.Constructions.TGSet),                         LRA.Set.Constructions.instMembershipTGSet.mem y z →                           LRA.Set.Constructions.instMembershipTGSet.mem x z)))           (And             (∀ (I : LRA.Set.Constructions.TGSet),               LRA.Set.Constructions.instMembershipTGSet.mem U I →                 ∀ (family : LRA.Set.Constructions.TGSet → LRA.Set.Constructions.TGSet),                   (∀ (i : LRA.Set.Constructions.TGSet),                       LRA.Set.Constructions.instMembershipTGSet.mem I i →                         LRA.Set.Constructions.instMembershipTGSet.mem U (family i)) →                     Exists fun image =>                       And (LRA.Set.Constructions.instMembershipTGSet.mem U image)                         (∀ (y : LRA.Set.Constructions.TGSet),                           Iff (LRA.Set.Constructions.instMembershipTGSet.mem image y)                             (Exists fun i =>                               And (LRA.Set.Constructions.instMembershipTGSet.mem I i) (Eq y (family i)))))             (∀ (I : LRA.Set.Constructions.TGSet),               LRA.Set.Constructions.instMembershipTGSet.mem U I →                 ∀ (family : LRA.Set.Constructions.TGSet → LRA.Set.Constructions.TGSet),                   (∀ (i : LRA.Set.Constructions.TGSet),                       LRA.Set.Constructions.instMembershipTGSet.mem I i →                         LRA.Set.Constructions.instMembershipTGSet.mem U (family i)) →                     Exists fun union =>                       And (LRA.Set.Constructions.instMembershipTGSet.mem U union)                         (∀ (x : LRA.Set.Constructions.TGSet),                           Iff (LRA.Set.Constructions.instMembershipTGSet.mem union x)                             (Exists fun i =>                               And (LRA.Set.Constructions.instMembershipTGSet.mem I i)                                 (LRA.Set.Constructions.instMembershipTGSet.mem (family i) x)))))))	∀ (A : LRA.Set.Constructions.TGSet),   Exists fun U =>     And (LRA.Set.Constructions.instMembershipTGSet.1 U A)       (And         (∀ (x : LRA.Set.Constructions.TGSet),           LRA.Set.Constructions.instMembershipTGSet.1 U x →             ∀ (y : LRA.Set.Constructions.TGSet),               LRA.Set.Constructions.instMembershipTGSet.1 x y → LRA.Set.Constructions.instMembershipTGSet.1 U y)         (And           (∀ (x : LRA.Set.Constructions.TGSet),             LRA.Set.Constructions.instMembershipTGSet.1 U x →               Exists fun P =>                 And (LRA.Set.Constructions.instMembershipTGSet.1 U P)                   (∀ (y : LRA.Set.Constructions.TGSet),                     Iff (LRA.Set.Constructions.instMembershipTGSet.1 P y)                       (∀ (z : LRA.Set.Constructions.TGSet),                         LRA.Set.Constructions.instMembershipTGSet.1 y z →                           LRA.Set.Constructions.instMembershipTGSet.1 x z)))           (And             (∀ (I : LRA.Set.Constructions.TGSet),               LRA.Set.Constructions.instMembershipTGSet.1 U I →                 ∀ (family : LRA.Set.Constructions.TGSet → LRA.Set.Constructions.TGSet),                   (∀ (i : LRA.Set.Constructions.TGSet),                       LRA.Set.Constructions.instMembershipTGSet.1 I i →                         LRA.Set.Constructions.instMembershipTGSet.1 U (family i)) →                     Exists fun image =>                       And (LRA.Set.Constructions.instMembershipTGSet.1 U image)                         (∀ (y : LRA.Set.Constructions.TGSet),                           Iff (LRA.Set.Constructions.instMembershipTGSet.1 image y)                             (Exists fun i => And (LRA.Set.Constructions.instMembershipTGSet.1 I i) (Eq y (family i)))))             (∀ (I : LRA.Set.Constructions.TGSet),               LRA.Set.Constructions.instMembershipTGSet.1 U I →                 ∀ (family : LRA.Set.Constructions.TGSet → LRA.Set.Constructions.TGSet),                   (∀ (i : LRA.Set.Constructions.TGSet),                       LRA.Set.Constructions.instMembershipTGSet.1 I i →                         LRA.Set.Constructions.instMembershipTGSet.1 U (family i)) →                     Exists fun union =>                       And (LRA.Set.Constructions.instMembershipTGSet.1 U union)                         (∀ (x : LRA.Set.Constructions.TGSet),                           Iff (LRA.Set.Constructions.instMembershipTGSet.1 union x)                             (Exists fun i =>                               And (LRA.Set.Constructions.instMembershipTGSet.1 I i)                                 (LRA.Set.Constructions.instMembershipTGSet.1 (family i) x)))))))	ok
LRA.Set.Constructions.TGSet.IsGrothendieckUniverseFor	LRA.Set.Constructions.TGSet.Definitions	instance	false	∀ (A U : LRA.Set.Constructions.TGSet.Set),   And (LRA.Set.Constructions.instMembershipTGSet.mem U A)     (And       (∀ (x : LRA.Set.Constructions.TGSet.Set),         LRA.Set.Constructions.instMembershipTGSet.mem U x →           ∀ (y : LRA.Set.Constructions.TGSet.Set),             LRA.Set.Constructions.instMembershipTGSet.mem x y → LRA.Set.Constructions.instMembershipTGSet.mem U y)       (And         (∀ (x : LRA.Set.Constructions.TGSet.Set),           LRA.Set.Constructions.instMembershipTGSet.mem U x →             Exists fun P =>               And (LRA.Set.Constructions.instMembershipTGSet.mem U P) (LRA.Set.Constructions.TGSet.IsPowerSetOf x P))         (And           (∀ (I : LRA.Set.Constructions.TGSet.Set),             LRA.Set.Constructions.instMembershipTGSet.mem U I →               ∀ (family : LRA.Set.Constructions.TGSet.Set → LRA.Set.Constructions.TGSet.Set),                 (∀ (i : LRA.Set.Constructions.TGSet.Set),                     LRA.Set.Constructions.instMembershipTGSet.mem I i →                       LRA.Set.Constructions.instMembershipTGSet.mem U (family i)) →                   Exists fun image =>                     And (LRA.Set.Constructions.instMembershipTGSet.mem U image)                       (∀ (y : LRA.Set.Constructions.TGSet.Set),                         Iff (LRA.Set.Constructions.instMembershipTGSet.mem image y)                           (Exists fun i => And (LRA.Set.Constructions.instMembershipTGSet.mem I i) (Eq y (family i)))))           (∀ (I : LRA.Set.Constructions.TGSet.Set),             LRA.Set.Constructions.instMembershipTGSet.mem U I →               ∀ (family : LRA.Set.Constructions.TGSet.Set → LRA.Set.Constructions.TGSet.Set),                 (∀ (i : LRA.Set.Constructions.TGSet.Set),                     LRA.Set.Constructions.instMembershipTGSet.mem I i →                       LRA.Set.Constructions.instMembershipTGSet.mem U (family i)) →                   Exists fun union =>                     And (LRA.Set.Constructions.instMembershipTGSet.mem U union)                       (∀ (x : LRA.Set.Constructions.TGSet.Set),                         Iff (LRA.Set.Constructions.instMembershipTGSet.mem union x)                           (Exists fun i =>                             And (LRA.Set.Constructions.instMembershipTGSet.mem I i)                               (LRA.Set.Constructions.instMembershipTGSet.mem (family i) x)))))))	∀ (A U : LRA.Set.Constructions.TGSet.Set),   And (LRA.Set.Constructions.instMembershipTGSet.1 U A)     (And       (∀ (x : LRA.Set.Constructions.TGSet.Set),         LRA.Set.Constructions.instMembershipTGSet.1 U x →           ∀ (y : LRA.Set.Constructions.TGSet.Set),             LRA.Set.Constructions.instMembershipTGSet.1 x y → LRA.Set.Constructions.instMembershipTGSet.1 U y)       (And         (∀ (x : LRA.Set.Constructions.TGSet.Set),           LRA.Set.Constructions.instMembershipTGSet.1 U x →             Exists fun P =>               And (LRA.Set.Constructions.instMembershipTGSet.1 U P)                 (∀ (x_1 : LRA.Set.Constructions.TGSet.Set),                   Iff (LRA.Set.Constructions.instMembershipTGSet.1 P x_1)                     (∀ (y : LRA.Set.Constructions.TGSet.Set),                       LRA.Set.Constructions.instMembershipTGSet.1 x_1 y →                         LRA.Set.Constructions.instMembershipTGSet.1 x y)))         (And           (∀ (I : LRA.Set.Constructions.TGSet.Set),             LRA.Set.Constructions.instMembershipTGSet.1 U I →               ∀ (family : LRA.Set.Constructions.TGSet.Set → LRA.Set.Constructions.TGSet.Set),                 (∀ (i : LRA.Set.Constructions.TGSet.Set),                     LRA.Set.Constructions.instMembershipTGSet.1 I i →                       LRA.Set.Constructions.instMembershipTGSet.1 U (family i)) →                   Exists fun image =>                     And (LRA.Set.Constructions.instMembershipTGSet.1 U image)                       (∀ (y : LRA.Set.Constructions.TGSet.Set),                         Iff (LRA.Set.Constructions.instMembershipTGSet.1 image y)                           (Exists fun i => And (LRA.Set.Constructions.instMembershipTGSet.1 I i) (Eq y (family i)))))           (∀ (I : LRA.Set.Constructions.TGSet.Set),             LRA.Set.Constructions.instMembershipTGSet.1 U I →               ∀ (family : LRA.Set.Constructions.TGSet.Set → LRA.Set.Constructions.TGSet.Set),                 (∀ (i : LRA.Set.Constructions.TGSet.Set),                     LRA.Set.Constructions.instMembershipTGSet.1 I i →                       LRA.Set.Constructions.instMembershipTGSet.1 U (family i)) →                   Exists fun union =>                     And (LRA.Set.Constructions.instMembershipTGSet.1 U union)                       (∀ (x : LRA.Set.Constructions.TGSet.Set),                         Iff (LRA.Set.Constructions.instMembershipTGSet.1 union x)                           (Exists fun i =>                             And (LRA.Set.Constructions.instMembershipTGSet.1 I i)                               (LRA.Set.Constructions.instMembershipTGSet.1 (family i) x)))))))	ok
LRA.Set.Constructions.TGSet.IsChoiceSetFor	LRA.Set.Constructions.TGSet.Definitions	instance	false	∀ (A choiceSet B : LRA.Set.Constructions.TGSet.Set),   LRA.Set.Constructions.instMembershipTGSet.mem A B →     Exists fun x =>       And         (And (LRA.Set.Constructions.instMembershipTGSet.mem B x)           (LRA.Set.Constructions.instMembershipTGSet.mem choiceSet x))         (∀ (other : LRA.Set.Constructions.TGSet.Set),           And (LRA.Set.Constructions.instMembershipTGSet.mem B other)               (LRA.Set.Constructions.instMembershipTGSet.mem choiceSet other) →             Eq other x)	∀ (A choiceSet B : LRA.Set.Constructions.TGSet.Set),   LRA.Set.Constructions.instMembershipTGSet.1 A B →     Exists fun x =>       And         (And (LRA.Set.Constructions.instMembershipTGSet.1 B x)           (LRA.Set.Constructions.instMembershipTGSet.1 choiceSet x))         (∀ (other : LRA.Set.Constructions.TGSet.Set),           And (LRA.Set.Constructions.instMembershipTGSet.1 B other)               (LRA.Set.Constructions.instMembershipTGSet.1 choiceSet other) →             Eq other x)	ok
LRA.Set.Constructions.TGSet.IsUnionOf	LRA.Set.Constructions.TGSet.Definitions	instance	false	∀ (A U x : LRA.Set.Constructions.TGSet.Set),   Iff (LRA.Set.Constructions.instMembershipTGSet.mem U x)     (Exists fun B =>       And (LRA.Set.Constructions.instMembershipTGSet.mem A B) (LRA.Set.Constructions.instMembershipTGSet.mem B x))	∀ (A U x : LRA.Set.Constructions.TGSet.Set),   Iff (LRA.Set.Constructions.instMembershipTGSet.1 U x)     (Exists fun B =>       And (LRA.Set.Constructions.instMembershipTGSet.1 A B) (LRA.Set.Constructions.instMembershipTGSet.1 B x))	ok
LRA.Set.Constructions.TGSet.IsPairSet	LRA.Set.Constructions.TGSet.Definitions	instance	false	∀ (x1 x2 P w : LRA.Set.Constructions.TGSet.Set),   Iff (LRA.Set.Constructions.instMembershipTGSet.mem P w) (Or (Eq w x1) (Eq w x2))	∀ (x1 x2 P w : LRA.Set.Constructions.TGSet.Set),   Iff (LRA.Set.Constructions.instMembershipTGSet.1 P w) (Or (Eq w x1) (Eq w x2))	ok
LRA.Set.Constructions.TGSet.IsRelativeComplementOf	LRA.Set.Constructions.TGSet.Definitions	instance	false	∀ (A B D x : LRA.Set.Constructions.TGSet.Set),   Iff (LRA.Set.Constructions.instMembershipTGSet.mem D x)     (And (LRA.Set.Constructions.instMembershipTGSet.mem A x) (Not (LRA.Set.Constructions.instMembershipTGSet.mem B x)))	∀ (A B D x : LRA.Set.Constructions.TGSet.Set),   Iff (LRA.Set.Constructions.instMembershipTGSet.1 D x)     (And (LRA.Set.Constructions.instMembershipTGSet.1 A x) (LRA.Set.Constructions.instMembershipTGSet.1 B x → False))	ok
LRA.Set.Constructions.TGSet.IsSeparatedSubset	LRA.Set.Constructions.TGSet.Definitions	instance	false	∀ (A : LRA.Set.Constructions.TGSet.Set) (property : LRA.Set.Constructions.TGSet.Set → Prop)   (B x : LRA.Set.Constructions.TGSet.Set),   Iff (LRA.Set.Constructions.instMembershipTGSet.mem B x)     (And (LRA.Set.Constructions.instMembershipTGSet.mem A x) (property x))	∀ (A : LRA.Set.Constructions.TGSet.Set) (property : LRA.Set.Constructions.TGSet.Set → Prop)   (B x : LRA.Set.Constructions.TGSet.Set),   Iff (LRA.Set.Constructions.instMembershipTGSet.1 B x)     (And (LRA.Set.Constructions.instMembershipTGSet.1 A x) (property x))	ok
LRA.Set.Constructions.TGSet.IsSymmetricDifferenceOf	LRA.Set.Constructions.TGSet.Definitions	instance	false	∀ (A B D x : LRA.Set.Constructions.TGSet.Set),   Iff (LRA.Set.Constructions.instMembershipTGSet.mem D x)     (Or       (And (LRA.Set.Constructions.instMembershipTGSet.mem A x)         (Not (LRA.Set.Constructions.instMembershipTGSet.mem B x)))       (And (LRA.Set.Constructions.instMembershipTGSet.mem B x)         (Not (LRA.Set.Constructions.instMembershipTGSet.mem A x))))	∀ (A B D x : LRA.Set.Constructions.TGSet.Set),   Iff (LRA.Set.Constructions.instMembershipTGSet.1 D x)     (Or       (And (LRA.Set.Constructions.instMembershipTGSet.1 A x) (LRA.Set.Constructions.instMembershipTGSet.1 B x → False))       (And (LRA.Set.Constructions.instMembershipTGSet.1 B x) (LRA.Set.Constructions.instMembershipTGSet.1 A x → False)))	ok
LRA.Set.Constructions.TGSet.IsInductiveSet	LRA.Set.Constructions.TGSet.Definitions	instance	false	∀ (A : LRA.Set.Constructions.TGSet.Set),   And     (Exists fun empty =>       And (LRA.Set.Constructions.instMembershipTGSet.mem A empty) (LRA.Set.Constructions.TGSet.IsEmptySet empty))     (∀ (x : LRA.Set.Constructions.TGSet.Set),       LRA.Set.Constructions.instMembershipTGSet.mem A x →         Exists fun successor =>           And (LRA.Set.Constructions.instMembershipTGSet.mem A successor)             (LRA.Set.Constructions.TGSet.IsSuccessorOf x successor))	∀ (A : LRA.Set.Constructions.TGSet.Set),   And     (Exists fun empty =>       And (LRA.Set.Constructions.instMembershipTGSet.1 A empty)         (∀ (x : LRA.Set.Constructions.TGSet.Set), LRA.Set.Constructions.instMembershipTGSet.1 empty x → False))     (∀ (x : LRA.Set.Constructions.TGSet.Set),       LRA.Set.Constructions.instMembershipTGSet.1 A x →         Exists fun successor =>           And (LRA.Set.Constructions.instMembershipTGSet.1 A successor)             (∀ (w : LRA.Set.Constructions.TGSet.Set),               Iff (LRA.Set.Constructions.instMembershipTGSet.1 successor w)                 (Or (LRA.Set.Constructions.instMembershipTGSet.1 x w) (Eq w x))))	ok
LRA.Set.Constructions.TGSet.ExistsAndUnique	LRA.Set.Constructions.TGSet.Definitions	instance	false	∀ (property : LRA.Set.Constructions.TGSet.Set → Prop),   And (LRA.Identity.HasWitness property) (LRA.Identity.AtMostOne property)	∀ (property : LRA.Set.Constructions.TGSet.Set → Prop),   And (Exists fun x => property x)     (∀ (left right : LRA.Set.Constructions.TGSet.Set),       property left →         property right →           (LRA.Identity.Construction.Mathlib.instIdentityRelation LRA.Set.Constructions.TGSet.Set).1 left right)	ok
LRA.Set.Constructions.TGSet.Subset	LRA.Set.Constructions.TGSet.Definitions	instance	false	∀ (A B x : LRA.Set.Constructions.TGSet.Set),   LRA.Set.Constructions.instMembershipTGSet.mem A x → LRA.Set.Constructions.instMembershipTGSet.mem B x	∀ (A B x : LRA.Set.Constructions.TGSet.Set),   LRA.Set.Constructions.instMembershipTGSet.1 A x → LRA.Set.Constructions.instMembershipTGSet.1 B x	ok
LRA.Set.Constructions.TGSet.IsPowerSetOf	LRA.Set.Constructions.TGSet.Definitions	instance	false	∀ (A P x : LRA.Set.Constructions.TGSet.Set),   Iff (LRA.Set.Constructions.instMembershipTGSet.mem P x)     (∀ (y : LRA.Set.Constructions.TGSet.Set),       LRA.Set.Constructions.instMembershipTGSet.mem x y → LRA.Set.Constructions.instMembershipTGSet.mem A y)	∀ (A P x : LRA.Set.Constructions.TGSet.Set),   Iff (LRA.Set.Constructions.instMembershipTGSet.1 P x)     (∀ (y : LRA.Set.Constructions.TGSet.Set),       LRA.Set.Constructions.instMembershipTGSet.1 x y → LRA.Set.Constructions.instMembershipTGSet.1 A y)	ok
LRA.Set.Constructions.TGSet.IsReplacementImageOf	LRA.Set.Constructions.TGSet.Definitions	instance	false	∀ (A : LRA.Set.Constructions.TGSet.Set)   (relation : LRA.Set.Constructions.TGSet.Set → LRA.Set.Constructions.TGSet.Set → Prop)   (B y : LRA.Set.Constructions.TGSet.Set),   Iff (LRA.Set.Constructions.instMembershipTGSet.mem B y)     (Exists fun x => And (LRA.Set.Constructions.instMembershipTGSet.mem A x) (relation x y))	∀ (A : LRA.Set.Constructions.TGSet.Set)   (relation : LRA.Set.Constructions.TGSet.Set → LRA.Set.Constructions.TGSet.Set → Prop)   (B y : LRA.Set.Constructions.TGSet.Set),   Iff (LRA.Set.Constructions.instMembershipTGSet.1 B y)     (Exists fun x => And (LRA.Set.Constructions.instMembershipTGSet.1 A x) (relation x y))	ok
LRA.Set.Constructions.TGSet.IsEmptySet	LRA.Set.Constructions.TGSet.Definitions	instance	false	∀ (A x : LRA.Set.Constructions.TGSet.Set), Not (LRA.Set.Constructions.instMembershipTGSet.mem A x)	∀ (A x : LRA.Set.Constructions.TGSet.Set), LRA.Set.Constructions.instMembershipTGSet.1 A x → False	ok
LRA.Set.Constructions.TGSet.IsIntersectionOf	LRA.Set.Constructions.TGSet.Definitions	instance	false	∀ (A B D x : LRA.Set.Constructions.TGSet.Set),   Iff (LRA.Set.Constructions.instMembershipTGSet.mem D x)     (And (LRA.Set.Constructions.instMembershipTGSet.mem A x) (LRA.Set.Constructions.instMembershipTGSet.mem B x))	∀ (A B D x : LRA.Set.Constructions.TGSet.Set),   Iff (LRA.Set.Constructions.instMembershipTGSet.1 D x)     (And (LRA.Set.Constructions.instMembershipTGSet.1 A x) (LRA.Set.Constructions.instMembershipTGSet.1 B x))	ok
LRA.Set.Constructions.TGSet.IsSuccessorOf	LRA.Set.Constructions.TGSet.Definitions	instance	false	∀ (x successor w : LRA.Set.Constructions.TGSet.Set),   Iff (LRA.Set.Constructions.instMembershipTGSet.mem successor w)     (Or (LRA.Set.Constructions.instMembershipTGSet.mem x w) (Eq w x))	∀ (x successor w : LRA.Set.Constructions.TGSet.Set),   Iff (LRA.Set.Constructions.instMembershipTGSet.1 successor w)     (Or (LRA.Set.Constructions.instMembershipTGSet.1 x w) (Eq w x))	ok
LRA.Set.Constructions.TGSet.IsFunctionalOn	LRA.Set.Constructions.TGSet.Definitions	instance	false	∀ (A : LRA.Set.Constructions.TGSet.Set)   (relation : LRA.Set.Constructions.TGSet.Set → LRA.Set.Constructions.TGSet.Set → Prop)   (x : LRA.Set.Constructions.TGSet.Set),   LRA.Set.Constructions.instMembershipTGSet.mem A x →     Exists fun y => And (relation x y) (∀ (other : LRA.Set.Constructions.TGSet.Set), relation x other → Eq other y)	∀ (A : LRA.Set.Constructions.TGSet.Set)   (relation : LRA.Set.Constructions.TGSet.Set → LRA.Set.Constructions.TGSet.Set → Prop)   (x : LRA.Set.Constructions.TGSet.Set),   LRA.Set.Constructions.instMembershipTGSet.1 A x →     Exists fun y => And (relation x y) (∀ (other : LRA.Set.Constructions.TGSet.Set), relation x other → Eq other y)	ok
LRA.Set.Constructions.TGSet.IsSingletonSet	LRA.Set.Constructions.TGSet.Definitions	instance	false	∀ (x S w : LRA.Set.Constructions.TGSet.Set), Iff (LRA.Set.Constructions.instMembershipTGSet.mem S w) (Eq w x)	∀ (x S w : LRA.Set.Constructions.TGSet.Set), Iff (LRA.Set.Constructions.instMembershipTGSet.1 S w) (Eq w x)	ok
LRA.Set.Constructions.TGSet.IsFoundationWitness	LRA.Set.Constructions.TGSet.Definitions	instance	false	∀ (A x : LRA.Set.Constructions.TGSet.Set),   And (LRA.Set.Constructions.instMembershipTGSet.mem A x)     (∀ (y : LRA.Set.Constructions.TGSet.Set),       LRA.Set.Constructions.instMembershipTGSet.mem x y → Not (LRA.Set.Constructions.instMembershipTGSet.mem A y))	∀ (A x : LRA.Set.Constructions.TGSet.Set),   And (LRA.Set.Constructions.instMembershipTGSet.1 A x)     (∀ (y : LRA.Set.Constructions.TGSet.Set),       LRA.Set.Constructions.instMembershipTGSet.1 x y → LRA.Set.Constructions.instMembershipTGSet.1 A y → False)	ok
LRA.Set.Constructions.TGSet.SetEqualityIffSameMembers	LRA.Set.Constructions.TGSet.Extensionality.Theorems	theorem	true	∀ (A B : LRA.Set.Constructions.TGSet),   Iff (Eq A B)     (∀ (x : LRA.Set.Constructions.TGSet),       Iff (LRA.Set.Constructions.instMembershipTGSet.mem A x) (LRA.Set.Constructions.instMembershipTGSet.mem B x))	∀ (A B : LRA.Set.Constructions.TGSet),   Iff (Eq A B)     (∀ (x : LRA.Set.Constructions.TGSet),       Iff (LRA.Set.Constructions.instMembershipTGSet.1 A x) (LRA.Set.Constructions.instMembershipTGSet.1 B x))	ok
LRA.Set.Constructions.TGSet.EmptySetExists	LRA.Set.Constructions.TGSet.EmptySet.Theorems	theorem	true	Exists fun A => LRA.Set.Constructions.TGSet.IsEmptySet A	Exists fun A => ∀ (x : LRA.Set.Constructions.TGSet.Set), LRA.Set.Constructions.instMembershipTGSet.1 A x → False	ok
LRA.Set.Constructions.TGSet.TheEmptySetIsEmpty	LRA.Set.Constructions.TGSet.EmptySet.Theorems	theorem	true	LRA.Set.Constructions.TGSet.IsEmptySet LRA.Set.Constructions.TGSet.TheEmptySet	∀ (x : LRA.Set.Constructions.TGSet.Set),   LRA.Set.Constructions.instMembershipTGSet.1 LRA.Set.Constructions.TGSet.TheEmptySet x → False	ok
LRA.Set.Constructions.TGSet.EmptySetExistsAndIsUnique	LRA.Set.Constructions.TGSet.EmptySet.Theorems	theorem	true	LRA.Set.Constructions.TGSet.ExistsAndUnique LRA.Set.Constructions.TGSet.IsEmptySet	And   (Exists fun x => ∀ (x_1 : LRA.Set.Constructions.TGSet.Set), LRA.Set.Constructions.instMembershipTGSet.1 x x_1 → False)   (∀ (left right : LRA.Set.Constructions.TGSet.Set),     (∀ (x : LRA.Set.Constructions.TGSet.Set), LRA.Set.Constructions.instMembershipTGSet.1 left x → False) →       (∀ (x : LRA.Set.Constructions.TGSet.Set), LRA.Set.Constructions.instMembershipTGSet.1 right x → False) →         (LRA.Identity.Construction.Mathlib.instIdentityRelation LRA.Set.Constructions.TGSet.Set).1 left right)	ok
LRA.Set.Constructions.TGSet.EmptySetIsUnique	LRA.Set.Constructions.TGSet.EmptySet.Theorems	theorem	true	∀ {A B : LRA.Set.Constructions.TGSet.Set},   And (LRA.Set.Constructions.TGSet.IsEmptySet A) (LRA.Set.Constructions.TGSet.IsEmptySet B) → Eq B A	∀ {A B : LRA.Set.Constructions.TGSet.Set},   And (∀ (x : LRA.Set.Constructions.TGSet.Set), LRA.Set.Constructions.instMembershipTGSet.1 A x → False)       (∀ (x : LRA.Set.Constructions.TGSet.Set), LRA.Set.Constructions.instMembershipTGSet.1 B x → False) →     Eq B A	ok
LRA.Set.Constructions.TGSet.PairSetExists	LRA.Set.Constructions.TGSet.Pairing.Theorems	theorem	true	∀ (x1 x2 : LRA.Set.Constructions.TGSet.Set), Exists fun P => LRA.Set.Constructions.TGSet.IsPairSet x1 x2 P	∀ (x1 x2 : LRA.Set.Constructions.TGSet.Set),   Exists fun P =>     ∀ (w : LRA.Set.Constructions.TGSet.Set),       Iff (LRA.Set.Constructions.instMembershipTGSet.1 P w) (Or (Eq w x1) (Eq w x2))	ok
LRA.Set.Constructions.TGSet.PairSetIsUnique	LRA.Set.Constructions.TGSet.Pairing.Theorems	theorem	true	∀ {x1 x2 P G : LRA.Set.Constructions.TGSet.Set},   And (LRA.Set.Constructions.TGSet.IsPairSet x1 x2 P) (LRA.Set.Constructions.TGSet.IsPairSet x1 x2 G) → Eq G P	∀ {x1 x2 P G : LRA.Set.Constructions.TGSet.Set},   And       (∀ (w : LRA.Set.Constructions.TGSet.Set),         Iff (LRA.Set.Constructions.instMembershipTGSet.1 P w) (Or (Eq w x1) (Eq w x2)))       (∀ (w : LRA.Set.Constructions.TGSet.Set),         Iff (LRA.Set.Constructions.instMembershipTGSet.1 G w) (Or (Eq w x1) (Eq w x2))) →     Eq G P	ok
LRA.Set.Constructions.TGSet.PairingOutputExistsAndIsUnique	LRA.Set.Constructions.TGSet.Pairing.Theorems	theorem	true	∀ (x1 x2 : LRA.Set.Constructions.TGSet.Set),   LRA.Set.Constructions.TGSet.ExistsAndUnique fun P => LRA.Set.Constructions.TGSet.IsPairSet x1 x2 P	∀ (x1 x2 : LRA.Set.Constructions.TGSet.Set),   And     (Exists fun x =>       (fun P =>           ∀ (w : LRA.Set.Constructions.TGSet.Set),             Iff (LRA.Set.Constructions.instMembershipTGSet.1 P w) (Or (Eq w x1) (Eq w x2)))         x)     (∀ (left right : LRA.Set.Constructions.TGSet.Set),       (∀ (w : LRA.Set.Constructions.TGSet.Set),           Iff (LRA.Set.Constructions.instMembershipTGSet.1 left w) (Or (Eq w x1) (Eq w x2))) →         (∀ (w : LRA.Set.Constructions.TGSet.Set),             Iff (LRA.Set.Constructions.instMembershipTGSet.1 right w) (Or (Eq w x1) (Eq w x2))) →           (LRA.Identity.Construction.Mathlib.instIdentityRelation LRA.Set.Constructions.TGSet.Set).1 left right)	ok
LRA.Set.Constructions.TGSet.PairSetMembership	LRA.Set.Constructions.TGSet.Pairing.Theorems	theorem	true	∀ (x1 x2 w : LRA.Set.Constructions.TGSet.Set),   Iff (LRA.Set.Constructions.instMembershipTGSet.mem (LRA.Set.Constructions.TGSet.PairSet x1 x2) w)     (Or (Eq w x1) (Eq w x2))	∀ (x1 x2 w : LRA.Set.Constructions.TGSet.Set),   Iff     (LRA.Set.Constructions.instMembershipTGSet.1       (Classical.indefiniteDescription (LRA.Set.Constructions.TGSet.IsPairSet x1 x2) ⋯).1 w)     (Or (Eq w x1) (Eq w x2))	ok
LRA.Set.Constructions.TGSet.TheUnionMembership	LRA.Set.Constructions.TGSet.Union.Theorems	theorem	true	∀ (A B x : LRA.Set.Constructions.TGSet.Set),   Iff (LRA.Set.Constructions.instMembershipTGSet.mem (LRA.Set.Constructions.TGSet.TheUnion A B) x)     (Or (LRA.Set.Constructions.instMembershipTGSet.mem A x) (LRA.Set.Constructions.instMembershipTGSet.mem B x))	∀ (A B x : LRA.Set.Constructions.TGSet.Set),   Iff     (LRA.Set.Constructions.instMembershipTGSet.1       (Classical.indefiniteDescription (LRA.Set.Constructions.TGSet.IsUnionOf (LRA.Set.Constructions.TGSet.PairSet A B))           ⋯).1       x)     (Or (LRA.Set.Constructions.instMembershipTGSet.1 A x) (LRA.Set.Constructions.instMembershipTGSet.1 B x))	ok
LRA.Set.Constructions.TGSet.UnionOverIsUnique	LRA.Set.Constructions.TGSet.Union.Theorems	theorem	true	∀ {A U V : LRA.Set.Constructions.TGSet.Set},   And (LRA.Set.Constructions.TGSet.IsUnionOf A U) (LRA.Set.Constructions.TGSet.IsUnionOf A V) → Eq V U	∀ {A U V : LRA.Set.Constructions.TGSet.Set},   And       (∀ (x : LRA.Set.Constructions.TGSet.Set),         Iff (LRA.Set.Constructions.instMembershipTGSet.1 U x)           (Exists fun B =>             And (LRA.Set.Constructions.instMembershipTGSet.1 A B) (LRA.Set.Constructions.instMembershipTGSet.1 B x)))       (∀ (x : LRA.Set.Constructions.TGSet.Set),         Iff (LRA.Set.Constructions.instMembershipTGSet.1 V x)           (Exists fun B =>             And (LRA.Set.Constructions.instMembershipTGSet.1 A B) (LRA.Set.Constructions.instMembershipTGSet.1 B x))) →     Eq V U	ok
LRA.Set.Constructions.TGSet.TheUnionOverIsUnionOf	LRA.Set.Constructions.TGSet.Union.Theorems	theorem	true	∀ (A : LRA.Set.Constructions.TGSet.Set),   LRA.Set.Constructions.TGSet.IsUnionOf A (LRA.Set.Constructions.TGSet.TheUnionOver A)	∀ (A x : LRA.Set.Constructions.TGSet.Set),   Iff     (LRA.Set.Constructions.instMembershipTGSet.1       (Classical.indefiniteDescription (LRA.Set.Constructions.TGSet.IsUnionOf A) ⋯).1 x)     (Exists fun B =>       And (LRA.Set.Constructions.instMembershipTGSet.1 A B) (LRA.Set.Constructions.instMembershipTGSet.1 B x))	ok
LRA.Set.Constructions.TGSet.UnionOverExists	LRA.Set.Constructions.TGSet.Union.Theorems	theorem	true	∀ (A : LRA.Set.Constructions.TGSet.Set), Exists fun U => LRA.Set.Constructions.TGSet.IsUnionOf A U	∀ (A : LRA.Set.Constructions.TGSet.Set),   Exists fun U =>     ∀ (x : LRA.Set.Constructions.TGSet.Set),       Iff (LRA.Set.Constructions.instMembershipTGSet.1 U x)         (Exists fun B =>           And (LRA.Set.Constructions.instMembershipTGSet.1 A B) (LRA.Set.Constructions.instMembershipTGSet.1 B x))	ok
LRA.Set.Constructions.TGSet.ThePowerSetIsPowerSetOf	LRA.Set.Constructions.TGSet.PowerSet.Theorems	theorem	true	∀ (A : LRA.Set.Constructions.TGSet.Set),   LRA.Set.Constructions.TGSet.IsPowerSetOf A (LRA.Set.Constructions.TGSet.ThePowerSet A)	∀ (A x : LRA.Set.Constructions.TGSet.Set),   Iff     (LRA.Set.Constructions.instMembershipTGSet.1       (Classical.indefiniteDescription (LRA.Set.Constructions.TGSet.IsPowerSetOf A) ⋯).1 x)     (∀ (y : LRA.Set.Constructions.TGSet.Set),       LRA.Set.Constructions.instMembershipTGSet.1 x y → LRA.Set.Constructions.instMembershipTGSet.1 A y)	ok
LRA.Set.Constructions.TGSet.PowerSetOfIsUnique	LRA.Set.Constructions.TGSet.PowerSet.Theorems	theorem	true	∀ {A P Q : LRA.Set.Constructions.TGSet.Set},   And (LRA.Set.Constructions.TGSet.IsPowerSetOf A P) (LRA.Set.Constructions.TGSet.IsPowerSetOf A Q) → Eq Q P	∀ {A P Q : LRA.Set.Constructions.TGSet.Set},   And       (∀ (x : LRA.Set.Constructions.TGSet.Set),         Iff (LRA.Set.Constructions.instMembershipTGSet.1 P x)           (∀ (y : LRA.Set.Constructions.TGSet.Set),             LRA.Set.Constructions.instMembershipTGSet.1 x y → LRA.Set.Constructions.instMembershipTGSet.1 A y))       (∀ (x : LRA.Set.Constructions.TGSet.Set),         Iff (LRA.Set.Constructions.instMembershipTGSet.1 Q x)           (∀ (y : LRA.Set.Constructions.TGSet.Set),             LRA.Set.Constructions.instMembershipTGSet.1 x y → LRA.Set.Constructions.instMembershipTGSet.1 A y)) →     Eq Q P	ok
LRA.Set.Constructions.TGSet.PowerSetOfExists	LRA.Set.Constructions.TGSet.PowerSet.Theorems	theorem	true	∀ (A : LRA.Set.Constructions.TGSet.Set), Exists fun P => LRA.Set.Constructions.TGSet.IsPowerSetOf A P	∀ (A : LRA.Set.Constructions.TGSet.Set),   Exists fun P =>     ∀ (x : LRA.Set.Constructions.TGSet.Set),       Iff (LRA.Set.Constructions.instMembershipTGSet.1 P x)         (∀ (y : LRA.Set.Constructions.TGSet.Set),           LRA.Set.Constructions.instMembershipTGSet.1 x y → LRA.Set.Constructions.instMembershipTGSet.1 A y)	ok
LRA.Set.Constructions.TGSet.InductiveSetExists	LRA.Set.Constructions.TGSet.Infinity.Theorems	theorem	true	Exists fun A => LRA.Set.Constructions.TGSet.IsInductiveSet A	Exists fun A =>   And     (Exists fun empty =>       And (LRA.Set.Constructions.instMembershipTGSet.1 A empty)         (∀ (x : LRA.Set.Constructions.TGSet.Set), LRA.Set.Constructions.instMembershipTGSet.1 empty x → False))     (∀ (x : LRA.Set.Constructions.TGSet.Set),       LRA.Set.Constructions.instMembershipTGSet.1 A x →         Exists fun successor =>           And (LRA.Set.Constructions.instMembershipTGSet.1 A successor)             (∀ (w : LRA.Set.Constructions.TGSet.Set),               Iff (LRA.Set.Constructions.instMembershipTGSet.1 successor w)                 (Or (LRA.Set.Constructions.instMembershipTGSet.1 x w) (Eq w x))))	ok
LRA.Set.Constructions.TGSet.TheSeparatedSubsetIsSeparatedSubset	LRA.Set.Constructions.TGSet.Separation.Theorems	theorem	true	∀ (A : LRA.Set.Constructions.TGSet.Set) (property : LRA.Set.Constructions.TGSet.Set → Prop),   LRA.Set.Constructions.TGSet.IsSeparatedSubset A property (LRA.Set.Constructions.TGSet.TheSeparatedSubset A property)	∀ (A : LRA.Set.Constructions.TGSet.Set) (property : LRA.Set.Constructions.TGSet.Set → Prop)   (x : LRA.Set.Constructions.TGSet.Set),   Iff     (LRA.Set.Constructions.instMembershipTGSet.1       (Classical.indefiniteDescription (LRA.Set.Constructions.TGSet.IsSeparatedSubset A property) ⋯).1 x)     (And (LRA.Set.Constructions.instMembershipTGSet.1 A x) (property x))	ok
LRA.Set.Constructions.TGSet.SeparatedSubsetExists	LRA.Set.Constructions.TGSet.Separation.Theorems	theorem	true	∀ (A : LRA.Set.Constructions.TGSet.Set) (property : LRA.Set.Constructions.TGSet.Set → Prop),   Exists fun B => LRA.Set.Constructions.TGSet.IsSeparatedSubset A property B	∀ (A : LRA.Set.Constructions.TGSet.Set) (property : LRA.Set.Constructions.TGSet.Set → Prop),   Exists fun B =>     ∀ (x : LRA.Set.Constructions.TGSet.Set),       Iff (LRA.Set.Constructions.instMembershipTGSet.1 B x)         (And (LRA.Set.Constructions.instMembershipTGSet.1 A x) (property x))	ok
LRA.Set.Constructions.TGSet.SeparatedSubsetIsUnique	LRA.Set.Constructions.TGSet.Separation.Theorems	theorem	true	∀ {A : LRA.Set.Constructions.TGSet.Set} {property : LRA.Set.Constructions.TGSet.Set → Prop}   {B C : LRA.Set.Constructions.TGSet.Set},   And (LRA.Set.Constructions.TGSet.IsSeparatedSubset A property B)       (LRA.Set.Constructions.TGSet.IsSeparatedSubset A property C) →     Eq C B	∀ {A : LRA.Set.Constructions.TGSet.Set} {property : LRA.Set.Constructions.TGSet.Set → Prop}   {B C : LRA.Set.Constructions.TGSet.Set},   And       (∀ (x : LRA.Set.Constructions.TGSet.Set),         Iff (LRA.Set.Constructions.instMembershipTGSet.1 B x)           (And (LRA.Set.Constructions.instMembershipTGSet.1 A x) (property x)))       (∀ (x : LRA.Set.Constructions.TGSet.Set),         Iff (LRA.Set.Constructions.instMembershipTGSet.1 C x)           (And (LRA.Set.Constructions.instMembershipTGSet.1 A x) (property x))) →     Eq C B	ok
LRA.Set.Constructions.TGSet.ReplacementImageIsUnique	LRA.Set.Constructions.TGSet.Replacement.Theorems	theorem	true	∀ {A : LRA.Set.Constructions.TGSet.Set}   {relation : LRA.Set.Constructions.TGSet.Set → LRA.Set.Constructions.TGSet.Set → Prop}   {B C : LRA.Set.Constructions.TGSet.Set},   And (LRA.Set.Constructions.TGSet.IsReplacementImageOf A relation B)       (LRA.Set.Constructions.TGSet.IsReplacementImageOf A relation C) →     Eq C B	∀ {A : LRA.Set.Constructions.TGSet.Set}   {relation : LRA.Set.Constructions.TGSet.Set → LRA.Set.Constructions.TGSet.Set → Prop}   {B C : LRA.Set.Constructions.TGSet.Set},   And       (∀ (y : LRA.Set.Constructions.TGSet.Set),         Iff (LRA.Set.Constructions.instMembershipTGSet.1 B y)           (Exists fun x => And (LRA.Set.Constructions.instMembershipTGSet.1 A x) (relation x y)))       (∀ (y : LRA.Set.Constructions.TGSet.Set),         Iff (LRA.Set.Constructions.instMembershipTGSet.1 C y)           (Exists fun x => And (LRA.Set.Constructions.instMembershipTGSet.1 A x) (relation x y))) →     Eq C B	ok
LRA.Set.Constructions.TGSet.TheReplacementImageIsReplacementImageOf	LRA.Set.Constructions.TGSet.Replacement.Theorems	theorem	true	∀ (A : LRA.Set.Constructions.TGSet.Set)   (relation : LRA.Set.Constructions.TGSet.Set → LRA.Set.Constructions.TGSet.Set → Prop)   (functional : LRA.Set.Constructions.TGSet.IsFunctionalOn A relation),   LRA.Set.Constructions.TGSet.IsReplacementImageOf A relation     (LRA.Set.Constructions.TGSet.TheReplacementImage A relation functional)	∀ (A : LRA.Set.Constructions.TGSet.Set)   (relation : LRA.Set.Constructions.TGSet.Set → LRA.Set.Constructions.TGSet.Set → Prop)   (functional :     ∀ (x : LRA.Set.Constructions.TGSet.Set),       LRA.Set.Constructions.instMembershipTGSet.1 A x →         Exists fun y => And (relation x y) (∀ (other : LRA.Set.Constructions.TGSet.Set), relation x other → Eq other y))   (y : LRA.Set.Constructions.TGSet.Set),   Iff     (LRA.Set.Constructions.instMembershipTGSet.1       (Classical.indefiniteDescription (LRA.Set.Constructions.TGSet.IsReplacementImageOf A relation) ⋯).1 y)     (Exists fun x => And (LRA.Set.Constructions.instMembershipTGSet.1 A x) (relation x y))	ok
LRA.Set.Constructions.TGSet.ReplacementImageExists	LRA.Set.Constructions.TGSet.Replacement.Theorems	theorem	true	∀ (A : LRA.Set.Constructions.TGSet.Set)   (relation : LRA.Set.Constructions.TGSet.Set → LRA.Set.Constructions.TGSet.Set → Prop),   LRA.Set.Constructions.TGSet.IsFunctionalOn A relation →     Exists fun B => LRA.Set.Constructions.TGSet.IsReplacementImageOf A relation B	∀ (A : LRA.Set.Constructions.TGSet.Set)   (relation : LRA.Set.Constructions.TGSet.Set → LRA.Set.Constructions.TGSet.Set → Prop),   (∀ (x : LRA.Set.Constructions.TGSet.Set),       LRA.Set.Constructions.instMembershipTGSet.1 A x →         Exists fun y =>           And (relation x y) (∀ (other : LRA.Set.Constructions.TGSet.Set), relation x other → Eq other y)) →     Exists fun B =>       ∀ (y : LRA.Set.Constructions.TGSet.Set),         Iff (LRA.Set.Constructions.instMembershipTGSet.1 B y)           (Exists fun x => And (LRA.Set.Constructions.instMembershipTGSet.1 A x) (relation x y))	ok
LRA.Set.Constructions.TGSet.NoSetIsMemberOfItself	LRA.Set.Constructions.TGSet.Foundation.Theorems	theorem	true	∀ (A : LRA.Set.Constructions.TGSet.Set), Not (LRA.Set.Constructions.instMembershipTGSet.mem A A)	∀ (A : LRA.Set.Constructions.TGSet.Set), LRA.Set.Constructions.instMembershipTGSet.1 A A → False	ok
LRA.Set.Constructions.TGSet.FoundationWitnessExists	LRA.Set.Constructions.TGSet.Foundation.Theorems	theorem	true	∀ (A : LRA.Set.Constructions.TGSet.Set),   (Exists fun w => LRA.Set.Constructions.instMembershipTGSet.mem A w) →     Exists fun x => LRA.Set.Constructions.TGSet.IsFoundationWitness A x	∀ (A : LRA.Set.Constructions.TGSet.Set),   (Exists fun w => LRA.Set.Constructions.instMembershipTGSet.1 A w) →     Exists fun x =>       And (LRA.Set.Constructions.instMembershipTGSet.1 A x)         (∀ (y : LRA.Set.Constructions.TGSet.Set),           LRA.Set.Constructions.instMembershipTGSet.1 x y → LRA.Set.Constructions.instMembershipTGSet.1 A y → False)	ok
LRA.Set.Constructions.TGSet.ChoiceSetExists	LRA.Set.Constructions.TGSet.Choice.Theorems	theorem	true	∀ (A : LRA.Set.Constructions.TGSet.Set),   And       (∀ (B : LRA.Set.Constructions.TGSet.Set),         LRA.Set.Constructions.instMembershipTGSet.mem A B →           Exists fun x => LRA.Set.Constructions.instMembershipTGSet.mem B x)       (∀ (B C : LRA.Set.Constructions.TGSet.Set),         LRA.Set.Constructions.instMembershipTGSet.mem A B →           LRA.Set.Constructions.instMembershipTGSet.mem A C →             Ne B C →               ∀ (x : LRA.Set.Constructions.TGSet.Set),                 LRA.Set.Constructions.instMembershipTGSet.mem B x →                   Not (LRA.Set.Constructions.instMembershipTGSet.mem C x)) →     Exists fun choiceSet => LRA.Set.Constructions.TGSet.IsChoiceSetFor A choiceSet	∀ (A : LRA.Set.Constructions.TGSet.Set),   And       (∀ (B : LRA.Set.Constructions.TGSet.Set),         LRA.Set.Constructions.instMembershipTGSet.1 A B →           Exists fun x => LRA.Set.Constructions.instMembershipTGSet.1 B x)       (∀ (B C : LRA.Set.Constructions.TGSet.Set),         LRA.Set.Constructions.instMembershipTGSet.1 A B →           LRA.Set.Constructions.instMembershipTGSet.1 A C →             (Eq B C → False) →               ∀ (x : LRA.Set.Constructions.TGSet.Set),                 LRA.Set.Constructions.instMembershipTGSet.1 B x →                   LRA.Set.Constructions.instMembershipTGSet.1 C x → False) →     Exists fun choiceSet =>       ∀ (B : LRA.Set.Constructions.TGSet.Set),         LRA.Set.Constructions.instMembershipTGSet.1 A B →           Exists fun x =>             And               (And (LRA.Set.Constructions.instMembershipTGSet.1 B x)                 (LRA.Set.Constructions.instMembershipTGSet.1 choiceSet x))               (∀ (other : LRA.Set.Constructions.TGSet.Set),                 And (LRA.Set.Constructions.instMembershipTGSet.1 B other)                     (LRA.Set.Constructions.instMembershipTGSet.1 choiceSet other) →                   Eq other x)	ok
LRA.Set.Constructions.TGSet.TheChoiceSetIsChoiceSetFor	LRA.Set.Constructions.TGSet.Choice.Theorems	theorem	true	∀ (A : LRA.Set.Constructions.TGSet.Set)   (membersNonempty :     ∀ (B : LRA.Set.Constructions.TGSet.Set),       LRA.Set.Constructions.instMembershipTGSet.mem A B →         Exists fun x => LRA.Set.Constructions.instMembershipTGSet.mem B x)   (membersPairwiseDisjoint :     ∀ (B C : LRA.Set.Constructions.TGSet.Set),       LRA.Set.Constructions.instMembershipTGSet.mem A B →         LRA.Set.Constructions.instMembershipTGSet.mem A C →           Ne B C →             ∀ (x : LRA.Set.Constructions.TGSet.Set),               LRA.Set.Constructions.instMembershipTGSet.mem B x →                 Not (LRA.Set.Constructions.instMembershipTGSet.mem C x)),   LRA.Set.Constructions.TGSet.IsChoiceSetFor A     (LRA.Set.Constructions.TGSet.TheChoiceSet A membersNonempty membersPairwiseDisjoint)	∀ (A : LRA.Set.Constructions.TGSet.Set)   (membersNonempty :     ∀ (B : LRA.Set.Constructions.TGSet.Set),       LRA.Set.Constructions.instMembershipTGSet.1 A B → Exists fun x => LRA.Set.Constructions.instMembershipTGSet.1 B x)   (membersPairwiseDisjoint :     ∀ (B C : LRA.Set.Constructions.TGSet.Set),       LRA.Set.Constructions.instMembershipTGSet.1 A B →         LRA.Set.Constructions.instMembershipTGSet.1 A C →           (Eq B C → False) →             ∀ (x : LRA.Set.Constructions.TGSet.Set),               LRA.Set.Constructions.instMembershipTGSet.1 B x → LRA.Set.Constructions.instMembershipTGSet.1 C x → False)   (B : LRA.Set.Constructions.TGSet.Set),   LRA.Set.Constructions.instMembershipTGSet.1 A B →     Exists fun x =>       And         (And (LRA.Set.Constructions.instMembershipTGSet.1 B x)           (LRA.Set.Constructions.instMembershipTGSet.1             (Classical.indefiniteDescription (LRA.Set.Constructions.TGSet.IsChoiceSetFor A) ⋯).1 x))         (∀ (other : LRA.Set.Constructions.TGSet.Set),           And (LRA.Set.Constructions.instMembershipTGSet.1 B other)               (LRA.Set.Constructions.instMembershipTGSet.1                 (Classical.indefiniteDescription (LRA.Set.Constructions.TGSet.IsChoiceSetFor A) ⋯).1 other) →             Eq other x)	ok
LRA.Set.Constructions.GrothendieckUniverse.IsSuccessorOf	LRA.Set.Constructions.GrothendieckUniverse.Definitions	instance	false	∀ {SetObject : Type u} [inst : Membership SetObject SetObject] (A successor x : SetObject),   Iff (inst.mem successor x) (Or (inst.mem A x) (Eq x A))	∀ {SetObject : Type u} [inst : Membership SetObject SetObject] (A successor x : SetObject),   Iff (inst.1 successor x) (Or (inst.1 A x) (Eq x A))	ok
LRA.Set.Constructions.GrothendieckUniverse.IsClosedUnderPairing	LRA.Set.Constructions.GrothendieckUniverse.Definitions	instance	false	∀ {SetObject : Type u} [inst : Membership SetObject SetObject] (U : SetObject) ⦃x y : SetObject⦄,   And (inst.mem U x) (inst.mem U y) →     Exists fun pair => And (inst.mem U pair) (LRA.Set.Constructions.GrothendieckUniverse.IsPairSet x y pair)	∀ {SetObject : Type u} [inst : Membership SetObject SetObject] (U : SetObject) ⦃x y : SetObject⦄,   And (inst.1 U x) (inst.1 U y) →     Exists fun pair => And (inst.1 U pair) (∀ (x_1 : SetObject), Iff (inst.1 pair x_1) (Or (Eq x_1 x) (Eq x_1 y)))	ok
LRA.Set.Constructions.GrothendieckUniverse.IsClosedUnderIndexedUnion	LRA.Set.Constructions.GrothendieckUniverse.Definitions	instance	false	∀ {SetObject : Type u} [inst : Membership SetObject SetObject] (U : SetObject) ⦃indexSet : SetObject⦄,   inst.mem U indexSet →     ∀ (family : SetObject → SetObject),       (∀ (i : SetObject), inst.mem indexSet i → inst.mem U (family i)) →         Exists fun image =>           And (inst.mem U image)             (And (LRA.Set.Constructions.GrothendieckUniverse.IsImageOfFamilyOn indexSet family image)               (Exists fun union =>                 And (inst.mem U union)                   (LRA.Set.Constructions.GrothendieckUniverse.IsIndexedUnionOfFamilyOn indexSet family union)))	∀ {SetObject : Type u} [inst : Membership SetObject SetObject] (U : SetObject) ⦃indexSet : SetObject⦄,   inst.1 U indexSet →     ∀ (family : SetObject → SetObject),       (∀ (i : SetObject), inst.1 indexSet i → inst.1 U (family i)) →         Exists fun image =>           And (inst.1 U image)             (And (∀ (y : SetObject), Iff (inst.1 image y) (Exists fun i => And (inst.1 indexSet i) (Eq y (family i))))               (Exists fun union =>                 And (inst.1 U union)                   (∀ (x : SetObject),                     Iff (inst.1 union x) (Exists fun i => And (inst.1 indexSet i) (inst.1 (family i) x)))))	ok
LRA.Set.Constructions.GrothendieckUniverse.IsInductiveSet	LRA.Set.Constructions.GrothendieckUniverse.Definitions	instance	false	∀ {SetObject : Type u} [inst : Membership SetObject SetObject] (A : SetObject),   And (Exists fun empty => And (inst.mem A empty) (LRA.Set.Constructions.GrothendieckUniverse.IsEmptySet empty))     (∀ (x : SetObject),       inst.mem A x →         Exists fun successor =>           And (inst.mem A successor) (LRA.Set.Constructions.GrothendieckUniverse.IsSuccessorOf x successor))	∀ {SetObject : Type u} [inst : Membership SetObject SetObject] (A : SetObject),   And (Exists fun empty => And (inst.1 A empty) (∀ (x : SetObject), inst.1 empty x → False))     (∀ (x : SetObject),       inst.1 A x →         Exists fun successor =>           And (inst.1 A successor) (∀ (x_1 : SetObject), Iff (inst.1 successor x_1) (Or (inst.1 x x_1) (Eq x_1 x))))	ok
LRA.Set.Constructions.GrothendieckUniverse.IsClosedUnderPowerSet	LRA.Set.Constructions.GrothendieckUniverse.Definitions	instance	false	∀ {SetObject : Type u} [inst : Membership SetObject SetObject] (U : SetObject) ⦃x : SetObject⦄,   inst.mem U x →     Exists fun powerSet =>       And (inst.mem U powerSet) (LRA.Set.Constructions.GrothendieckUniverse.IsPowerSetOf x powerSet)	∀ {SetObject : Type u} [inst : Membership SetObject SetObject] (U : SetObject) ⦃x : SetObject⦄,   inst.1 U x →     Exists fun powerSet =>       And (inst.1 U powerSet)         (∀ (x_1 : SetObject), Iff (inst.1 powerSet x_1) (∀ (y : SetObject), inst.1 x_1 y → inst.1 x y))	ok
LRA.Set.Constructions.GrothendieckUniverse.IsPairSet	LRA.Set.Constructions.GrothendieckUniverse.Definitions	instance	false	∀ {SetObject : Type u} [inst : Membership SetObject SetObject] (left right pair x : SetObject),   Iff (inst.mem pair x) (Or (Eq x left) (Eq x right))	∀ {SetObject : Type u} [inst : Membership SetObject SetObject] (left right pair x : SetObject),   Iff (inst.1 pair x) (Or (Eq x left) (Eq x right))	ok
LRA.Set.Constructions.GrothendieckUniverse.IsUnionOf	LRA.Set.Constructions.GrothendieckUniverse.Definitions	instance	false	∀ {SetObject : Type u} [inst : Membership SetObject SetObject] (A union x : SetObject),   Iff (inst.mem union x) (Exists fun B => And (inst.mem A B) (inst.mem B x))	∀ {SetObject : Type u} [inst : Membership SetObject SetObject] (A union x : SetObject),   Iff (inst.1 union x) (Exists fun B => And (inst.1 A B) (inst.1 B x))	ok
LRA.Set.Constructions.GrothendieckUniverse.IsEmptySet	LRA.Set.Constructions.GrothendieckUniverse.Definitions	instance	false	∀ {SetObject : Type u} [inst : Membership SetObject SetObject] (A x : SetObject), Not (inst.mem A x)	∀ {SetObject : Type u} [inst : Membership SetObject SetObject] (A x : SetObject), inst.1 A x → False	ok
LRA.Set.Constructions.GrothendieckUniverse.IsIndexedUnionOfFamilyOn	LRA.Set.Constructions.GrothendieckUniverse.Definitions	instance	false	∀ {SetObject : Type u} [inst : Membership SetObject SetObject] (indexSet : SetObject) (family : SetObject → SetObject)   (union x : SetObject), Iff (inst.mem union x) (Exists fun i => And (inst.mem indexSet i) (inst.mem (family i) x))	∀ {SetObject : Type u} [inst : Membership SetObject SetObject] (indexSet : SetObject) (family : SetObject → SetObject)   (union x : SetObject), Iff (inst.1 union x) (Exists fun i => And (inst.1 indexSet i) (inst.1 (family i) x))	ok
LRA.Set.Constructions.GrothendieckUniverse.IsTransitiveUniverse	LRA.Set.Constructions.GrothendieckUniverse.Definitions	instance	false	∀ {SetObject : Type u} [inst : Membership SetObject SetObject] (U : SetObject) ⦃x y : SetObject⦄,   And (inst.mem U x) (inst.mem x y) → inst.mem U y	∀ {SetObject : Type u} [inst : Membership SetObject SetObject] (U : SetObject) ⦃x y : SetObject⦄,   And (inst.1 U x) (inst.1 x y) → inst.1 U y	ok
LRA.Set.Constructions.GrothendieckUniverse.IsGrothendieckUniverse	LRA.Set.Constructions.GrothendieckUniverse.Definitions	instance	false	∀ {SetObject : Type u} [inst : Membership SetObject SetObject] (U : SetObject),   And (LRA.Set.Constructions.GrothendieckUniverse.IsTransitiveUniverse U)     (And (LRA.Set.Constructions.GrothendieckUniverse.IsClosedUnderPairing U)       (And (LRA.Set.Constructions.GrothendieckUniverse.IsClosedUnderPowerSet U)         (And (LRA.Set.Constructions.GrothendieckUniverse.IsClosedUnderIndexedUnion U)           (LRA.Set.Constructions.GrothendieckUniverse.ContainsInductiveSet U))))	∀ {SetObject : Type u} [inst : Membership SetObject SetObject] (U : SetObject),   And (∀ ⦃x y : SetObject⦄, inst.1 U x → inst.1 x y → inst.1 U y)     (And       (∀ ⦃x y : SetObject⦄,         inst.1 U x →           inst.1 U y →             Exists fun pair =>               And (inst.1 U pair) (∀ (x_1 : SetObject), Iff (inst.1 pair x_1) (Or (Eq x_1 x) (Eq x_1 y))))       (And         (∀ ⦃x : SetObject⦄,           inst.1 U x →             Exists fun powerSet =>               And (inst.1 U powerSet)                 (∀ (x_1 : SetObject), Iff (inst.1 powerSet x_1) (∀ (y : SetObject), inst.1 x_1 y → inst.1 x y)))         (And           (∀ ⦃indexSet : SetObject⦄,             inst.1 U indexSet →               ∀ (family : SetObject → SetObject),                 (∀ (i : SetObject), inst.1 indexSet i → inst.1 U (family i)) →                   Exists fun image =>                     And (inst.1 U image)                       (And                         (∀ (y : SetObject),                           Iff (inst.1 image y) (Exists fun i => And (inst.1 indexSet i) (Eq y (family i))))                         (Exists fun union =>                           And (inst.1 U union)                             (∀ (x : SetObject),                               Iff (inst.1 union x) (Exists fun i => And (inst.1 indexSet i) (inst.1 (family i) x))))))           (Exists fun omega =>             And (inst.1 U omega)               (And (Exists fun empty => And (inst.1 omega empty) (∀ (x : SetObject), inst.1 empty x → False))                 (∀ (x : SetObject),                   inst.1 omega x →                     Exists fun successor =>                       And (inst.1 omega successor)                         (∀ (x_1 : SetObject), Iff (inst.1 successor x_1) (Or (inst.1 x x_1) (Eq x_1 x)))))))))	ok
LRA.Set.Constructions.GrothendieckUniverse.IsGrothendieckUniverseFor	LRA.Set.Constructions.GrothendieckUniverse.Definitions	instance	false	∀ {SetObject : Type u} [inst : Membership SetObject SetObject] (A U : SetObject),   And (inst.mem U A) (LRA.Set.Constructions.GrothendieckUniverse.IsGrothendieckUniverse U)	∀ {SetObject : Type u} [inst : Membership SetObject SetObject] (A U : SetObject),   And (inst.1 U A)     (And (∀ ⦃x y : SetObject⦄, inst.1 U x → inst.1 x y → inst.1 U y)       (And         (∀ ⦃x y : SetObject⦄,           inst.1 U x →             inst.1 U y →               Exists fun pair =>                 And (inst.1 U pair) (∀ (x_1 : SetObject), Iff (inst.1 pair x_1) (Or (Eq x_1 x) (Eq x_1 y))))         (And           (∀ ⦃x : SetObject⦄,             inst.1 U x →               Exists fun powerSet =>                 And (inst.1 U powerSet)                   (∀ (x_1 : SetObject), Iff (inst.1 powerSet x_1) (∀ (y : SetObject), inst.1 x_1 y → inst.1 x y)))           (And             (∀ ⦃indexSet : SetObject⦄,               inst.1 U indexSet →                 ∀ (family : SetObject → SetObject),                   (∀ (i : SetObject), inst.1 indexSet i → inst.1 U (family i)) →                     Exists fun image =>                       And (inst.1 U image)                         (And                           (∀ (y : SetObject),                             Iff (inst.1 image y) (Exists fun i => And (inst.1 indexSet i) (Eq y (family i))))                           (Exists fun union =>                             And (inst.1 U union)                               (∀ (x : SetObject),                                 Iff (inst.1 union x) (Exists fun i => And (inst.1 indexSet i) (inst.1 (family i) x))))))             (Exists fun omega =>               And (inst.1 U omega)                 (And (Exists fun empty => And (inst.1 omega empty) (∀ (x : SetObject), inst.1 empty x → False))                   (∀ (x : SetObject),                     inst.1 omega x →                       Exists fun successor =>                         And (inst.1 omega successor)                           (∀ (x_1 : SetObject), Iff (inst.1 successor x_1) (Or (inst.1 x x_1) (Eq x_1 x))))))))))	ok
LRA.Set.Constructions.GrothendieckUniverse.IsPowerSetOf	LRA.Set.Constructions.GrothendieckUniverse.Definitions	instance	false	∀ {SetObject : Type u} [inst : Membership SetObject SetObject] (A powerSet x : SetObject),   Iff (inst.mem powerSet x) (∀ (y : SetObject), inst.mem x y → inst.mem A y)	∀ {SetObject : Type u} [inst : Membership SetObject SetObject] (A powerSet x : SetObject),   Iff (inst.1 powerSet x) (∀ (y : SetObject), inst.1 x y → inst.1 A y)	ok
LRA.Set.Constructions.GrothendieckUniverse.IsImageOfFamilyOn	LRA.Set.Constructions.GrothendieckUniverse.Definitions	instance	false	∀ {SetObject : Type u} [inst : Membership SetObject SetObject] (indexSet : SetObject) (family : SetObject → SetObject)   (image y : SetObject), Iff (inst.mem image y) (Exists fun i => And (inst.mem indexSet i) (Eq y (family i)))	∀ {SetObject : Type u} [inst : Membership SetObject SetObject] (indexSet : SetObject) (family : SetObject → SetObject)   (image y : SetObject), Iff (inst.1 image y) (Exists fun i => And (inst.1 indexSet i) (Eq y (family i)))	ok
LRA.Set.Constructions.GrothendieckUniverse.ContainsInductiveSet	LRA.Set.Constructions.GrothendieckUniverse.Definitions	instance	false	∀ {SetObject : Type u} [inst : Membership SetObject SetObject] (U : SetObject),   Exists fun omega => And (inst.mem U omega) (LRA.Set.Constructions.GrothendieckUniverse.IsInductiveSet omega)	∀ {SetObject : Type u} [inst : Membership SetObject SetObject] (U : SetObject),   Exists fun omega =>     And (inst.1 U omega)       (And (Exists fun empty => And (inst.1 omega empty) (∀ (x : SetObject), inst.1 empty x → False))         (∀ (x : SetObject),           inst.1 omega x →             Exists fun successor =>               And (inst.1 omega successor)                 (∀ (x_1 : SetObject), Iff (inst.1 successor x_1) (Or (inst.1 x x_1) (Eq x_1 x)))))	ok
LRA.Set.Constructions.TGSet.GrothendieckUniverseExists	LRA.Set.Constructions.TGSet.GrothendieckUniverse.Theorems	theorem	true	∀ (A : LRA.Set.Constructions.TGSet.Set), Exists fun U => LRA.Set.Constructions.TGSet.IsGrothendieckUniverseFor A U	∀ (A : LRA.Set.Constructions.TGSet.Set),   Exists fun U =>     And (LRA.Set.Constructions.instMembershipTGSet.1 U A)       (And         (∀ (x : LRA.Set.Constructions.TGSet.Set),           LRA.Set.Constructions.instMembershipTGSet.1 U x →             ∀ (y : LRA.Set.Constructions.TGSet.Set),               LRA.Set.Constructions.instMembershipTGSet.1 x y → LRA.Set.Constructions.instMembershipTGSet.1 U y)         (And           (∀ (x : LRA.Set.Constructions.TGSet.Set),             LRA.Set.Constructions.instMembershipTGSet.1 U x →               Exists fun P =>                 And (LRA.Set.Constructions.instMembershipTGSet.1 U P)                   (∀ (x_1 : LRA.Set.Constructions.TGSet.Set),                     Iff (LRA.Set.Constructions.instMembershipTGSet.1 P x_1)                       (∀ (y : LRA.Set.Constructions.TGSet.Set),                         LRA.Set.Constructions.instMembershipTGSet.1 x_1 y →                           LRA.Set.Constructions.instMembershipTGSet.1 x y)))           (And             (∀ (I : LRA.Set.Constructions.TGSet.Set),               LRA.Set.Constructions.instMembershipTGSet.1 U I →                 ∀ (family : LRA.Set.Constructions.TGSet.Set → LRA.Set.Constructions.TGSet.Set),                   (∀ (i : LRA.Set.Constructions.TGSet.Set),                       LRA.Set.Constructions.instMembershipTGSet.1 I i →                         LRA.Set.Constructions.instMembershipTGSet.1 U (family i)) →                     Exists fun image =>                       And (LRA.Set.Constructions.instMembershipTGSet.1 U image)                         (∀ (y : LRA.Set.Constructions.TGSet.Set),                           Iff (LRA.Set.Constructions.instMembershipTGSet.1 image y)                             (Exists fun i => And (LRA.Set.Constructions.instMembershipTGSet.1 I i) (Eq y (family i)))))             (∀ (I : LRA.Set.Constructions.TGSet.Set),               LRA.Set.Constructions.instMembershipTGSet.1 U I →                 ∀ (family : LRA.Set.Constructions.TGSet.Set → LRA.Set.Constructions.TGSet.Set),                   (∀ (i : LRA.Set.Constructions.TGSet.Set),                       LRA.Set.Constructions.instMembershipTGSet.1 I i →                         LRA.Set.Constructions.instMembershipTGSet.1 U (family i)) →                     Exists fun union =>                       And (LRA.Set.Constructions.instMembershipTGSet.1 U union)                         (∀ (x : LRA.Set.Constructions.TGSet.Set),                           Iff (LRA.Set.Constructions.instMembershipTGSet.1 union x)                             (Exists fun i =>                               And (LRA.Set.Constructions.instMembershipTGSet.1 I i)                                 (LRA.Set.Constructions.instMembershipTGSet.1 (family i) x)))))))	ok
LRA.Set.Constructions.TGSet.TheGrothendieckUniverseIsGrothendieckUniverseFor	LRA.Set.Constructions.TGSet.GrothendieckUniverse.Theorems	theorem	true	∀ (A : LRA.Set.Constructions.TGSet.Set),   LRA.Set.Constructions.TGSet.IsGrothendieckUniverseFor A (LRA.Set.Constructions.TGSet.TheGrothendieckUniverse A)	∀ (A : LRA.Set.Constructions.TGSet.Set),   And     (LRA.Set.Constructions.instMembershipTGSet.1       (Classical.indefiniteDescription (LRA.Set.Constructions.TGSet.IsGrothendieckUniverseFor A) ⋯).1 A)     (And       (∀ (x : LRA.Set.Constructions.TGSet.Set),         LRA.Set.Constructions.instMembershipTGSet.1             (Classical.indefiniteDescription (LRA.Set.Constructions.TGSet.IsGrothendieckUniverseFor A) ⋯).1 x →           ∀ (y : LRA.Set.Constructions.TGSet.Set),             LRA.Set.Constructions.instMembershipTGSet.1 x y →               LRA.Set.Constructions.instMembershipTGSet.1                 (Classical.indefiniteDescription (LRA.Set.Constructions.TGSet.IsGrothendieckUniverseFor A) ⋯).1 y)       (And         (∀ (x : LRA.Set.Constructions.TGSet.Set),           LRA.Set.Constructions.instMembershipTGSet.1               (Classical.indefiniteDescription (LRA.Set.Constructions.TGSet.IsGrothendieckUniverseFor A) ⋯).1 x →             Exists fun P =>               And                 (LRA.Set.Constructions.instMembershipTGSet.1                   (Classical.indefiniteDescription (LRA.Set.Constructions.TGSet.IsGrothendieckUniverseFor A) ⋯).1 P)                 (∀ (x_1 : LRA.Set.Constructions.TGSet.Set),                   Iff (LRA.Set.Constructions.instMembershipTGSet.1 P x_1)                     (∀ (y : LRA.Set.Constructions.TGSet.Set),                       LRA.Set.Constructions.instMembershipTGSet.1 x_1 y →                         LRA.Set.Constructions.instMembershipTGSet.1 x y)))         (And           (∀ (I : LRA.Set.Constructions.TGSet.Set),             LRA.Set.Constructions.instMembershipTGSet.1                 (Classical.indefiniteDescription (LRA.Set.Constructions.TGSet.IsGrothendieckUniverseFor A) ⋯).1 I →               ∀ (family : LRA.Set.Constructions.TGSet.Set → LRA.Set.Constructions.TGSet.Set),                 (∀ (i : LRA.Set.Constructions.TGSet.Set),                     LRA.Set.Constructions.instMembershipTGSet.1 I i →                       LRA.Set.Constructions.instMembershipTGSet.1                         (Classical.indefiniteDescription (LRA.Set.Constructions.TGSet.IsGrothendieckUniverseFor A) ⋯).1                         (family i)) →                   Exists fun image =>                     And                       (LRA.Set.Constructions.instMembershipTGSet.1                         (Classical.indefiniteDescription (LRA.Set.Constructions.TGSet.IsGrothendieckUniverseFor A) ⋯).1                         image)                       (∀ (y : LRA.Set.Constructions.TGSet.Set),                         Iff (LRA.Set.Constructions.instMembershipTGSet.1 image y)                           (Exists fun i => And (LRA.Set.Constructions.instMembershipTGSet.1 I i) (Eq y (family i)))))           (∀ (I : LRA.Set.Constructions.TGSet.Set),             LRA.Set.Constructions.instMembershipTGSet.1                 (Classical.indefiniteDescription (LRA.Set.Constructions.TGSet.IsGrothendieckUniverseFor A) ⋯).1 I →               ∀ (family : LRA.Set.Constructions.TGSet.Set → LRA.Set.Constructions.TGSet.Set),                 (∀ (i : LRA.Set.Constructions.TGSet.Set),                     LRA.Set.Constructions.instMembershipTGSet.1 I i →                       LRA.Set.Constructions.instMembershipTGSet.1                         (Classical.indefiniteDescription (LRA.Set.Constructions.TGSet.IsGrothendieckUniverseFor A) ⋯).1                         (family i)) →                   Exists fun union =>                     And                       (LRA.Set.Constructions.instMembershipTGSet.1                         (Classical.indefiniteDescription (LRA.Set.Constructions.TGSet.IsGrothendieckUniverseFor A) ⋯).1                         union)                       (∀ (x : LRA.Set.Constructions.TGSet.Set),                         Iff (LRA.Set.Constructions.instMembershipTGSet.1 union x)                           (Exists fun i =>                             And (LRA.Set.Constructions.instMembershipTGSet.1 I i)                               (LRA.Set.Constructions.instMembershipTGSet.1 (family i) x)))))))	ok
LRA.Set.Constructions.TGSet.GrothendieckUniverseClosedUnderUnion	LRA.Set.Constructions.TGSet.GrothendieckUniverse.Theorems	theorem	true	∀ {A U X : LRA.Set.Constructions.TGSet.Set},   And (LRA.Set.Constructions.TGSet.IsGrothendieckUniverseFor A U) (LRA.Set.Constructions.instMembershipTGSet.mem U X) →     Exists fun union =>       And (LRA.Set.Constructions.instMembershipTGSet.mem U union) (LRA.Set.Constructions.TGSet.IsUnionOf X union)	∀ {A U X : LRA.Set.Constructions.TGSet.Set},   And       (And (LRA.Set.Constructions.instMembershipTGSet.1 U A)         (And           (∀ (x : LRA.Set.Constructions.TGSet.Set),             LRA.Set.Constructions.instMembershipTGSet.1 U x →               ∀ (y : LRA.Set.Constructions.TGSet.Set),                 LRA.Set.Constructions.instMembershipTGSet.1 x y → LRA.Set.Constructions.instMembershipTGSet.1 U y)           (And             (∀ (x : LRA.Set.Constructions.TGSet.Set),               LRA.Set.Constructions.instMembershipTGSet.1 U x →                 Exists fun P =>                   And (LRA.Set.Constructions.instMembershipTGSet.1 U P)                     (∀ (x_1 : LRA.Set.Constructions.TGSet.Set),                       Iff (LRA.Set.Constructions.instMembershipTGSet.1 P x_1)                         (∀ (y : LRA.Set.Constructions.TGSet.Set),                           LRA.Set.Constructions.instMembershipTGSet.1 x_1 y →                             LRA.Set.Constructions.instMembershipTGSet.1 x y)))             (And               (∀ (I : LRA.Set.Constructions.TGSet.Set),                 LRA.Set.Constructions.instMembershipTGSet.1 U I →                   ∀ (family : LRA.Set.Constructions.TGSet.Set → LRA.Set.Constructions.TGSet.Set),                     (∀ (i : LRA.Set.Constructions.TGSet.Set),                         LRA.Set.Constructions.instMembershipTGSet.1 I i →                           LRA.Set.Constructions.instMembershipTGSet.1 U (family i)) →                       Exists fun image =>                         And (LRA.Set.Constructions.instMembershipTGSet.1 U image)                           (∀ (y : LRA.Set.Constructions.TGSet.Set),                             Iff (LRA.Set.Constructions.instMembershipTGSet.1 image y)                               (Exists fun i =>                                 And (LRA.Set.Constructions.instMembershipTGSet.1 I i) (Eq y (family i)))))               (∀ (I : LRA.Set.Constructions.TGSet.Set),                 LRA.Set.Constructions.instMembershipTGSet.1 U I →                   ∀ (family : LRA.Set.Constructions.TGSet.Set → LRA.Set.Constructions.TGSet.Set),                     (∀ (i : LRA.Set.Constructions.TGSet.Set),                         LRA.Set.Constructions.instMembershipTGSet.1 I i →                           LRA.Set.Constructions.instMembershipTGSet.1 U (family i)) →                       Exists fun union =>                         And (LRA.Set.Constructions.instMembershipTGSet.1 U union)                           (∀ (x : LRA.Set.Constructions.TGSet.Set),                             Iff (LRA.Set.Constructions.instMembershipTGSet.1 union x)                               (Exists fun i =>                                 And (LRA.Set.Constructions.instMembershipTGSet.1 I i)                                   (LRA.Set.Constructions.instMembershipTGSet.1 (family i) x))))))))       (LRA.Set.Constructions.instMembershipTGSet.1 U X) →     Exists fun union =>       And (LRA.Set.Constructions.instMembershipTGSet.1 U union)         (∀ (x : LRA.Set.Constructions.TGSet.Set),           Iff (LRA.Set.Constructions.instMembershipTGSet.1 union x)             (Exists fun B =>               And (LRA.Set.Constructions.instMembershipTGSet.1 X B) (LRA.Set.Constructions.instMembershipTGSet.1 B x)))	ok
LRA.Set.Constructions.TGSet.GrothendieckUniverseExistsAsGenericUniverse	LRA.Set.Constructions.TGSet.GrothendieckUniverse.Theorems	theorem	true	∀ (A : LRA.Set.Constructions.TGSet.Set),   Exists fun U => LRA.Set.Constructions.GrothendieckUniverse.IsGrothendieckUniverseFor A U	∀ (A : LRA.Set.Constructions.TGSet.Set),   Exists fun U =>     And (LRA.Set.Constructions.instMembershipTGSet.1 U A)       (And         (∀ ⦃x y : LRA.Set.Constructions.TGSet.Set⦄,           LRA.Set.Constructions.instMembershipTGSet.1 U x →             LRA.Set.Constructions.instMembershipTGSet.1 x y → LRA.Set.Constructions.instMembershipTGSet.1 U y)         (And           (∀ ⦃x y : LRA.Set.Constructions.TGSet.Set⦄,             LRA.Set.Constructions.instMembershipTGSet.1 U x →               LRA.Set.Constructions.instMembershipTGSet.1 U y →                 Exists fun pair =>                   And (LRA.Set.Constructions.instMembershipTGSet.1 U pair)                     (∀ (x_1 : LRA.Set.Constructions.TGSet.Set),                       Iff (LRA.Set.Constructions.instMembershipTGSet.1 pair x_1) (Or (Eq x_1 x) (Eq x_1 y))))           (And             (∀ ⦃x : LRA.Set.Constructions.TGSet.Set⦄,               LRA.Set.Constructions.instMembershipTGSet.1 U x →                 Exists fun powerSet =>                   And (LRA.Set.Constructions.instMembershipTGSet.1 U powerSet)                     (∀ (x_1 : LRA.Set.Constructions.TGSet.Set),                       Iff (LRA.Set.Constructions.instMembershipTGSet.1 powerSet x_1)                         (∀ (y : LRA.Set.Constructions.TGSet.Set),                           LRA.Set.Constructions.instMembershipTGSet.1 x_1 y →                             LRA.Set.Constructions.instMembershipTGSet.1 x y)))             (And               (∀ ⦃indexSet : LRA.Set.Constructions.TGSet.Set⦄,                 LRA.Set.Constructions.instMembershipTGSet.1 U indexSet →                   ∀ (family : LRA.Set.Constructions.TGSet.Set → LRA.Set.Constructions.TGSet.Set),                     (∀ (i : LRA.Set.Constructions.TGSet.Set),                         LRA.Set.Constructions.instMembershipTGSet.1 indexSet i →                           LRA.Set.Constructions.instMembershipTGSet.1 U (family i)) →                       Exists fun image =>                         And (LRA.Set.Constructions.instMembershipTGSet.1 U image)                           (And                             (∀ (y : LRA.Set.Constructions.TGSet.Set),                               Iff (LRA.Set.Constructions.instMembershipTGSet.1 image y)                                 (Exists fun i =>                                   And (LRA.Set.Constructions.instMembershipTGSet.1 indexSet i) (Eq y (family i))))                             (Exists fun union =>                               And (LRA.Set.Constructions.instMembershipTGSet.1 U union)                                 (∀ (x : LRA.Set.Constructions.TGSet.Set),                                   Iff (LRA.Set.Constructions.instMembershipTGSet.1 union x)                                     (Exists fun i =>                                       And (LRA.Set.Constructions.instMembershipTGSet.1 indexSet i)                                         (LRA.Set.Constructions.instMembershipTGSet.1 (family i) x))))))               (Exists fun omega =>                 And (LRA.Set.Constructions.instMembershipTGSet.1 U omega)                   (And                     (Exists fun empty =>                       And (LRA.Set.Constructions.instMembershipTGSet.1 omega empty)                         (∀ (x : LRA.Set.Constructions.TGSet.Set),                           LRA.Set.Constructions.instMembershipTGSet.mem empty x → False))                     (∀ (x : LRA.Set.Constructions.TGSet.Set),                       LRA.Set.Constructions.instMembershipTGSet.1 omega x →                         Exists fun successor =>                           And (LRA.Set.Constructions.instMembershipTGSet.1 omega successor)                             (∀ (x_1 : LRA.Set.Constructions.TGSet.Set),                               Iff (LRA.Set.Constructions.instMembershipTGSet.1 successor x_1)                                 (Or (LRA.Set.Constructions.instMembershipTGSet.1 x x_1) (Eq x_1 x))))))))))	ok
LRA.Set.Constructions.TGSet.KuratowskiPairInjective	LRA.Set.Constructions.TGSet.OrderedPair.Theorems	theorem	true	∀ (firstLeft secondLeft firstRight secondRight : LRA.Set.Constructions.TGSet.Set),   Iff     (Eq (LRA.Set.Constructions.TGSet.KuratowskiPair firstLeft firstRight)       (LRA.Set.Constructions.TGSet.KuratowskiPair secondLeft secondRight))     (And (Eq firstLeft secondLeft) (Eq firstRight secondRight))	∀ (firstLeft secondLeft firstRight secondRight : LRA.Set.Constructions.TGSet.Set),   Iff     (Eq       (Classical.indefiniteDescription           (LRA.Set.Constructions.TGSet.IsPairSet (LRA.Set.Constructions.TGSet.SingletonSet firstLeft)             (LRA.Set.Constructions.TGSet.PairSet firstLeft firstRight))           ⋯).1       (Classical.indefiniteDescription           (LRA.Set.Constructions.TGSet.IsPairSet (LRA.Set.Constructions.TGSet.SingletonSet secondLeft)             (LRA.Set.Constructions.TGSet.PairSet secondLeft secondRight))           ⋯).1)     (And (Eq firstLeft secondLeft) (Eq firstRight secondRight))	ok
LRA.Set.Constructions.TGSet.MemberOfSingletonSet	LRA.Set.Constructions.TGSet.OrderedPair.Theorems	theorem	true	∀ (element candidate : LRA.Set.Constructions.TGSet.Set),   Iff (LRA.Set.Constructions.instMembershipTGSet.mem (LRA.Set.Constructions.TGSet.SingletonSet element) candidate)     (Eq candidate element)	∀ (element candidate : LRA.Set.Constructions.TGSet.Set),   Iff     (LRA.Set.Constructions.instMembershipTGSet.1       (Classical.indefiniteDescription (LRA.Set.Constructions.TGSet.IsPairSet element element) ⋯).1 candidate)     (Eq candidate element)	ok
LRA.Set.Constructions.TGSet.TheIntersectionMembership	LRA.Set.Constructions.TGSet.Intersection.Theorems	theorem	true	∀ (A B x : LRA.Set.Constructions.TGSet.Set),   Iff (LRA.Set.Constructions.instMembershipTGSet.mem (LRA.Set.Constructions.TGSet.TheIntersection A B) x)     (And (LRA.Set.Constructions.instMembershipTGSet.mem A x) (LRA.Set.Constructions.instMembershipTGSet.mem B x))	∀ (A B x : LRA.Set.Constructions.TGSet.Set),   Iff     (LRA.Set.Constructions.instMembershipTGSet.1       (Classical.indefiniteDescription           (LRA.Set.Constructions.TGSet.IsSeparatedSubset A fun x => LRA.Set.Constructions.instMembershipTGSet.mem B x)           ⋯).1       x)     (And (LRA.Set.Constructions.instMembershipTGSet.1 A x) (LRA.Set.Constructions.instMembershipTGSet.1 B x))	ok
LRA.Set.Constructions.TGSet.TheIntersectionIsIntersectionOf	LRA.Set.Constructions.TGSet.Intersection.Theorems	theorem	true	∀ (A B : LRA.Set.Constructions.TGSet.Set),   LRA.Set.Constructions.TGSet.IsIntersectionOf A B (LRA.Set.Constructions.TGSet.TheIntersection A B)	∀ (A B x : LRA.Set.Constructions.TGSet.Set),   Iff     (LRA.Set.Constructions.instMembershipTGSet.1       (Classical.indefiniteDescription           (LRA.Set.Constructions.TGSet.IsSeparatedSubset A fun x => LRA.Set.Constructions.instMembershipTGSet.mem B x)           ⋯).1       x)     (And (LRA.Set.Constructions.instMembershipTGSet.1 A x) (LRA.Set.Constructions.instMembershipTGSet.1 B x))	ok
LRA.Set.Constructions.TGSet.TheRelativeComplementIsRelativeComplementOf	LRA.Set.Constructions.TGSet.RelativeComplement.Theorems	theorem	true	∀ (A B : LRA.Set.Constructions.TGSet.Set),   LRA.Set.Constructions.TGSet.IsRelativeComplementOf A B (LRA.Set.Constructions.TGSet.TheRelativeComplement A B)	∀ (A B x : LRA.Set.Constructions.TGSet.Set),   Iff     (LRA.Set.Constructions.instMembershipTGSet.1       (Classical.indefiniteDescription           (LRA.Set.Constructions.TGSet.IsSeparatedSubset A fun x =>             Not (LRA.Set.Constructions.instMembershipTGSet.mem B x))           ⋯).1       x)     (And (LRA.Set.Constructions.instMembershipTGSet.1 A x) (LRA.Set.Constructions.instMembershipTGSet.1 B x → False))	ok
LRA.Set.Constructions.TGSet.TheRelativeComplementMembership	LRA.Set.Constructions.TGSet.RelativeComplement.Theorems	theorem	true	∀ (A B x : LRA.Set.Constructions.TGSet.Set),   Iff (LRA.Set.Constructions.instMembershipTGSet.mem (LRA.Set.Constructions.TGSet.TheRelativeComplement A B) x)     (And (LRA.Set.Constructions.instMembershipTGSet.mem A x) (Not (LRA.Set.Constructions.instMembershipTGSet.mem B x)))	∀ (A B x : LRA.Set.Constructions.TGSet.Set),   Iff     (LRA.Set.Constructions.instMembershipTGSet.1       (Classical.indefiniteDescription           (LRA.Set.Constructions.TGSet.IsSeparatedSubset A fun x =>             Not (LRA.Set.Constructions.instMembershipTGSet.mem B x))           ⋯).1       x)     (And (LRA.Set.Constructions.instMembershipTGSet.1 A x) (LRA.Set.Constructions.instMembershipTGSet.1 B x → False))	ok
LRA.Set.Constructions.TGSet.TheSymmetricDifferenceIsSymmetricDifferenceOf	LRA.Set.Constructions.TGSet.SymmetricDifference.Theorems	theorem	true	∀ (A B : LRA.Set.Constructions.TGSet.Set),   LRA.Set.Constructions.TGSet.IsSymmetricDifferenceOf A B (LRA.Set.Constructions.TGSet.TheSymmetricDifference A B)	∀ (A B x : LRA.Set.Constructions.TGSet.Set),   Iff     (LRA.Set.Constructions.instMembershipTGSet.1       (Classical.indefiniteDescription           (LRA.Set.Constructions.TGSet.IsUnionOf             (LRA.Set.Constructions.TGSet.PairSet (LRA.Set.Constructions.TGSet.TheRelativeComplement A B)               (LRA.Set.Constructions.TGSet.TheRelativeComplement B A)))           ⋯).val       x)     (Or       (And (LRA.Set.Constructions.instMembershipTGSet.1 A x) (LRA.Set.Constructions.instMembershipTGSet.1 B x → False))       (And (LRA.Set.Constructions.instMembershipTGSet.1 B x) (LRA.Set.Constructions.instMembershipTGSet.1 A x → False)))	ok
LRA.Set.Constructions.TGSet.TheSymmetricDifferenceMembership	LRA.Set.Constructions.TGSet.SymmetricDifference.Theorems	theorem	true	∀ (A B x : LRA.Set.Constructions.TGSet.Set),   Iff (LRA.Set.Constructions.instMembershipTGSet.mem (LRA.Set.Constructions.TGSet.TheSymmetricDifference A B) x)     (Or       (And (LRA.Set.Constructions.instMembershipTGSet.mem A x)         (Not (LRA.Set.Constructions.instMembershipTGSet.mem B x)))       (And (LRA.Set.Constructions.instMembershipTGSet.mem B x)         (Not (LRA.Set.Constructions.instMembershipTGSet.mem A x))))	∀ (A B x : LRA.Set.Constructions.TGSet.Set),   Iff     (LRA.Set.Constructions.instMembershipTGSet.1       (Classical.indefiniteDescription           (LRA.Set.Constructions.TGSet.IsUnionOf             (LRA.Set.Constructions.TGSet.PairSet (LRA.Set.Constructions.TGSet.TheRelativeComplement A B)               (LRA.Set.Constructions.TGSet.TheRelativeComplement B A)))           ⋯).1       x)     (Or       (And (LRA.Set.Constructions.instMembershipTGSet.1 A x) (LRA.Set.Constructions.instMembershipTGSet.1 B x → False))       (And (LRA.Set.Constructions.instMembershipTGSet.1 B x) (LRA.Set.Constructions.instMembershipTGSet.1 A x → False)))	ok
LRA.Set.Constructions.TGSet.TheIntersectionOverMembership	LRA.Set.Constructions.TGSet.IntersectionOver.Theorems	theorem	true	∀ (A x : LRA.Set.Constructions.TGSet.Set),   (Exists fun B => LRA.Set.Constructions.instMembershipTGSet.mem A B) →     Iff (LRA.Set.Constructions.instMembershipTGSet.mem (LRA.Set.Constructions.TGSet.TheIntersectionOver A) x)       (∀ (B : LRA.Set.Constructions.TGSet.Set),         LRA.Set.Constructions.instMembershipTGSet.mem A B → LRA.Set.Constructions.instMembershipTGSet.mem B x)	∀ (A x : LRA.Set.Constructions.TGSet.Set),   (Exists fun B => LRA.Set.Constructions.instMembershipTGSet.1 A B) →     Iff       (LRA.Set.Constructions.instMembershipTGSet.1         (Classical.indefiniteDescription             (LRA.Set.Constructions.TGSet.IsSeparatedSubset (LRA.Set.Constructions.TGSet.TheUnionOver A) fun x =>               ∀ (B : LRA.Set.Constructions.TGSet.Set),                 LRA.Set.Constructions.instMembershipTGSet.mem A B → LRA.Set.Constructions.instMembershipTGSet.mem B x)             ⋯).1         x)       (∀ (B : LRA.Set.Constructions.TGSet.Set),         LRA.Set.Constructions.instMembershipTGSet.1 A B → LRA.Set.Constructions.instMembershipTGSet.1 B x)	ok
LRA.Set.Constructions.TGSet.SetExtensionality	LRA.Set.Constructions.TGSet.Public	theorem	true	∀ (A B : LRA.Set.Constructions.TGSet),   (∀ (x : LRA.Set.Constructions.TGSet),       Iff (LRA.Set.Constructions.instMembershipTGSet.mem A x) (LRA.Set.Constructions.instMembershipTGSet.mem B x)) →     Eq A B	∀ (A B : LRA.Set.Constructions.TGSet),   (∀ (x : LRA.Set.Constructions.TGSet),       Iff (LRA.Set.Constructions.instMembershipTGSet.1 A x) (LRA.Set.Constructions.instMembershipTGSet.1 B x)) →     Eq A B	ok
LRA.Set.Constructions.TGSet.SubsetIffAllMembers	LRA.Set.Constructions.TGSet.Laws.Membership	theorem	true	∀ (A B : LRA.Set.Constructions.TGSet.Set),   Iff (LRA.Set.Constructions.TGSet.instHasSubset.Subset A B)     (∀ (x : LRA.Set.Constructions.TGSet.Set),       LRA.Set.Constructions.instMembershipTGSet.mem A x → LRA.Set.Constructions.instMembershipTGSet.mem B x)	∀ (A B : LRA.Set.Constructions.TGSet.Set),   Iff (LRA.Set.Constructions.TGSet.instHasSubset.1 A B)     (∀ (x : LRA.Set.Constructions.TGSet.Set),       LRA.Set.Constructions.instMembershipTGSet.1 A x → LRA.Set.Constructions.instMembershipTGSet.1 B x)	ok
LRA.Set.Constructions.TGSet.UnionMonotone	LRA.Set.Constructions.TGSet.Laws.Union	theorem	true	∀ (A1 A2 B1 B2 : LRA.Set.Constructions.TGSet.Set),   And (LRA.Set.Constructions.TGSet.instHasSubset.Subset A1 A2)       (LRA.Set.Constructions.TGSet.instHasSubset.Subset B1 B2) →     LRA.Set.Constructions.TGSet.instHasSubset.Subset (LRA.Set.Constructions.TGSet.instUnion.union A1 B1)       (LRA.Set.Constructions.TGSet.instUnion.union A2 B2)	∀ (A1 A2 B1 B2 : LRA.Set.Constructions.TGSet.Set),   And (LRA.Set.Constructions.TGSet.instHasSubset.1 A1 A2) (LRA.Set.Constructions.TGSet.instHasSubset.1 B1 B2) →     LRA.Set.Constructions.TGSet.instHasSubset.1 (LRA.Set.Constructions.TGSet.instUnion.1 A1 B1)       (LRA.Set.Constructions.TGSet.instUnion.1 A2 B2)	ok
LRA.Set.Constructions.TGSet.UnionCommutative	LRA.Set.Constructions.TGSet.Laws.Union	theorem	true	∀ (A B : LRA.Set.Constructions.TGSet.Set),   Eq (LRA.Set.Constructions.TGSet.instUnion.union A B) (LRA.Set.Constructions.TGSet.instUnion.union B A)	∀ (A B : LRA.Set.Constructions.TGSet.Set),   Eq (LRA.Set.Constructions.TGSet.instUnion.1 A B) (LRA.Set.Constructions.TGSet.instUnion.1 B A)	ok
LRA.Set.Constructions.TGSet.SubsetIffUnionEqRight	LRA.Set.Constructions.TGSet.Laws.Union	theorem	true	∀ (A B : LRA.Set.Constructions.TGSet.Set),   Iff (LRA.Set.Constructions.TGSet.instHasSubset.Subset A B) (Eq (LRA.Set.Constructions.TGSet.instUnion.union A B) B)	∀ (A B : LRA.Set.Constructions.TGSet.Set),   Iff (LRA.Set.Constructions.TGSet.instHasSubset.1 A B) (Eq (LRA.Set.Constructions.TGSet.instUnion.1 A B) B)	ok
LRA.Set.Constructions.TGSet.UnionIdempotent	LRA.Set.Constructions.TGSet.Laws.Union	theorem	true	∀ (A : LRA.Set.Constructions.TGSet.Set), Eq (LRA.Set.Constructions.TGSet.instUnion.union A A) A	∀ (A : LRA.Set.Constructions.TGSet.Set), Eq (LRA.Set.Constructions.TGSet.instUnion.1 A A) A	ok
LRA.Set.Constructions.TGSet.UnionEmpty	LRA.Set.Constructions.TGSet.Laws.Union	theorem	true	∀ (A : LRA.Set.Constructions.TGSet.Set),   Eq (LRA.Set.Constructions.TGSet.instUnion.union A LRA.Set.Constructions.TGSet.instEmptyCollection.emptyCollection) A	∀ (A : LRA.Set.Constructions.TGSet.Set),   Eq (LRA.Set.Constructions.TGSet.instUnion.1 A LRA.Set.Constructions.TGSet.instEmptyCollection.1) A	ok
LRA.Set.Constructions.TGSet.EmptyUnion	LRA.Set.Constructions.TGSet.Laws.Union	theorem	true	∀ (A : LRA.Set.Constructions.TGSet.Set),   Eq (LRA.Set.Constructions.TGSet.instUnion.union LRA.Set.Constructions.TGSet.instEmptyCollection.emptyCollection A) A	∀ (A : LRA.Set.Constructions.TGSet.Set),   Eq (LRA.Set.Constructions.TGSet.instUnion.1 LRA.Set.Constructions.TGSet.instEmptyCollection.1 A) A	ok
LRA.Set.Constructions.TGSet.UnionAssociative	LRA.Set.Constructions.TGSet.Laws.Union	theorem	true	∀ (A B C : LRA.Set.Constructions.TGSet.Set),   Eq (LRA.Set.Constructions.TGSet.instUnion.union (LRA.Set.Constructions.TGSet.instUnion.union A B) C)     (LRA.Set.Constructions.TGSet.instUnion.union A (LRA.Set.Constructions.TGSet.instUnion.union B C))	∀ (A B C : LRA.Set.Constructions.TGSet.Set),   Eq (LRA.Set.Constructions.TGSet.instUnion.1 (LRA.Set.Constructions.TGSet.instUnion.1 A B) C)     (LRA.Set.Constructions.TGSet.instUnion.1 A (LRA.Set.Constructions.TGSet.instUnion.1 B C))	ok
LRA.Set.Constructions.TGSet.SubsetIffIntersectionEqLeft	LRA.Set.Constructions.TGSet.Laws.Intersection	theorem	true	∀ (A B : LRA.Set.Constructions.TGSet.Set),   Iff (LRA.Set.Constructions.TGSet.instHasSubset.Subset A B) (Eq (LRA.Set.Constructions.TGSet.instInter.inter A B) A)	∀ (A B : LRA.Set.Constructions.TGSet.Set),   Iff (LRA.Set.Constructions.TGSet.instHasSubset.1 A B) (Eq (LRA.Set.Constructions.TGSet.instInter.1 A B) A)	ok
LRA.Set.Constructions.TGSet.IntersectionCommutative	LRA.Set.Constructions.TGSet.Laws.Intersection	theorem	true	∀ (A B : LRA.Set.Constructions.TGSet.Set),   Eq (LRA.Set.Constructions.TGSet.instInter.inter A B) (LRA.Set.Constructions.TGSet.instInter.inter B A)	∀ (A B : LRA.Set.Constructions.TGSet.Set),   Eq (LRA.Set.Constructions.TGSet.instInter.1 A B) (LRA.Set.Constructions.TGSet.instInter.1 B A)	ok
LRA.Set.Constructions.TGSet.IntersectionEmpty	LRA.Set.Constructions.TGSet.Laws.Intersection	theorem	true	∀ (A : LRA.Set.Constructions.TGSet.Set),   Eq (LRA.Set.Constructions.TGSet.instInter.inter A LRA.Set.Constructions.TGSet.instEmptyCollection.emptyCollection)     LRA.Set.Constructions.TGSet.instEmptyCollection.emptyCollection	∀ (A : LRA.Set.Constructions.TGSet.Set),   Eq (LRA.Set.Constructions.TGSet.instInter.1 A LRA.Set.Constructions.TGSet.instEmptyCollection.1)     LRA.Set.Constructions.TGSet.instEmptyCollection.1	ok
LRA.Set.Constructions.TGSet.EmptyIntersection	LRA.Set.Constructions.TGSet.Laws.Intersection	theorem	true	∀ (A : LRA.Set.Constructions.TGSet.Set),   Eq (LRA.Set.Constructions.TGSet.instInter.inter LRA.Set.Constructions.TGSet.instEmptyCollection.emptyCollection A)     LRA.Set.Constructions.TGSet.instEmptyCollection.emptyCollection	∀ (A : LRA.Set.Constructions.TGSet.Set),   Eq (LRA.Set.Constructions.TGSet.instInter.1 LRA.Set.Constructions.TGSet.instEmptyCollection.1 A)     LRA.Set.Constructions.TGSet.instEmptyCollection.1	ok
LRA.Set.Constructions.TGSet.IntersectionIdempotent	LRA.Set.Constructions.TGSet.Laws.Intersection	theorem	true	∀ (A : LRA.Set.Constructions.TGSet.Set), Eq (LRA.Set.Constructions.TGSet.instInter.inter A A) A	∀ (A : LRA.Set.Constructions.TGSet.Set), Eq (LRA.Set.Constructions.TGSet.instInter.1 A A) A	ok
LRA.Set.Constructions.TGSet.IntersectionAssociative	LRA.Set.Constructions.TGSet.Laws.Intersection	theorem	true	∀ (A B C : LRA.Set.Constructions.TGSet.Set),   Eq (LRA.Set.Constructions.TGSet.instInter.inter (LRA.Set.Constructions.TGSet.instInter.inter A B) C)     (LRA.Set.Constructions.TGSet.instInter.inter A (LRA.Set.Constructions.TGSet.instInter.inter B C))	∀ (A B C : LRA.Set.Constructions.TGSet.Set),   Eq (LRA.Set.Constructions.TGSet.instInter.1 (LRA.Set.Constructions.TGSet.instInter.1 A B) C)     (LRA.Set.Constructions.TGSet.instInter.1 A (LRA.Set.Constructions.TGSet.instInter.1 B C))	ok
LRA.Set.Constructions.TGSet.IntersectionMonotone	LRA.Set.Constructions.TGSet.Laws.Intersection	theorem	true	∀ (A1 A2 B1 B2 : LRA.Set.Constructions.TGSet.Set),   And (LRA.Set.Constructions.TGSet.instHasSubset.Subset A1 A2)       (LRA.Set.Constructions.TGSet.instHasSubset.Subset B1 B2) →     LRA.Set.Constructions.TGSet.instHasSubset.Subset (LRA.Set.Constructions.TGSet.instInter.inter A1 B1)       (LRA.Set.Constructions.TGSet.instInter.inter A2 B2)	∀ (A1 A2 B1 B2 : LRA.Set.Constructions.TGSet.Set),   And (LRA.Set.Constructions.TGSet.instHasSubset.1 A1 A2) (LRA.Set.Constructions.TGSet.instHasSubset.1 B1 B2) →     LRA.Set.Constructions.TGSet.instHasSubset.1 (LRA.Set.Constructions.TGSet.instInter.1 A1 B1)       (LRA.Set.Constructions.TGSet.instInter.1 A2 B2)	ok
LRA.Set.Constructions.TGSet.SubsetTransitive	LRA.Set.Constructions.TGSet.Laws.Subset	theorem	true	∀ (A B C : LRA.Set.Constructions.TGSet.Set),   And (LRA.Set.Constructions.TGSet.instHasSubset.Subset A B) (LRA.Set.Constructions.TGSet.instHasSubset.Subset B C) →     LRA.Set.Constructions.TGSet.instHasSubset.Subset A C	∀ (A B C : LRA.Set.Constructions.TGSet.Set),   And (LRA.Set.Constructions.TGSet.instHasSubset.1 A B) (LRA.Set.Constructions.TGSet.instHasSubset.1 B C) →     LRA.Set.Constructions.TGSet.instHasSubset.1 A C	ok
LRA.Set.Constructions.TGSet.SubsetReflexive	LRA.Set.Constructions.TGSet.Laws.Subset	theorem	true	∀ (A : LRA.Set.Constructions.TGSet.Set), LRA.Set.Constructions.TGSet.instHasSubset.Subset A A	∀ (A : LRA.Set.Constructions.TGSet.Set), LRA.Set.Constructions.TGSet.instHasSubset.1 A A	ok
LRA.Set.Constructions.TGSet.SetEqualityIffMutualSubset	LRA.Set.Constructions.TGSet.Laws.Subset	theorem	true	∀ (A B : LRA.Set.Constructions.TGSet.Set),   Iff (Eq A B)     (And (LRA.Set.Constructions.TGSet.instHasSubset.Subset A B) (LRA.Set.Constructions.TGSet.instHasSubset.Subset B A))	∀ (A B : LRA.Set.Constructions.TGSet.Set),   Iff (Eq A B) (And (LRA.Set.Constructions.TGSet.instHasSubset.1 A B) (LRA.Set.Constructions.TGSet.instHasSubset.1 B A))	ok
LRA.Set.Constructions.TGSet.DifferenceSelf	LRA.Set.Constructions.TGSet.Laws.Difference	theorem	true	∀ (A : LRA.Set.Constructions.TGSet.Set),   Eq (LRA.Set.Constructions.TGSet.instSDiff.sdiff A A) LRA.Set.Constructions.TGSet.instEmptyCollection.emptyCollection	∀ (A : LRA.Set.Constructions.TGSet.Set),   Eq (LRA.Set.Constructions.TGSet.instSDiff.1 A A) LRA.Set.Constructions.TGSet.instEmptyCollection.1	ok
LRA.Set.Constructions.TGSet.UnionDifferenceDistributes	LRA.Set.Constructions.TGSet.Laws.Difference	theorem	true	∀ (A B C : LRA.Set.Constructions.TGSet.Set),   Eq (LRA.Set.Constructions.TGSet.instSDiff.sdiff (LRA.Set.Constructions.TGSet.instUnion.union A B) C)     (LRA.Set.Constructions.TGSet.instUnion.union (LRA.Set.Constructions.TGSet.instSDiff.sdiff A C)       (LRA.Set.Constructions.TGSet.instSDiff.sdiff B C))	∀ (A B C : LRA.Set.Constructions.TGSet.Set),   Eq (LRA.Set.Constructions.TGSet.instSDiff.1 (LRA.Set.Constructions.TGSet.instUnion.1 A B) C)     (LRA.Set.Constructions.TGSet.instUnion.1 (LRA.Set.Constructions.TGSet.instSDiff.1 A C)       (LRA.Set.Constructions.TGSet.instSDiff.1 B C))	ok
LRA.Set.Constructions.TGSet.DifferenceUnion	LRA.Set.Constructions.TGSet.Laws.Difference	theorem	true	∀ (A B C : LRA.Set.Constructions.TGSet.Set),   Eq (LRA.Set.Constructions.TGSet.instSDiff.sdiff A (LRA.Set.Constructions.TGSet.instUnion.union B C))     (LRA.Set.Constructions.TGSet.instInter.inter (LRA.Set.Constructions.TGSet.instSDiff.sdiff A B)       (LRA.Set.Constructions.TGSet.instSDiff.sdiff A C))	∀ (A B C : LRA.Set.Constructions.TGSet.Set),   Eq (LRA.Set.Constructions.TGSet.instSDiff.1 A (LRA.Set.Constructions.TGSet.instUnion.1 B C))     (LRA.Set.Constructions.TGSet.instInter.1 (LRA.Set.Constructions.TGSet.instSDiff.1 A B)       (LRA.Set.Constructions.TGSet.instSDiff.1 A C))	ok
LRA.Set.Constructions.TGSet.DifferenceSubsetLeft	LRA.Set.Constructions.TGSet.Laws.Difference	theorem	true	∀ (A B : LRA.Set.Constructions.TGSet.Set),   LRA.Set.Constructions.TGSet.instHasSubset.Subset (LRA.Set.Constructions.TGSet.instSDiff.sdiff A B) A	∀ (A B : LRA.Set.Constructions.TGSet.Set),   LRA.Set.Constructions.TGSet.instHasSubset.1 (LRA.Set.Constructions.TGSet.instSDiff.1 A B) A	ok
LRA.Set.Constructions.TGSet.DifferenceEmpty	LRA.Set.Constructions.TGSet.Laws.Difference	theorem	true	∀ (A : LRA.Set.Constructions.TGSet.Set),   Eq (LRA.Set.Constructions.TGSet.instSDiff.sdiff A LRA.Set.Constructions.TGSet.instEmptyCollection.emptyCollection) A	∀ (A : LRA.Set.Constructions.TGSet.Set),   Eq (LRA.Set.Constructions.TGSet.instSDiff.1 A LRA.Set.Constructions.TGSet.instEmptyCollection.1) A	ok
LRA.Set.Constructions.TGSet.IntersectionDifferenceDistributes	LRA.Set.Constructions.TGSet.Laws.Difference	theorem	true	∀ (A B C : LRA.Set.Constructions.TGSet.Set),   Eq (LRA.Set.Constructions.TGSet.instSDiff.sdiff (LRA.Set.Constructions.TGSet.instInter.inter A B) C)     (LRA.Set.Constructions.TGSet.instInter.inter (LRA.Set.Constructions.TGSet.instSDiff.sdiff A C)       (LRA.Set.Constructions.TGSet.instSDiff.sdiff B C))	∀ (A B C : LRA.Set.Constructions.TGSet.Set),   Eq (LRA.Set.Constructions.TGSet.instSDiff.1 (LRA.Set.Constructions.TGSet.instInter.1 A B) C)     (LRA.Set.Constructions.TGSet.instInter.1 (LRA.Set.Constructions.TGSet.instSDiff.1 A C)       (LRA.Set.Constructions.TGSet.instSDiff.1 B C))	ok
LRA.Set.Constructions.TGSet.DifferenceMonotoneLeft	LRA.Set.Constructions.TGSet.Laws.Difference	theorem	true	∀ (A1 A2 B : LRA.Set.Constructions.TGSet.Set),   LRA.Set.Constructions.TGSet.instHasSubset.Subset A1 A2 →     LRA.Set.Constructions.TGSet.instHasSubset.Subset (LRA.Set.Constructions.TGSet.instSDiff.sdiff A1 B)       (LRA.Set.Constructions.TGSet.instSDiff.sdiff A2 B)	∀ (A1 A2 B : LRA.Set.Constructions.TGSet.Set),   LRA.Set.Constructions.TGSet.instHasSubset.1 A1 A2 →     LRA.Set.Constructions.TGSet.instHasSubset.1 (LRA.Set.Constructions.TGSet.instSDiff.1 A1 B)       (LRA.Set.Constructions.TGSet.instSDiff.1 A2 B)	ok
LRA.Set.Constructions.TGSet.DifferenceAntitoneRight	LRA.Set.Constructions.TGSet.Laws.Difference	theorem	true	∀ (A B1 B2 : LRA.Set.Constructions.TGSet.Set),   LRA.Set.Constructions.TGSet.instHasSubset.Subset B1 B2 →     LRA.Set.Constructions.TGSet.instHasSubset.Subset (LRA.Set.Constructions.TGSet.instSDiff.sdiff A B2)       (LRA.Set.Constructions.TGSet.instSDiff.sdiff A B1)	∀ (A B1 B2 : LRA.Set.Constructions.TGSet.Set),   LRA.Set.Constructions.TGSet.instHasSubset.1 B1 B2 →     LRA.Set.Constructions.TGSet.instHasSubset.1 (LRA.Set.Constructions.TGSet.instSDiff.1 A B2)       (LRA.Set.Constructions.TGSet.instSDiff.1 A B1)	ok
LRA.Set.Constructions.TGSet.DifferenceIntersection	LRA.Set.Constructions.TGSet.Laws.Difference	theorem	true	∀ (A B C : LRA.Set.Constructions.TGSet.Set),   Eq (LRA.Set.Constructions.TGSet.instSDiff.sdiff A (LRA.Set.Constructions.TGSet.instInter.inter B C))     (LRA.Set.Constructions.TGSet.instUnion.union (LRA.Set.Constructions.TGSet.instSDiff.sdiff A B)       (LRA.Set.Constructions.TGSet.instSDiff.sdiff A C))	∀ (A B C : LRA.Set.Constructions.TGSet.Set),   Eq (LRA.Set.Constructions.TGSet.instSDiff.1 A (LRA.Set.Constructions.TGSet.instInter.1 B C))     (LRA.Set.Constructions.TGSet.instUnion.1 (LRA.Set.Constructions.TGSet.instSDiff.1 A B)       (LRA.Set.Constructions.TGSet.instSDiff.1 A C))	ok
LRA.Set.Constructions.TGSet.DifferenceDisjointRight	LRA.Set.Constructions.TGSet.Laws.Difference	theorem	true	∀ (A B : LRA.Set.Constructions.TGSet.Set),   Eq (LRA.Set.Constructions.TGSet.instInter.inter (LRA.Set.Constructions.TGSet.instSDiff.sdiff A B) B)     LRA.Set.Constructions.TGSet.instEmptyCollection.emptyCollection	∀ (A B : LRA.Set.Constructions.TGSet.Set),   Eq (LRA.Set.Constructions.TGSet.instInter.1 (LRA.Set.Constructions.TGSet.instSDiff.1 A B) B)     LRA.Set.Constructions.TGSet.instEmptyCollection.1	ok
LRA.Set.Constructions.TGSet.EmptyDifference	LRA.Set.Constructions.TGSet.Laws.Difference	theorem	true	∀ (A : LRA.Set.Constructions.TGSet.Set),   Eq (LRA.Set.Constructions.TGSet.instSDiff.sdiff LRA.Set.Constructions.TGSet.instEmptyCollection.emptyCollection A)     LRA.Set.Constructions.TGSet.instEmptyCollection.emptyCollection	∀ (A : LRA.Set.Constructions.TGSet.Set),   Eq (LRA.Set.Constructions.TGSet.instSDiff.1 LRA.Set.Constructions.TGSet.instEmptyCollection.1 A)     LRA.Set.Constructions.TGSet.instEmptyCollection.1	ok
LRA.Set.Constructions.TGSet.EmptySymmetricDifference	LRA.Set.Constructions.TGSet.Laws.SymmetricDifference	theorem	true	∀ (A : LRA.Set.Constructions.TGSet.Set),   Eq     (LRA.Set.Constructions.TGSet.instHasSymmDiff.symmDiff       LRA.Set.Constructions.TGSet.instEmptyCollection.emptyCollection A)     A	∀ (A : LRA.Set.Constructions.TGSet.Set),   Eq (LRA.Set.Constructions.TGSet.instHasSymmDiff.1 LRA.Set.Constructions.TGSet.instEmptyCollection.1 A) A	ok
LRA.Set.Constructions.TGSet.SymmetricDifferenceAsUnionDifferenceIntersection	LRA.Set.Constructions.TGSet.Laws.SymmetricDifference	theorem	true	∀ (A B : LRA.Set.Constructions.TGSet.Set),   Eq (LRA.Set.Constructions.TGSet.instHasSymmDiff.symmDiff A B)     (LRA.Set.Constructions.TGSet.instSDiff.sdiff (LRA.Set.Constructions.TGSet.instUnion.union A B)       (LRA.Set.Constructions.TGSet.instInter.inter A B))	∀ (A B : LRA.Set.Constructions.TGSet.Set),   Eq (LRA.Set.Constructions.TGSet.instHasSymmDiff.1 A B)     (LRA.Set.Constructions.TGSet.instSDiff.1 (LRA.Set.Constructions.TGSet.instUnion.1 A B)       (LRA.Set.Constructions.TGSet.instInter.1 A B))	ok
LRA.Set.Constructions.TGSet.SymmetricDifferenceAsUnionDifferences	LRA.Set.Constructions.TGSet.Laws.SymmetricDifference	theorem	true	∀ (A B : LRA.Set.Constructions.TGSet.Set),   Eq (LRA.Set.Constructions.TGSet.instHasSymmDiff.symmDiff A B)     (LRA.Set.Constructions.TGSet.instUnion.union (LRA.Set.Constructions.TGSet.instSDiff.sdiff A B)       (LRA.Set.Constructions.TGSet.instSDiff.sdiff B A))	∀ (A B : LRA.Set.Constructions.TGSet.Set),   Eq (LRA.Set.Constructions.TGSet.instHasSymmDiff.1 A B)     (LRA.Set.Constructions.TGSet.instUnion.1 (LRA.Set.Constructions.TGSet.instSDiff.1 A B)       (LRA.Set.Constructions.TGSet.instSDiff.1 B A))	ok
LRA.Set.Constructions.TGSet.SymmetricDifferenceSelf	LRA.Set.Constructions.TGSet.Laws.SymmetricDifference	theorem	true	∀ (A : LRA.Set.Constructions.TGSet.Set),   Eq (LRA.Set.Constructions.TGSet.instHasSymmDiff.symmDiff A A)     LRA.Set.Constructions.TGSet.instEmptyCollection.emptyCollection	∀ (A : LRA.Set.Constructions.TGSet.Set),   Eq (LRA.Set.Constructions.TGSet.instHasSymmDiff.1 A A) LRA.Set.Constructions.TGSet.instEmptyCollection.1	ok
LRA.Set.Constructions.TGSet.SymmetricDifferenceAssociative	LRA.Set.Constructions.TGSet.Laws.SymmetricDifference	theorem	true	∀ (A B C : LRA.Set.Constructions.TGSet.Set),   Eq (LRA.Set.Constructions.TGSet.instHasSymmDiff.symmDiff (LRA.Set.Constructions.TGSet.instHasSymmDiff.symmDiff A B) C)     (LRA.Set.Constructions.TGSet.instHasSymmDiff.symmDiff A (LRA.Set.Constructions.TGSet.instHasSymmDiff.symmDiff B C))	∀ (A B C : LRA.Set.Constructions.TGSet.Set),   Eq (LRA.Set.Constructions.TGSet.instHasSymmDiff.1 (LRA.Set.Constructions.TGSet.instHasSymmDiff.1 A B) C)     (LRA.Set.Constructions.TGSet.instHasSymmDiff.1 A (LRA.Set.Constructions.TGSet.instHasSymmDiff.1 B C))	ok
LRA.Set.Constructions.TGSet.SymmetricDifferenceCommutative	LRA.Set.Constructions.TGSet.Laws.SymmetricDifference	theorem	true	∀ (A B : LRA.Set.Constructions.TGSet.Set),   Eq (LRA.Set.Constructions.TGSet.instHasSymmDiff.symmDiff A B)     (LRA.Set.Constructions.TGSet.instHasSymmDiff.symmDiff B A)	∀ (A B : LRA.Set.Constructions.TGSet.Set),   Eq (LRA.Set.Constructions.TGSet.instHasSymmDiff.1 A B) (LRA.Set.Constructions.TGSet.instHasSymmDiff.1 B A)	ok
LRA.Set.Constructions.TGSet.SymmetricDifferenceSubsetUnion	LRA.Set.Constructions.TGSet.Laws.SymmetricDifference	theorem	true	∀ (A B : LRA.Set.Constructions.TGSet.Set),   LRA.Set.Constructions.TGSet.instHasSubset.Subset (LRA.Set.Constructions.TGSet.instHasSymmDiff.symmDiff A B)     (LRA.Set.Constructions.TGSet.instUnion.union A B)	∀ (A B : LRA.Set.Constructions.TGSet.Set),   LRA.Set.Constructions.TGSet.instHasSubset.1 (LRA.Set.Constructions.TGSet.instHasSymmDiff.1 A B)     (LRA.Set.Constructions.TGSet.instUnion.1 A B)	ok
LRA.Set.Constructions.TGSet.SymmetricDifferenceEmpty	LRA.Set.Constructions.TGSet.Laws.SymmetricDifference	theorem	true	∀ (A : LRA.Set.Constructions.TGSet.Set),   Eq     (LRA.Set.Constructions.TGSet.instHasSymmDiff.symmDiff A       LRA.Set.Constructions.TGSet.instEmptyCollection.emptyCollection)     A	∀ (A : LRA.Set.Constructions.TGSet.Set),   Eq (LRA.Set.Constructions.TGSet.instHasSymmDiff.1 A LRA.Set.Constructions.TGSet.instEmptyCollection.1) A	ok
LRA.Set.Constructions.TGSet.SymmetricDifferenceEqEmptyIff	LRA.Set.Constructions.TGSet.Laws.SymmetricDifference	theorem	true	∀ (A B : LRA.Set.Constructions.TGSet.Set),   Iff     (Eq (LRA.Set.Constructions.TGSet.instHasSymmDiff.symmDiff A B)       LRA.Set.Constructions.TGSet.instEmptyCollection.emptyCollection)     (Eq A B)	∀ (A B : LRA.Set.Constructions.TGSet.Set),   Iff (Eq (LRA.Set.Constructions.TGSet.instHasSymmDiff.1 A B) LRA.Set.Constructions.TGSet.instEmptyCollection.1)     (Eq A B)	ok
LRA.Set.Constructions.TGSet.AbsorptionUnionIntersection	LRA.Set.Constructions.TGSet.Laws.Distributivity	theorem	true	∀ (A B : LRA.Set.Constructions.TGSet.Set),   Eq (LRA.Set.Constructions.TGSet.instUnion.union A (LRA.Set.Constructions.TGSet.instInter.inter A B)) A	∀ (A B : LRA.Set.Constructions.TGSet.Set),   Eq (LRA.Set.Constructions.TGSet.instUnion.1 A (LRA.Set.Constructions.TGSet.instInter.1 A B)) A	ok
LRA.Set.Constructions.TGSet.UnionDistributesOverIntersection	LRA.Set.Constructions.TGSet.Laws.Distributivity	theorem	true	∀ (A B C : LRA.Set.Constructions.TGSet.Set),   Eq (LRA.Set.Constructions.TGSet.instUnion.union A (LRA.Set.Constructions.TGSet.instInter.inter B C))     (LRA.Set.Constructions.TGSet.instInter.inter (LRA.Set.Constructions.TGSet.instUnion.union A B)       (LRA.Set.Constructions.TGSet.instUnion.union A C))	∀ (A B C : LRA.Set.Constructions.TGSet.Set),   Eq (LRA.Set.Constructions.TGSet.instUnion.1 A (LRA.Set.Constructions.TGSet.instInter.1 B C))     (LRA.Set.Constructions.TGSet.instInter.1 (LRA.Set.Constructions.TGSet.instUnion.1 A B)       (LRA.Set.Constructions.TGSet.instUnion.1 A C))	ok
LRA.Set.Constructions.TGSet.AbsorptionIntersectionUnion	LRA.Set.Constructions.TGSet.Laws.Distributivity	theorem	true	∀ (A B : LRA.Set.Constructions.TGSet.Set),   Eq (LRA.Set.Constructions.TGSet.instInter.inter A (LRA.Set.Constructions.TGSet.instUnion.union A B)) A	∀ (A B : LRA.Set.Constructions.TGSet.Set),   Eq (LRA.Set.Constructions.TGSet.instInter.1 A (LRA.Set.Constructions.TGSet.instUnion.1 A B)) A	ok
LRA.Set.Constructions.TGSet.IntersectionDistributesOverUnion	LRA.Set.Constructions.TGSet.Laws.Distributivity	theorem	true	∀ (A B C : LRA.Set.Constructions.TGSet.Set),   Eq (LRA.Set.Constructions.TGSet.instInter.inter A (LRA.Set.Constructions.TGSet.instUnion.union B C))     (LRA.Set.Constructions.TGSet.instUnion.union (LRA.Set.Constructions.TGSet.instInter.inter A B)       (LRA.Set.Constructions.TGSet.instInter.inter A C))	∀ (A B C : LRA.Set.Constructions.TGSet.Set),   Eq (LRA.Set.Constructions.TGSet.instInter.1 A (LRA.Set.Constructions.TGSet.instUnion.1 B C))     (LRA.Set.Constructions.TGSet.instUnion.1 (LRA.Set.Constructions.TGSet.instInter.1 A B)       (LRA.Set.Constructions.TGSet.instInter.1 A C))	ok
LRA.Set.Constructions.TGSet.instExtensionalityLawSet	LRA.Set.Constructions.TGSet.Satisfy_Generic	theorem	true	LRA.Set.ExtensionalityLaw LRA.Set.Constructions.TGSet.Set LRA.Set.Constructions.TGSet.Set	LRA.Set.ExtensionalityLaw LRA.Set.Constructions.TGSet.Set LRA.Set.Constructions.TGSet.Set	ok
LRA.Set.Constructions.TGSet.instIntersectionLawsSet	LRA.Set.Constructions.TGSet.Satisfy_Generic	theorem	true	LRA.Set.IntersectionLaws LRA.Set.Constructions.TGSet.Set	LRA.Set.IntersectionLaws LRA.Set.Constructions.TGSet.Set	ok
LRA.Set.Constructions.TGSet.instSubsetLawsSet	LRA.Set.Constructions.TGSet.Satisfy_Generic	theorem	true	LRA.Set.SubsetLaws LRA.Set.Constructions.TGSet.Set	LRA.Set.SubsetLaws LRA.Set.Constructions.TGSet.Set	ok
LRA.Set.Constructions.TGSet.instCollectionMembershipLawsSet	LRA.Set.Constructions.TGSet.Satisfy_Generic	theorem	true	LRA.Set.CollectionMembershipLaws LRA.Set.Constructions.TGSet.Set LRA.Set.Constructions.TGSet.Set   LRA.Set.Constructions.TGSet.Set	LRA.Set.CollectionMembershipLaws LRA.Set.Constructions.TGSet.Set LRA.Set.Constructions.TGSet.Set   LRA.Set.Constructions.TGSet.Set	ok
LRA.Set.Constructions.TGSet.instSymmDiffMembershipLawsSet	LRA.Set.Constructions.TGSet.Satisfy_Generic	theorem	true	LRA.Set.SymmDiffMembershipLaws LRA.Set.Constructions.TGSet.Set LRA.Set.Constructions.TGSet.Set	LRA.Set.SymmDiffMembershipLaws LRA.Set.Constructions.TGSet.Set LRA.Set.Constructions.TGSet.Set	ok
LRA.Set.Constructions.TGSet.instUnionLawsSet	LRA.Set.Constructions.TGSet.Satisfy_Generic	theorem	true	LRA.Set.UnionLaws LRA.Set.Constructions.TGSet.Set	LRA.Set.UnionLaws LRA.Set.Constructions.TGSet.Set	ok
LRA.Set.Constructions.TGSet.instSeparationLawsSet	LRA.Set.Constructions.TGSet.Satisfy_Generic	theorem	true	LRA.Set.SeparationLaws LRA.Set.Constructions.TGSet.Set LRA.Set.Constructions.TGSet.Set	LRA.Set.SeparationLaws LRA.Set.Constructions.TGSet.Set LRA.Set.Constructions.TGSet.Set	ok
LRA.Set.Constructions.TGSet.instSymmDiffLawsSet	LRA.Set.Constructions.TGSet.Satisfy_Generic	theorem	true	LRA.Set.SymmDiffLaws LRA.Set.Constructions.TGSet.Set	LRA.Set.SymmDiffLaws LRA.Set.Constructions.TGSet.Set	ok
LRA.Set.Constructions.TGSet.instDistributivityLawsSet	LRA.Set.Constructions.TGSet.Satisfy_Generic	theorem	true	LRA.Set.DistributivityLaws LRA.Set.Constructions.TGSet.Set	LRA.Set.DistributivityLaws LRA.Set.Constructions.TGSet.Set	ok
LRA.Set.Constructions.TGSet.instDifferenceLawsSet	LRA.Set.Constructions.TGSet.Satisfy_Generic	theorem	true	LRA.Set.DifferenceLaws LRA.Set.Constructions.TGSet.Set	LRA.Set.DifferenceLaws LRA.Set.Constructions.TGSet.Set	ok
LRA.Set.Constructions.TGSet.instMembershipLawsSet	LRA.Set.Constructions.TGSet.Satisfy_Generic	theorem	true	LRA.Set.MembershipLaws LRA.Set.Constructions.TGSet.Set LRA.Set.Constructions.TGSet.Set	LRA.Set.MembershipLaws LRA.Set.Constructions.TGSet.Set LRA.Set.Constructions.TGSet.Set	ok
LRA.Set.Constructions.TGSet.instPowersetMembershipLawsSet	LRA.Set.Constructions.TGSet.Satisfy_Generic	theorem	true	LRA.Set.PowersetMembershipLaws LRA.Set.Constructions.TGSet.Set LRA.Set.Constructions.TGSet.Set	LRA.Set.PowersetMembershipLaws LRA.Set.Constructions.TGSet.Set LRA.Set.Constructions.TGSet.Set	ok
LRA.Set.Constructions.TGSet.instPairingLawsSet	LRA.Set.Constructions.TGSet.Satisfy_Generic	theorem	true	LRA.Set.PairingLaws LRA.Set.Constructions.TGSet.Set LRA.Set.Constructions.TGSet.Set LRA.Set.Constructions.TGSet.Set	LRA.Set.PairingLaws LRA.Set.Constructions.TGSet.Set LRA.Set.Constructions.TGSet.Set LRA.Set.Constructions.TGSet.Set	ok
LRA.Set.Constructions.GrothendieckUniverse.Interface.ModelTheory.universeMembershipInterpretation	LRA.Set.Constructions.GrothendieckUniverse.Interface.ModelTheory.LStructure	instance	false	∀ {SetObject : Type u} [inst : Membership SetObject SetObject]   (structureData : LRA.Set.Constructions.GrothendieckUniverse.Interface.ModelTheory.UniverseLStructure SetObject)   (a a_1 : LRA.Set.Constructions.GrothendieckUniverse.Interface.ModelTheory.UniverseDomain structureData),   inst.1 a_1.val a.val	∀ {SetObject : Type u} [inst : Membership SetObject SetObject]   (structureData : LRA.Set.Constructions.GrothendieckUniverse.Interface.ModelTheory.UniverseLStructure SetObject)   (a a_1 : Subtype fun x => inst.1 structureData.2 x), inst.1 a_1.1 a.1	ok
LRA.Set.Constructions.GrothendieckUniverse.Interface.ModelTheory.pureMembershipRelationSymbolIsBinary	LRA.Set.Constructions.GrothendieckUniverse.Interface.ModelTheory.LStructure	theorem	true	LRA.Set.Constructions.GrothendieckUniverse.Interface.ModelTheory.PureMembershipSignature.IsBinaryRelationSymbol   LRA.Set.Constructions.GrothendieckUniverse.Interface.ModelTheory.PureMembershipRelationSymbol.mem	Eq   (LRA.Set.Constructions.GrothendieckUniverse.Interface.ModelTheory.PureMembershipSignature.Relations.2     LRA.Set.Constructions.GrothendieckUniverse.Interface.ModelTheory.PureMembershipRelationSymbol.mem)   2	ok
LRA.Set.Constructions.GrothendieckUniverse.Interface.ModelTheory.IsStandardTransitiveMembershipStructure	LRA.Set.Constructions.GrothendieckUniverse.Interface.ModelTheory.LStructure	instance	false	∀ {SetObject : Type u} [inst : Membership SetObject SetObject]   (structureData : LRA.Set.Constructions.GrothendieckUniverse.Interface.ModelTheory.UniverseLStructure SetObject),   And (LRA.Set.Constructions.GrothendieckUniverse.Interface.ModelTheory.IsNormalMembershipStructure structureData)     (LRA.Set.Constructions.GrothendieckUniverse.IsTransitiveUniverse structureData.carrier)	∀ {SetObject : Type u} [inst : Membership SetObject SetObject]   (structureData : LRA.Set.Constructions.GrothendieckUniverse.Interface.ModelTheory.UniverseLStructure SetObject),   And (∀ (left right : Subtype fun x => inst.1 structureData.2 x), Iff (inst.1 right.1 left.1) (inst.1 right.1 left.1))     (∀ ⦃x y : SetObject⦄, inst.1 structureData.2 x → inst.1 x y → inst.1 structureData.2 y)	ok
LRA.Set.Constructions.GrothendieckUniverse.Interface.ModelTheory.IsNormalMembershipStructure	LRA.Set.Constructions.GrothendieckUniverse.Interface.ModelTheory.LStructure	instance	false	∀ {SetObject : Type u} [inst : Membership SetObject SetObject]   (structureData : LRA.Set.Constructions.GrothendieckUniverse.Interface.ModelTheory.UniverseLStructure SetObject)   (left right : LRA.Set.Constructions.GrothendieckUniverse.Interface.ModelTheory.UniverseDomain structureData),   Iff     (LRA.Set.Constructions.GrothendieckUniverse.Interface.ModelTheory.universeMembershipInterpretation structureData       left right)     (inst.mem right.val left.val)	∀ {SetObject : Type u} [inst : Membership SetObject SetObject]   (structureData : LRA.Set.Constructions.GrothendieckUniverse.Interface.ModelTheory.UniverseLStructure SetObject)   (left right : Subtype fun x => inst.1 structureData.2 x), Iff (inst.1 right.1 left.1) (inst.1 right.1 left.1)	ok
LRA.Set.Constructions.GrothendieckUniverse.Interface.ModelTheory.pureMembershipLanguageHasNoConstantSymbols	LRA.Set.Constructions.GrothendieckUniverse.Interface.ModelTheory.LStructure	theorem	true	IsEmpty LRA.Set.Constructions.GrothendieckUniverse.Interface.ModelTheory.PureMembershipSignature.Constants	IsEmpty LRA.Set.Constructions.GrothendieckUniverse.Interface.ModelTheory.PureMembershipSignature.3	ok
LRA.Set.Constructions.GrothendieckUniverse.Interface.ModelTheory.universeStructureIsStandardTransitive	LRA.Set.Constructions.GrothendieckUniverse.Interface.ModelTheory.LStructure	theorem	true	∀ {SetObject : Type u} [inst : Membership SetObject SetObject]   (structureData : LRA.Set.Constructions.GrothendieckUniverse.Interface.ModelTheory.UniverseLStructure SetObject),   LRA.Set.Constructions.GrothendieckUniverse.Interface.ModelTheory.IsStandardTransitiveMembershipStructure structureData	∀ {SetObject : Type u} [inst : Membership SetObject SetObject]   (structureData : LRA.Set.Constructions.GrothendieckUniverse.Interface.ModelTheory.UniverseLStructure SetObject),   And (∀ (left right : Subtype fun x => inst.1 structureData.2 x), Iff (inst.1 right.1 left.1) (inst.1 right.1 left.1))     (∀ ⦃x y : SetObject⦄, inst.1 structureData.2 x → inst.1 x y → inst.1 structureData.2 y)	ok
LRA.Set.Constructions.GrothendieckUniverse.Interface.ModelTheory.universeStructureIsNormal	LRA.Set.Constructions.GrothendieckUniverse.Interface.ModelTheory.LStructure	theorem	true	∀ {SetObject : Type u} [inst : Membership SetObject SetObject]   (structureData : LRA.Set.Constructions.GrothendieckUniverse.Interface.ModelTheory.UniverseLStructure SetObject),   LRA.Set.Constructions.GrothendieckUniverse.Interface.ModelTheory.IsNormalMembershipStructure structureData	∀ {SetObject : Type u} [inst : Membership SetObject SetObject]   (structureData : LRA.Set.Constructions.GrothendieckUniverse.Interface.ModelTheory.UniverseLStructure SetObject)   (left right : Subtype fun x => inst.1 structureData.2 x), Iff (inst.1 right.1 left.1) (inst.1 right.1 left.1)	ok
LRA.Set.Constructions.GrothendieckUniverse.Interface.ModelTheory.pureMembershipLanguageHasNoFunctionSymbols	LRA.Set.Constructions.GrothendieckUniverse.Interface.ModelTheory.LStructure	theorem	true	IsEmpty LRA.Set.Constructions.GrothendieckUniverse.Interface.ModelTheory.PureMembershipFunctions.Symbol	IsEmpty LRA.Set.Constructions.GrothendieckUniverse.Interface.ModelTheory.PureMembershipFunctions.1	ok
LRA.Set.Constructions.GrothendieckUniverse.Interface.ModelTheory.universeDomainNonempty	LRA.Set.Constructions.GrothendieckUniverse.Interface.ModelTheory.LStructure	theorem	true	∀ {SetObject : Type u} [inst : Membership SetObject SetObject]   (structureData : LRA.Set.Constructions.GrothendieckUniverse.Interface.ModelTheory.UniverseLStructure SetObject),   Nonempty (LRA.Set.Constructions.GrothendieckUniverse.Interface.ModelTheory.UniverseDomain structureData)	∀ {SetObject : Type u} [inst : Membership SetObject SetObject]   (structureData : LRA.Set.Constructions.GrothendieckUniverse.Interface.ModelTheory.UniverseLStructure SetObject),   Nonempty (Subtype fun x => inst.1 structureData.2 x)	ok
LRA.Set.Constructions.TGSet.Interface.ModelTheory.TGUniversePredicate	LRA.Set.Constructions.TGSet.Interface.ModelTheory.Theory	instance	false	∀ (A U : LRA.Set.Constructions.TGSet.Interface.ModelTheory.TGSetObject),   And (LRA.Set.Constructions.instMembershipTGSet.mem U A)     (LRA.Set.Constructions.GrothendieckUniverse.IsGrothendieckUniverse U)	∀ (A U : LRA.Set.Constructions.TGSet.Interface.ModelTheory.TGSetObject),   And (LRA.Set.Constructions.instMembershipTGSet.1 U A)     (And       (∀ ⦃x y : LRA.Set.Constructions.TGSet.Interface.ModelTheory.TGSetObject⦄,         LRA.Set.Constructions.instMembershipTGSet.1 U x →           LRA.Set.Constructions.instMembershipTGSet.1 x y → LRA.Set.Constructions.instMembershipTGSet.1 U y)       (And         (∀ ⦃x y : LRA.Set.Constructions.TGSet.Interface.ModelTheory.TGSetObject⦄,           LRA.Set.Constructions.instMembershipTGSet.1 U x →             LRA.Set.Constructions.instMembershipTGSet.1 U y →               Exists fun pair =>                 And (LRA.Set.Constructions.instMembershipTGSet.1 U pair)                   (∀ (x_1 : LRA.Set.Constructions.TGSet.Interface.ModelTheory.TGSetObject),                     Iff (LRA.Set.Constructions.instMembershipTGSet.1 pair x_1) (Or (Eq x_1 x) (Eq x_1 y))))         (And           (∀ ⦃x : LRA.Set.Constructions.TGSet.Interface.ModelTheory.TGSetObject⦄,             LRA.Set.Constructions.instMembershipTGSet.1 U x →               Exists fun powerSet =>                 And (LRA.Set.Constructions.instMembershipTGSet.1 U powerSet)                   (∀ (x_1 : LRA.Set.Constructions.TGSet.Interface.ModelTheory.TGSetObject),                     Iff (LRA.Set.Constructions.instMembershipTGSet.1 powerSet x_1)                       (∀ (y : LRA.Set.Constructions.TGSet.Interface.ModelTheory.TGSetObject),                         LRA.Set.Constructions.instMembershipTGSet.1 x_1 y →                           LRA.Set.Constructions.instMembershipTGSet.1 x y)))           (And             (∀ ⦃indexSet : LRA.Set.Constructions.TGSet.Interface.ModelTheory.TGSetObject⦄,               LRA.Set.Constructions.instMembershipTGSet.1 U indexSet →                 ∀                   (family :                     LRA.Set.Constructions.TGSet.Interface.ModelTheory.TGSetObject →                       LRA.Set.Constructions.TGSet.Interface.ModelTheory.TGSetObject),                   (∀ (i : LRA.Set.Constructions.TGSet.Interface.ModelTheory.TGSetObject),                       LRA.Set.Constructions.instMembershipTGSet.1 indexSet i →                         LRA.Set.Constructions.instMembershipTGSet.1 U (family i)) →                     Exists fun image =>                       And (LRA.Set.Constructions.instMembershipTGSet.1 U image)                         (And                           (∀ (y : LRA.Set.Constructions.TGSet.Interface.ModelTheory.TGSetObject),                             Iff (LRA.Set.Constructions.instMembershipTGSet.1 image y)                               (Exists fun i =>                                 And (LRA.Set.Constructions.instMembershipTGSet.1 indexSet i) (Eq y (family i))))                           (Exists fun union =>                             And (LRA.Set.Constructions.instMembershipTGSet.1 U union)                               (∀ (x : LRA.Set.Constructions.TGSet.Interface.ModelTheory.TGSetObject),                                 Iff (LRA.Set.Constructions.instMembershipTGSet.1 union x)                                   (Exists fun i =>                                     And (LRA.Set.Constructions.instMembershipTGSet.1 indexSet i)                                       (LRA.Set.Constructions.instMembershipTGSet.1 (family i) x))))))             (Exists fun omega =>               And (LRA.Set.Constructions.instMembershipTGSet.1 U omega)                 (And                   (Exists fun empty =>                     And (LRA.Set.Constructions.instMembershipTGSet.1 omega empty)                       (∀ (x : LRA.Set.Constructions.TGSet.Interface.ModelTheory.TGSetObject),                         LRA.Set.Constructions.instMembershipTGSet.1 empty x → False))                   (∀ (x : LRA.Set.Constructions.TGSet.Interface.ModelTheory.TGSetObject),                     LRA.Set.Constructions.instMembershipTGSet.1 omega x →                       Exists fun successor =>                         And (LRA.Set.Constructions.instMembershipTGSet.1 omega successor)                           (∀ (x_1 : LRA.Set.Constructions.TGSet.Interface.ModelTheory.TGSetObject),                             Iff (LRA.Set.Constructions.instMembershipTGSet.1 successor x_1)                               (Or (LRA.Set.Constructions.instMembershipTGSet.1 x x_1) (Eq x_1 x))))))))))	ok
LRA.Set.Constructions.TGSet.Interface.ModelTheory.TGUniverseAxiom	LRA.Set.Constructions.TGSet.Interface.ModelTheory.Theory	instance	false	LRA.Set.Constructions.GrothendieckUniverse.GrothendieckUniverseAxiom   LRA.Set.Constructions.TGSet.Interface.ModelTheory.TGSetObject	LRA.Set.Constructions.GrothendieckUniverse.GrothendieckUniverseAxiom   LRA.Set.Constructions.TGSet.Interface.ModelTheory.TGSetObject	ok
LRA.Set.Constructions.TGSet.Interface.ModelTheory.SatisfiesTGTheory	LRA.Set.Constructions.TGSet.Interface.ModelTheory.Theory	instance	false	∀ (model : LRA.ModelTheory.FirstOrder.Model LRA.Set.ModelTheory.MembershipSignature),   And     (Set.instMembership.mem       (LRA.ModelTheory.FirstOrder.ModelsOfFormulaTheory LRA.Set.Constructions.ZFCSet.Interface.ModelTheory.ZFCTheory)       model)     LRA.Set.Constructions.TGSet.Interface.ModelTheory.TGUniverseAxiom	∀ (model : LRA.Logic.FirstOrder.Interpretation LRA.Set.ModelTheory.MembershipSignature),   And     (Set.instMembership.1       (fun M =>         ∀ (assignment : Nat → M.1) (φ : LRA.Logic.FirstOrder.Formula LRA.Set.ModelTheory.MembershipSignature Nat),           Set.instMembership.1 LRA.Set.Constructions.ZFCSet.Interface.ModelTheory.ZFCTheory φ →             LRA.Logic.FirstOrder.Satisfies M assignment φ)       model)     LRA.Set.Constructions.TGSet.Interface.ModelTheory.TGUniverseAxiom	ok
LRA.Set.Constructions.TGSet.tgSetSatisfiesPairing	LRA.Set.Constructions.TGSet.Satisfy_ZFC	theorem	true	∀ (assignment : Nat → LRA.Set.Constructions.TGSet.TGSetMembershipModel.Domain),   LRA.Logic.FirstOrder.Satisfies LRA.Set.Constructions.TGSet.TGSetMembershipModel assignment     LRA.Set.Constructions.ZFCSet.Interface.ModelTheory.pairingFormula	∀ (assignment : Nat → LRA.Set.Constructions.TGSet.TGSetMembershipModel.1),   LRA.Logic.FirstOrder.Satisfies LRA.Set.Constructions.TGSet.TGSetMembershipModel assignment     LRA.Set.Constructions.ZFCSet.Interface.ModelTheory.pairingFormula	ok
LRA.Set.Constructions.TGSet.tgSetSatisfiesInfinity	LRA.Set.Constructions.TGSet.Satisfy_ZFC	theorem	true	∀ (assignment : Nat → LRA.Set.Constructions.TGSet.TGSetMembershipModel.Domain),   LRA.Logic.FirstOrder.Satisfies LRA.Set.Constructions.TGSet.TGSetMembershipModel assignment     LRA.Set.Constructions.ZFCSet.Interface.ModelTheory.infinityFormula	∀ (assignment : Nat → LRA.Set.Constructions.TGSet.TGSetMembershipModel.1),   LRA.Logic.FirstOrder.Satisfies LRA.Set.Constructions.TGSet.TGSetMembershipModel assignment     LRA.Set.Constructions.ZFCSet.Interface.ModelTheory.infinityFormula	ok
LRA.Set.Constructions.TGSet.tgSetSatisfiesReplacement	LRA.Set.Constructions.TGSet.Satisfy_ZFC	theorem	true	∀ (relation : LRA.Logic.FirstOrder.Formula LRA.Set.ModelTheory.MembershipSignature Nat),   LRA.Set.Constructions.ZFCSet.Interface.ModelTheory.ReplacementHygienic relation →     ∀ (assignment : Nat → LRA.Set.Constructions.TGSet.TGSetMembershipModel.Domain),       LRA.Logic.FirstOrder.Satisfies LRA.Set.Constructions.TGSet.TGSetMembershipModel assignment         (LRA.Set.Constructions.ZFCSet.Interface.ModelTheory.replacementInstance relation)	∀ (relation : LRA.Logic.FirstOrder.Formula LRA.Set.ModelTheory.MembershipSignature Nat),   And (SetLike.instMembership.1 (LRA.Logic.FirstOrder.freeVariables relation) 2 → False)       (And (SetLike.instMembership.1 (LRA.Logic.FirstOrder.freeVariables relation) 3 → False)         (SetLike.instMembership.1 (LRA.Logic.FirstOrder.allVariables relation) 4 → False)) →     ∀ (assignment : Nat → LRA.Set.Constructions.TGSet.TGSetMembershipModel.1),       LRA.Logic.FirstOrder.Satisfies LRA.Set.Constructions.TGSet.TGSetMembershipModel assignment         (LRA.Logic.FirstOrder.Formula.forallQ 2           ((LRA.Logic.FirstOrder.Formula.forallQ 0                 ((LRA.Logic.FirstOrder.Formula.relation LRA.Set.ModelTheory.MembershipRelationSymbol.mem fun i =>                       Fin.induction.match_1                         (fun x =>                           (fun x => (fun x => LRA.Logic.FirstOrder.Term LRA.Set.ModelTheory.MembershipSignature Nat) x)                             x)                         i fun i hi =>                         Fin.induction.go (LRA.Set.ModelTheory.varT 0)                           (fun i x => (fun i => Fin.cases (LRA.Set.ModelTheory.varT 2) Fin.elim0 i) i) i hi).impl                   ((LRA.Logic.FirstOrder.Formula.forallQ 1 relation.neg).neg.impl                       (LRA.Logic.FirstOrder.Formula.forallQ 1                           (LRA.Logic.FirstOrder.Formula.forallQ 4                             ((relation.impl                                     (LRA.Logic.FirstOrder.substitute 1 (LRA.Logic.FirstOrder.Term.var 4)                                         relation).neg).neg.impl                               (LRA.Logic.FirstOrder.Formula.equal (LRA.Logic.FirstOrder.Term.var 1)                                 (LRA.Logic.FirstOrder.Term.var 4))))).neg).neg)).impl             (LRA.Logic.FirstOrder.Formula.forallQ 3                 (LRA.Logic.FirstOrder.Formula.forallQ 1                     (((LRA.Logic.FirstOrder.Formula.relation LRA.Set.ModelTheory.MembershipRelationSymbol.mem                                 (LRA.Set.ModelTheory.binaryTerms (LRA.Set.ModelTheory.varT 1)                                   (LRA.Set.ModelTheory.varT 3))).impl                             (LRA.Logic.FirstOrder.Formula.forallQ 0                                 ((LRA.Set.ModelTheory.memF 0 2).impl relation.neg).neg.neg).neg).impl                         ((LRA.Logic.FirstOrder.Formula.forallQ 0                                   ((LRA.Set.ModelTheory.memF 0 2).impl relation.neg).neg.neg).neg.impl                             (LRA.Logic.FirstOrder.Formula.relation LRA.Set.ModelTheory.MembershipRelationSymbol.mem                               (LRA.Set.ModelTheory.binaryTerms (LRA.Set.ModelTheory.varT 1)                                 (LRA.Set.ModelTheory.varT 3)))).neg).neg).neg).neg))	ok
LRA.Set.Constructions.TGSet.tgSetSatisfiesFoundation	LRA.Set.Constructions.TGSet.Satisfy_ZFC	theorem	true	∀ (assignment : Nat → LRA.Set.Constructions.TGSet.TGSetMembershipModel.Domain),   LRA.Logic.FirstOrder.Satisfies LRA.Set.Constructions.TGSet.TGSetMembershipModel assignment     LRA.Set.Constructions.ZFCSet.Interface.ModelTheory.foundationFormula	∀ (assignment : Nat → LRA.Set.Constructions.TGSet.TGSetMembershipModel.1),   LRA.Logic.FirstOrder.Satisfies LRA.Set.Constructions.TGSet.TGSetMembershipModel assignment     LRA.Set.Constructions.ZFCSet.Interface.ModelTheory.foundationFormula	ok
LRA.Set.Constructions.TGSet.tgSetModelsZFC	LRA.Set.Constructions.TGSet.Satisfy_ZFC	theorem	true	Set.instMembership.mem   (LRA.ModelTheory.FirstOrder.ModelsOfFormulaTheory LRA.Set.Constructions.ZFCSet.Interface.ModelTheory.ZFCTheory)   LRA.Set.Constructions.TGSet.TGSetMembershipModel	Set.instMembership.1   (fun M =>     ∀ (assignment : Nat → M.1) (φ : LRA.Logic.FirstOrder.Formula LRA.Set.ModelTheory.MembershipSignature Nat),       Set.instMembership.1 LRA.Set.Constructions.ZFCSet.Interface.ModelTheory.ZFCTheory φ →         LRA.Logic.FirstOrder.Satisfies M assignment φ)   LRA.Set.Constructions.TGSet.TGSetMembershipModel	ok
LRA.Set.Constructions.TGSet.tgSetSatisfiesPowerSet	LRA.Set.Constructions.TGSet.Satisfy_ZFC	theorem	true	∀ (assignment : Nat → LRA.Set.Constructions.TGSet.TGSetMembershipModel.Domain),   LRA.Logic.FirstOrder.Satisfies LRA.Set.Constructions.TGSet.TGSetMembershipModel assignment     LRA.Set.Constructions.ZFCSet.Interface.ModelTheory.powerSetFormula	∀ (assignment : Nat → LRA.Set.Constructions.TGSet.TGSetMembershipModel.1),   LRA.Logic.FirstOrder.Satisfies LRA.Set.Constructions.TGSet.TGSetMembershipModel assignment     LRA.Set.Constructions.ZFCSet.Interface.ModelTheory.powerSetFormula	ok
LRA.Set.Constructions.TGSet.tgSetSatisfiesChoice	LRA.Set.Constructions.TGSet.Satisfy_ZFC	theorem	true	∀ (assignment : Nat → LRA.Set.Constructions.TGSet.TGSetMembershipModel.Domain),   LRA.Logic.FirstOrder.Satisfies LRA.Set.Constructions.TGSet.TGSetMembershipModel assignment     LRA.Set.Constructions.ZFCSet.Interface.ModelTheory.choiceFormula	∀ (assignment : Nat → LRA.Set.Constructions.TGSet.TGSetMembershipModel.1),   LRA.Logic.FirstOrder.Satisfies LRA.Set.Constructions.TGSet.TGSetMembershipModel assignment     LRA.Set.Constructions.ZFCSet.Interface.ModelTheory.choiceFormula	ok
LRA.Set.Constructions.TGSet.tgSetSatisfiesExtensionality	LRA.Set.Constructions.TGSet.Satisfy_ZFC	theorem	true	∀ (assignment : Nat → LRA.Set.Constructions.TGSet.TGSetMembershipModel.Domain),   LRA.Logic.FirstOrder.Satisfies LRA.Set.Constructions.TGSet.TGSetMembershipModel assignment     LRA.Set.Constructions.ZFCSet.Interface.ModelTheory.extensionalityFormula	∀ (assignment : Nat → LRA.Set.Constructions.TGSet.TGSetMembershipModel.1),   LRA.Logic.FirstOrder.Satisfies LRA.Set.Constructions.TGSet.TGSetMembershipModel assignment     LRA.Set.Constructions.ZFCSet.Interface.ModelTheory.extensionalityFormula	ok
LRA.Set.Constructions.TGSet.tgSetSatisfiesUnion	LRA.Set.Constructions.TGSet.Satisfy_ZFC	theorem	true	∀ (assignment : Nat → LRA.Set.Constructions.TGSet.TGSetMembershipModel.Domain),   LRA.Logic.FirstOrder.Satisfies LRA.Set.Constructions.TGSet.TGSetMembershipModel assignment     LRA.Set.Constructions.ZFCSet.Interface.ModelTheory.unionFormula	∀ (assignment : Nat → LRA.Set.Constructions.TGSet.TGSetMembershipModel.1),   LRA.Logic.FirstOrder.Satisfies LRA.Set.Constructions.TGSet.TGSetMembershipModel assignment     LRA.Set.Constructions.ZFCSet.Interface.ModelTheory.unionFormula	ok
LRA.Set.Constructions.TGSet.tgSetSatisfiesEmptySet	LRA.Set.Constructions.TGSet.Satisfy_ZFC	theorem	true	∀ (assignment : Nat → LRA.Set.Constructions.TGSet.TGSetMembershipModel.Domain),   LRA.Logic.FirstOrder.Satisfies LRA.Set.Constructions.TGSet.TGSetMembershipModel assignment     LRA.Set.Constructions.ZFCSet.Interface.ModelTheory.emptySetFormula	∀ (assignment : Nat → LRA.Set.Constructions.TGSet.TGSetMembershipModel.1),   LRA.Logic.FirstOrder.Satisfies LRA.Set.Constructions.TGSet.TGSetMembershipModel assignment     LRA.Set.Constructions.ZFCSet.Interface.ModelTheory.emptySetFormula	ok
LRA.Set.Constructions.TGSet.tgSetSatisfiesSeparation	LRA.Set.Constructions.TGSet.Satisfy_ZFC	theorem	true	∀ (property : LRA.Logic.FirstOrder.Formula LRA.Set.ModelTheory.MembershipSignature Nat),   LRA.Set.Constructions.ZFCSet.Interface.ModelTheory.SeparationHygienic property →     ∀ (assignment : Nat → LRA.Set.Constructions.TGSet.TGSetMembershipModel.Domain),       LRA.Logic.FirstOrder.Satisfies LRA.Set.Constructions.TGSet.TGSetMembershipModel assignment         (LRA.Set.Constructions.ZFCSet.Interface.ModelTheory.separationInstance property)	∀ (property : LRA.Logic.FirstOrder.Formula LRA.Set.ModelTheory.MembershipSignature Nat),   And (SetLike.instMembership.1 (LRA.Logic.FirstOrder.freeVariables property) 1 → False)       (SetLike.instMembership.1 (LRA.Logic.FirstOrder.freeVariables property) 2 → False) →     ∀ (assignment : Nat → LRA.Set.Constructions.TGSet.TGSetMembershipModel.1),       LRA.Logic.FirstOrder.Satisfies LRA.Set.Constructions.TGSet.TGSetMembershipModel assignment         (LRA.Logic.FirstOrder.Formula.forallQ 1           (LRA.Logic.FirstOrder.Formula.forallQ 2               (LRA.Logic.FirstOrder.Formula.forallQ 0                   (((LRA.Logic.FirstOrder.Formula.relation LRA.Set.ModelTheory.MembershipRelationSymbol.mem                               (LRA.Set.ModelTheory.binaryTerms (LRA.Set.ModelTheory.varT 0)                                 (LRA.Set.ModelTheory.varT 2))).impl                           ((LRA.Set.ModelTheory.memT (LRA.Set.ModelTheory.varT 0) (LRA.Set.ModelTheory.varT 1)).impl                               property.neg).neg).impl                       (((LRA.Set.ModelTheory.memT (LRA.Set.ModelTheory.varT 0) (LRA.Set.ModelTheory.varT 1)).impl                                 property.neg).neg.impl                           (LRA.Logic.FirstOrder.Formula.relation LRA.Set.ModelTheory.MembershipRelationSymbol.mem                             (LRA.Set.ModelTheory.binaryTerms (LRA.Set.ModelTheory.varT 0)                               (LRA.Set.ModelTheory.varT 2)))).neg).neg).neg).neg)	ok
LRA.Set.Constructions.GrothendieckUniverse.Interface.ModelTheory.TGUniverseAxiom	LRA.Set.Constructions.GrothendieckUniverse.Interface.ModelTheory.Theory	instance	false	∀ (SetObject : Type u_1) [inst : Membership SetObject SetObject],   LRA.Set.Constructions.GrothendieckUniverse.GrothendieckUniverseAxiom SetObject	∀ (SetObject : Type u_1) [inst : Membership SetObject SetObject],   LRA.Set.Constructions.GrothendieckUniverse.GrothendieckUniverseAxiom SetObject	ok
LRA.Set.Constructions.GrothendieckUniverse.Interface.ModelTheory.SatisfiesAllExpandedZFCAxioms	LRA.Set.Constructions.GrothendieckUniverse.Interface.ModelTheory.Theory	instance	false	∀ {SetObject : Type u} (a : Membership SetObject SetObject)   (model :     LRA.ModelTheory.FirstOrder.Model       LRA.Set.Constructions.GrothendieckUniverse.Interface.ModelTheory.ExpandedMembershipSignature)   (assignment : Nat → model.Domain) (φ : LRA.Logic.FirstOrder.Formula LRA.Set.ModelTheory.MembershipSignature Nat),   Set.instMembership.mem LRA.Set.Constructions.ZFCSet.Interface.ModelTheory.ZFCTheory φ →     LRA.Logic.FirstOrder.Satisfies model assignment φ	∀ {SetObject : Type u} (a : Membership SetObject SetObject)   (model :     LRA.Logic.FirstOrder.Interpretation       LRA.Set.Constructions.GrothendieckUniverse.Interface.ModelTheory.ExpandedMembershipSignature)   (assignment : Nat → model.1) (φ : LRA.Logic.FirstOrder.Formula LRA.Set.ModelTheory.MembershipSignature Nat),   Set.instMembership.1 LRA.Set.Constructions.ZFCSet.Interface.ModelTheory.ZFCTheory φ →     LRA.Logic.FirstOrder.Satisfies model assignment φ	ok
LRA.Set.Constructions.GrothendieckUniverse.Interface.ModelTheory.supportsTGExpansion_iff_universe_axiom	LRA.Set.Constructions.GrothendieckUniverse.Interface.ModelTheory.Theory	theorem	true	∀ (SetObject : Type u) [inst : Membership SetObject SetObject],   Iff (LRA.Set.Constructions.GrothendieckUniverse.Interface.ModelTheory.SupportsTGExpansion SetObject)     (LRA.Set.Constructions.GrothendieckUniverse.Interface.ModelTheory.TGUniverseAxiom SetObject)	∀ (SetObject : Type u) [inst : Membership SetObject SetObject],   Iff (LRA.Set.Constructions.GrothendieckUniverse.GrothendieckUniverseAxiom SetObject)     (LRA.Set.Constructions.GrothendieckUniverse.GrothendieckUniverseAxiom SetObject)	ok
LRA.Set.Constructions.GrothendieckUniverse.Interface.ModelTheory.SupportsTGExpansion	LRA.Set.Constructions.GrothendieckUniverse.Interface.ModelTheory.Theory	instance	false	∀ (SetObject : Type u) [inst : Membership SetObject SetObject],   LRA.Set.Constructions.GrothendieckUniverse.GrothendieckUniverseAxiom SetObject	∀ (SetObject : Type u) [inst : Membership SetObject SetObject],   LRA.Set.Constructions.GrothendieckUniverse.GrothendieckUniverseAxiom SetObject	ok
LRA.Set.Constructions.GrothendieckUniverse.GrothendieckUniverseClosedUnderPowerSet	LRA.Set.Constructions.GrothendieckUniverse.Theorems	theorem	true	∀ {SetObject : Type u} [inst : Membership SetObject SetObject] {U : SetObject},   LRA.Set.Constructions.GrothendieckUniverse.IsGrothendieckUniverse U →     LRA.Set.Constructions.GrothendieckUniverse.IsClosedUnderPowerSet U	∀ {SetObject : Type u} [inst : Membership SetObject SetObject] {U : SetObject},   And (∀ ⦃x y : SetObject⦄, inst.1 U x → inst.1 x y → inst.1 U y)       (And         (∀ ⦃x y : SetObject⦄,           inst.1 U x →             inst.1 U y →               Exists fun pair =>                 And (inst.1 U pair) (∀ (x_1 : SetObject), Iff (inst.1 pair x_1) (Or (Eq x_1 x) (Eq x_1 y))))         (And           (∀ ⦃x : SetObject⦄,             inst.1 U x →               Exists fun powerSet =>                 And (inst.1 U powerSet)                   (∀ (x_1 : SetObject), Iff (inst.1 powerSet x_1) (∀ (y : SetObject), inst.1 x_1 y → inst.1 x y)))           (And             (∀ ⦃indexSet : SetObject⦄,               inst.1 U indexSet →                 ∀ (family : SetObject → SetObject),                   (∀ (i : SetObject), inst.1 indexSet i → inst.1 U (family i)) →                     Exists fun image =>                       And (inst.1 U image)                         (And                           (∀ (y : SetObject),                             Iff (inst.1 image y) (Exists fun i => And (inst.1 indexSet i) (Eq y (family i))))                           (Exists fun union =>                             And (inst.1 U union)                               (∀ (x : SetObject),                                 Iff (inst.1 union x) (Exists fun i => And (inst.1 indexSet i) (inst.1 (family i) x))))))             (Exists fun omega =>               And (inst.1 U omega)                 (And (Exists fun empty => And (inst.1 omega empty) (∀ (x : SetObject), inst.1 empty x → False))                   (∀ (x : SetObject),                     inst.1 omega x →                       Exists fun successor =>                         And (inst.1 omega successor)                           (∀ (x_1 : SetObject), Iff (inst.1 successor x_1) (Or (inst.1 x x_1) (Eq x_1 x))))))))) →     ∀ ⦃x : SetObject⦄,       inst.1 U x →         Exists fun powerSet =>           And (inst.1 U powerSet)             (∀ (x_1 : SetObject), Iff (inst.1 powerSet x_1) (∀ (y : SetObject), inst.1 x_1 y → inst.1 x y))	ok
LRA.Set.Constructions.GrothendieckUniverse.GrothendieckUniverseContainsInductiveSet	LRA.Set.Constructions.GrothendieckUniverse.Theorems	theorem	true	∀ {SetObject : Type u} [inst : Membership SetObject SetObject] {U : SetObject},   LRA.Set.Constructions.GrothendieckUniverse.IsGrothendieckUniverse U →     LRA.Set.Constructions.GrothendieckUniverse.ContainsInductiveSet U	∀ {SetObject : Type u} [inst : Membership SetObject SetObject] {U : SetObject},   And (∀ ⦃x y : SetObject⦄, inst.1 U x → inst.1 x y → inst.1 U y)       (And         (∀ ⦃x y : SetObject⦄,           inst.1 U x →             inst.1 U y →               Exists fun pair =>                 And (inst.1 U pair) (∀ (x_1 : SetObject), Iff (inst.1 pair x_1) (Or (Eq x_1 x) (Eq x_1 y))))         (And           (∀ ⦃x : SetObject⦄,             inst.1 U x →               Exists fun powerSet =>                 And (inst.1 U powerSet)                   (∀ (x_1 : SetObject), Iff (inst.1 powerSet x_1) (∀ (y : SetObject), inst.1 x_1 y → inst.1 x y)))           (And             (∀ ⦃indexSet : SetObject⦄,               inst.1 U indexSet →                 ∀ (family : SetObject → SetObject),                   (∀ (i : SetObject), inst.1 indexSet i → inst.1 U (family i)) →                     Exists fun image =>                       And (inst.1 U image)                         (And                           (∀ (y : SetObject),                             Iff (inst.1 image y) (Exists fun i => And (inst.1 indexSet i) (Eq y (family i))))                           (Exists fun union =>                             And (inst.1 U union)                               (∀ (x : SetObject),                                 Iff (inst.1 union x) (Exists fun i => And (inst.1 indexSet i) (inst.1 (family i) x))))))             (Exists fun omega =>               And (inst.1 U omega)                 (And (Exists fun empty => And (inst.1 omega empty) (∀ (x : SetObject), inst.1 empty x → False))                   (∀ (x : SetObject),                     inst.1 omega x →                       Exists fun successor =>                         And (inst.1 omega successor)                           (∀ (x_1 : SetObject), Iff (inst.1 successor x_1) (Or (inst.1 x x_1) (Eq x_1 x))))))))) →     Exists fun omega =>       And (inst.1 U omega)         (And (Exists fun empty => And (inst.1 omega empty) (∀ (x : SetObject), inst.1 empty x → False))           (∀ (x : SetObject),             inst.1 omega x →               Exists fun successor =>                 And (inst.1 omega successor)                   (∀ (x_1 : SetObject), Iff (inst.1 successor x_1) (Or (inst.1 x x_1) (Eq x_1 x)))))	ok
LRA.Set.Constructions.GrothendieckUniverse.TheGrothendieckUniverseIsGrothendieckUniverseFor	LRA.Set.Constructions.GrothendieckUniverse.Theorems	theorem	true	∀ {SetObject : Type u} [inst : Membership SetObject SetObject]   [inst_1 : LRA.Set.Constructions.GrothendieckUniverse.GrothendieckUniverseAxiom SetObject] (A : SetObject),   LRA.Set.Constructions.GrothendieckUniverse.IsGrothendieckUniverseFor A     (LRA.Set.Constructions.GrothendieckUniverse.TheGrothendieckUniverse A)	∀ {SetObject : Type u} [inst : Membership SetObject SetObject]   [inst_1 : LRA.Set.Constructions.GrothendieckUniverse.GrothendieckUniverseAxiom SetObject] (A : SetObject),   And     (inst.1       (Classical.indefiniteDescription (LRA.Set.Constructions.GrothendieckUniverse.IsGrothendieckUniverseFor A) ⋯).1 A)     (And       (∀ ⦃x y : SetObject⦄,         inst.1             (Classical.indefiniteDescription (LRA.Set.Constructions.GrothendieckUniverse.IsGrothendieckUniverseFor A)                 ⋯).val             x →           inst.1 x y →             inst.1               (Classical.indefiniteDescription (LRA.Set.Constructions.GrothendieckUniverse.IsGrothendieckUniverseFor A)                   ⋯).val               y)       (And         (∀ ⦃x y : SetObject⦄,           inst.1               (Classical.indefiniteDescription (LRA.Set.Constructions.GrothendieckUniverse.IsGrothendieckUniverseFor A)                   ⋯).val               x →             inst.1                 (Classical.indefiniteDescription                     (LRA.Set.Constructions.GrothendieckUniverse.IsGrothendieckUniverseFor A) ⋯).val                 y →               Exists fun pair =>                 And                   (inst.1                     (Classical.indefiniteDescription                         (LRA.Set.Constructions.GrothendieckUniverse.IsGrothendieckUniverseFor A) ⋯).val                     pair)                   (∀ (x_1 : SetObject), Iff (inst.1 pair x_1) (Or (Eq x_1 x) (Eq x_1 y))))         (And           (∀ ⦃x : SetObject⦄,             inst.1                 (Classical.indefiniteDescription                     (LRA.Set.Constructions.GrothendieckUniverse.IsGrothendieckUniverseFor A) ⋯).val                 x →               Exists fun powerSet =>                 And                   (inst.1                     (Classical.indefiniteDescription                         (LRA.Set.Constructions.GrothendieckUniverse.IsGrothendieckUniverseFor A) ⋯).val                     powerSet)                   (∀ (x_1 : SetObject), Iff (inst.1 powerSet x_1) (∀ (y : SetObject), inst.1 x_1 y → inst.1 x y)))           (And             (∀ ⦃indexSet : SetObject⦄,               inst.1                   (Classical.indefiniteDescription                       (LRA.Set.Constructions.GrothendieckUniverse.IsGrothendieckUniverseFor A) ⋯).val                   indexSet →                 ∀ (family : SetObject → SetObject),                   (∀ (i : SetObject),                       inst.1 indexSet i →                         inst.1                           (Classical.indefiniteDescription                               (LRA.Set.Constructions.GrothendieckUniverse.IsGrothendieckUniverseFor A) ⋯).val                           (family i)) →                     Exists fun image =>                       And                         (inst.1                           (Classical.indefiniteDescription                               (LRA.Set.Constructions.GrothendieckUniverse.IsGrothendieckUniverseFor A) ⋯).val                           image)                         (And                           (∀ (y : SetObject),                             Iff (inst.1 image y) (Exists fun i => And (inst.1 indexSet i) (Eq y (family i))))                           (Exists fun union =>                             And                               (inst.1                                 (Classical.indefiniteDescription                                     (LRA.Set.Constructions.GrothendieckUniverse.IsGrothendieckUniverseFor A) ⋯).val                                 union)                               (∀ (x : SetObject),                                 Iff (inst.1 union x) (Exists fun i => And (inst.1 indexSet i) (inst.1 (family i) x))))))             (Exists fun omega =>               And                 (inst.1                   (Classical.indefiniteDescription                       (LRA.Set.Constructions.GrothendieckUniverse.IsGrothendieckUniverseFor A) ⋯).val                   omega)                 (And (Exists fun empty => And (inst.1 omega empty) (∀ (x : SetObject), inst.mem empty x → False))                   (∀ (x : SetObject),                     inst.1 omega x →                       Exists fun successor =>                         And (inst.1 omega successor)                           (∀ (x_1 : SetObject), Iff (inst.1 successor x_1) (Or (inst.1 x x_1) (Eq x_1 x))))))))))	ok
LRA.Set.Constructions.GrothendieckUniverse.GrothendieckUniverseContainsEmptySet	LRA.Set.Constructions.GrothendieckUniverse.Theorems	theorem	true	∀ {SetObject : Type u} [inst : Membership SetObject SetObject] {U : SetObject},   LRA.Set.Constructions.GrothendieckUniverse.IsGrothendieckUniverse U →     Exists fun empty => And (inst.mem U empty) (LRA.Set.Constructions.GrothendieckUniverse.IsEmptySet empty)	∀ {SetObject : Type u} [inst : Membership SetObject SetObject] {U : SetObject},   And (∀ ⦃x y : SetObject⦄, inst.1 U x → inst.1 x y → inst.1 U y)       (And         (∀ ⦃x y : SetObject⦄,           inst.1 U x →             inst.1 U y →               Exists fun pair =>                 And (inst.1 U pair) (∀ (x_1 : SetObject), Iff (inst.1 pair x_1) (Or (Eq x_1 x) (Eq x_1 y))))         (And           (∀ ⦃x : SetObject⦄,             inst.1 U x →               Exists fun powerSet =>                 And (inst.1 U powerSet)                   (∀ (x_1 : SetObject), Iff (inst.1 powerSet x_1) (∀ (y : SetObject), inst.1 x_1 y → inst.1 x y)))           (And             (∀ ⦃indexSet : SetObject⦄,               inst.1 U indexSet →                 ∀ (family : SetObject → SetObject),                   (∀ (i : SetObject), inst.1 indexSet i → inst.1 U (family i)) →                     Exists fun image =>                       And (inst.1 U image)                         (And                           (∀ (y : SetObject),                             Iff (inst.1 image y) (Exists fun i => And (inst.1 indexSet i) (Eq y (family i))))                           (Exists fun union =>                             And (inst.1 U union)                               (∀ (x : SetObject),                                 Iff (inst.1 union x) (Exists fun i => And (inst.1 indexSet i) (inst.1 (family i) x))))))             (Exists fun omega =>               And (inst.1 U omega)                 (And (Exists fun empty => And (inst.1 omega empty) (∀ (x : SetObject), inst.1 empty x → False))                   (∀ (x : SetObject),                     inst.1 omega x →                       Exists fun successor =>                         And (inst.1 omega successor)                           (∀ (x_1 : SetObject), Iff (inst.1 successor x_1) (Or (inst.1 x x_1) (Eq x_1 x))))))))) →     Exists fun empty => And (inst.1 U empty) (∀ (x : SetObject), inst.1 empty x → False)	ok
LRA.Set.Constructions.GrothendieckUniverse.GrothendieckUniverseClosedUnderPairing	LRA.Set.Constructions.GrothendieckUniverse.Theorems	theorem	true	∀ {SetObject : Type u} [inst : Membership SetObject SetObject] {U : SetObject},   LRA.Set.Constructions.GrothendieckUniverse.IsGrothendieckUniverse U →     LRA.Set.Constructions.GrothendieckUniverse.IsClosedUnderPairing U	∀ {SetObject : Type u} [inst : Membership SetObject SetObject] {U : SetObject},   And (∀ ⦃x y : SetObject⦄, inst.1 U x → inst.1 x y → inst.1 U y)       (And         (∀ ⦃x y : SetObject⦄,           inst.1 U x →             inst.1 U y →               Exists fun pair =>                 And (inst.1 U pair) (∀ (x_1 : SetObject), Iff (inst.1 pair x_1) (Or (Eq x_1 x) (Eq x_1 y))))         (And           (∀ ⦃x : SetObject⦄,             inst.1 U x →               Exists fun powerSet =>                 And (inst.1 U powerSet)                   (∀ (x_1 : SetObject), Iff (inst.1 powerSet x_1) (∀ (y : SetObject), inst.1 x_1 y → inst.1 x y)))           (And             (∀ ⦃indexSet : SetObject⦄,               inst.1 U indexSet →                 ∀ (family : SetObject → SetObject),                   (∀ (i : SetObject), inst.1 indexSet i → inst.1 U (family i)) →                     Exists fun image =>                       And (inst.1 U image)                         (And                           (∀ (y : SetObject),                             Iff (inst.1 image y) (Exists fun i => And (inst.1 indexSet i) (Eq y (family i))))                           (Exists fun union =>                             And (inst.1 U union)                               (∀ (x : SetObject),                                 Iff (inst.1 union x) (Exists fun i => And (inst.1 indexSet i) (inst.1 (family i) x))))))             (Exists fun omega =>               And (inst.1 U omega)                 (And (Exists fun empty => And (inst.1 omega empty) (∀ (x : SetObject), inst.1 empty x → False))                   (∀ (x : SetObject),                     inst.1 omega x →                       Exists fun successor =>                         And (inst.1 omega successor)                           (∀ (x_1 : SetObject), Iff (inst.1 successor x_1) (Or (inst.1 x x_1) (Eq x_1 x))))))))) →     ∀ ⦃x y : SetObject⦄,       And (inst.1 U x) (inst.1 U y) →         Exists fun pair => And (inst.1 U pair) (∀ (x_1 : SetObject), Iff (inst.1 pair x_1) (Or (Eq x_1 x) (Eq x_1 y)))	ok
LRA.Set.Constructions.GrothendieckUniverse.GrothendieckUniverseExists	LRA.Set.Constructions.GrothendieckUniverse.Theorems	theorem	true	∀ {SetObject : Type u} [inst : Membership SetObject SetObject],   LRA.Set.Constructions.GrothendieckUniverse.GrothendieckUniverseAxiom SetObject →     ∀ (A : SetObject), Exists fun U => LRA.Set.Constructions.GrothendieckUniverse.IsGrothendieckUniverseFor A U	∀ {SetObject : Type u} [inst : Membership SetObject SetObject],   LRA.Set.Constructions.GrothendieckUniverse.GrothendieckUniverseAxiom SetObject →     ∀ (A : SetObject),       Exists fun U =>         And (inst.1 U A)           (And (∀ ⦃x y : SetObject⦄, inst.1 U x → inst.1 x y → inst.1 U y)             (And               (∀ ⦃x y : SetObject⦄,                 inst.1 U x →                   inst.1 U y →                     Exists fun pair =>                       And (inst.1 U pair) (∀ (x_1 : SetObject), Iff (inst.1 pair x_1) (Or (Eq x_1 x) (Eq x_1 y))))               (And                 (∀ ⦃x : SetObject⦄,                   inst.1 U x →                     Exists fun powerSet =>                       And (inst.1 U powerSet)                         (∀ (x_1 : SetObject), Iff (inst.1 powerSet x_1) (∀ (y : SetObject), inst.1 x_1 y → inst.1 x y)))                 (And                   (∀ ⦃indexSet : SetObject⦄,                     inst.1 U indexSet →                       ∀ (family : SetObject → SetObject),                         (∀ (i : SetObject), inst.1 indexSet i → inst.1 U (family i)) →                           Exists fun image =>                             And (inst.1 U image)                               (And                                 (∀ (y : SetObject),                                   Iff (inst.1 image y) (Exists fun i => And (inst.1 indexSet i) (Eq y (family i))))                                 (Exists fun union =>                                   And (inst.1 U union)                                     (∀ (x : SetObject),                                       Iff (inst.1 union x)                                         (Exists fun i => And (inst.1 indexSet i) (inst.1 (family i) x))))))                   (Exists fun omega =>                     And (inst.1 U omega)                       (And (Exists fun empty => And (inst.1 omega empty) (∀ (x : SetObject), inst.mem empty x → False))                         (∀ (x : SetObject),                           inst.1 omega x →                             Exists fun successor =>                               And (inst.1 omega successor)                                 (∀ (x_1 : SetObject), Iff (inst.1 successor x_1) (Or (inst.1 x x_1) (Eq x_1 x))))))))))	ok
LRA.Set.Constructions.GrothendieckUniverse.GrothendieckUniverseClosedUnderIndexedUnion	LRA.Set.Constructions.GrothendieckUniverse.Theorems	theorem	true	∀ {SetObject : Type u} [inst : Membership SetObject SetObject] {U : SetObject},   LRA.Set.Constructions.GrothendieckUniverse.IsGrothendieckUniverse U →     LRA.Set.Constructions.GrothendieckUniverse.IsClosedUnderIndexedUnion U	∀ {SetObject : Type u} [inst : Membership SetObject SetObject] {U : SetObject},   And (∀ ⦃x y : SetObject⦄, inst.1 U x → inst.1 x y → inst.1 U y)       (And         (∀ ⦃x y : SetObject⦄,           inst.1 U x →             inst.1 U y →               Exists fun pair =>                 And (inst.1 U pair) (∀ (x_1 : SetObject), Iff (inst.1 pair x_1) (Or (Eq x_1 x) (Eq x_1 y))))         (And           (∀ ⦃x : SetObject⦄,             inst.1 U x →               Exists fun powerSet =>                 And (inst.1 U powerSet)                   (∀ (x_1 : SetObject), Iff (inst.1 powerSet x_1) (∀ (y : SetObject), inst.1 x_1 y → inst.1 x y)))           (And             (∀ ⦃indexSet : SetObject⦄,               inst.1 U indexSet →                 ∀ (family : SetObject → SetObject),                   (∀ (i : SetObject), inst.1 indexSet i → inst.1 U (family i)) →                     Exists fun image =>                       And (inst.1 U image)                         (And                           (∀ (y : SetObject),                             Iff (inst.1 image y) (Exists fun i => And (inst.1 indexSet i) (Eq y (family i))))                           (Exists fun union =>                             And (inst.1 U union)                               (∀ (x : SetObject),                                 Iff (inst.1 union x) (Exists fun i => And (inst.1 indexSet i) (inst.1 (family i) x))))))             (Exists fun omega =>               And (inst.1 U omega)                 (And (Exists fun empty => And (inst.1 omega empty) (∀ (x : SetObject), inst.1 empty x → False))                   (∀ (x : SetObject),                     inst.1 omega x →                       Exists fun successor =>                         And (inst.1 omega successor)                           (∀ (x_1 : SetObject), Iff (inst.1 successor x_1) (Or (inst.1 x x_1) (Eq x_1 x))))))))) →     ∀ ⦃indexSet : SetObject⦄,       inst.1 U indexSet →         ∀ (family : SetObject → SetObject),           (∀ (i : SetObject), inst.1 indexSet i → inst.1 U (family i)) →             Exists fun image =>               And (inst.1 U image)                 (And                   (∀ (y : SetObject), Iff (inst.1 image y) (Exists fun i => And (inst.1 indexSet i) (Eq y (family i))))                   (Exists fun union =>                     And (inst.1 U union)                       (∀ (x : SetObject),                         Iff (inst.1 union x) (Exists fun i => And (inst.1 indexSet i) (inst.1 (family i) x)))))	ok
LRA.Set.Constructions.GrothendieckUniverse.GrothendieckUniverseIsTransitive	LRA.Set.Constructions.GrothendieckUniverse.Theorems	theorem	true	∀ {SetObject : Type u} [inst : Membership SetObject SetObject] {U : SetObject},   LRA.Set.Constructions.GrothendieckUniverse.IsGrothendieckUniverse U →     LRA.Set.Constructions.GrothendieckUniverse.IsTransitiveUniverse U	∀ {SetObject : Type u} [inst : Membership SetObject SetObject] {U : SetObject},   And (∀ ⦃x y : SetObject⦄, inst.1 U x → inst.1 x y → inst.1 U y)       (And         (∀ ⦃x y : SetObject⦄,           inst.1 U x →             inst.1 U y →               Exists fun pair =>                 And (inst.1 U pair) (∀ (x_1 : SetObject), Iff (inst.1 pair x_1) (Or (Eq x_1 x) (Eq x_1 y))))         (And           (∀ ⦃x : SetObject⦄,             inst.1 U x →               Exists fun powerSet =>                 And (inst.1 U powerSet)                   (∀ (x_1 : SetObject), Iff (inst.1 powerSet x_1) (∀ (y : SetObject), inst.1 x_1 y → inst.1 x y)))           (And             (∀ ⦃indexSet : SetObject⦄,               inst.1 U indexSet →                 ∀ (family : SetObject → SetObject),                   (∀ (i : SetObject), inst.1 indexSet i → inst.1 U (family i)) →                     Exists fun image =>                       And (inst.1 U image)                         (And                           (∀ (y : SetObject),                             Iff (inst.1 image y) (Exists fun i => And (inst.1 indexSet i) (Eq y (family i))))                           (Exists fun union =>                             And (inst.1 U union)                               (∀ (x : SetObject),                                 Iff (inst.1 union x) (Exists fun i => And (inst.1 indexSet i) (inst.1 (family i) x))))))             (Exists fun omega =>               And (inst.1 U omega)                 (And (Exists fun empty => And (inst.1 omega empty) (∀ (x : SetObject), inst.1 empty x → False))                   (∀ (x : SetObject),                     inst.1 omega x →                       Exists fun successor =>                         And (inst.1 omega successor)                           (∀ (x_1 : SetObject), Iff (inst.1 successor x_1) (Or (inst.1 x x_1) (Eq x_1 x))))))))) →     ∀ ⦃x y : SetObject⦄, And (inst.1 U x) (inst.1 x y) → inst.1 U y	ok
LRA.Set.Constructions.GrothendieckUniverse.GrothendieckUniverseContainsBase	LRA.Set.Constructions.GrothendieckUniverse.Theorems	theorem	true	∀ {SetObject : Type u} [inst : Membership SetObject SetObject] {A U : SetObject},   LRA.Set.Constructions.GrothendieckUniverse.IsGrothendieckUniverseFor A U → inst.mem U A	∀ {SetObject : Type u} [inst : Membership SetObject SetObject] {A U : SetObject},   And (inst.1 U A)       (And (∀ ⦃x y : SetObject⦄, inst.1 U x → inst.1 x y → inst.1 U y)         (And           (∀ ⦃x y : SetObject⦄,             inst.1 U x →               inst.1 U y →                 Exists fun pair =>                   And (inst.1 U pair) (∀ (x_1 : SetObject), Iff (inst.1 pair x_1) (Or (Eq x_1 x) (Eq x_1 y))))           (And             (∀ ⦃x : SetObject⦄,               inst.1 U x →                 Exists fun powerSet =>                   And (inst.1 U powerSet)                     (∀ (x_1 : SetObject), Iff (inst.1 powerSet x_1) (∀ (y : SetObject), inst.1 x_1 y → inst.1 x y)))             (And               (∀ ⦃indexSet : SetObject⦄,                 inst.1 U indexSet →                   ∀ (family : SetObject → SetObject),                     (∀ (i : SetObject), inst.1 indexSet i → inst.1 U (family i)) →                       Exists fun image =>                         And (inst.1 U image)                           (And                             (∀ (y : SetObject),                               Iff (inst.1 image y) (Exists fun i => And (inst.1 indexSet i) (Eq y (family i))))                             (Exists fun union =>                               And (inst.1 U union)                                 (∀ (x : SetObject),                                   Iff (inst.1 union x)                                     (Exists fun i => And (inst.1 indexSet i) (inst.1 (family i) x))))))               (Exists fun omega =>                 And (inst.1 U omega)                   (And (Exists fun empty => And (inst.1 omega empty) (∀ (x : SetObject), inst.mem empty x → False))                     (∀ (x : SetObject),                       inst.1 omega x →                         Exists fun successor =>                           And (inst.1 omega successor)                             (∀ (x_1 : SetObject), Iff (inst.1 successor x_1) (Or (inst.1 x x_1) (Eq x_1 x)))))))))) →     inst.1 U A	ok
LRA.Set.Constructions.GrothendieckUniverse.grothendieckUniverseSatisfiesFoundation	LRA.Set.Constructions.GrothendieckUniverse.Satisfy_ZFC	theorem	true	∀ {SetObject : Type u} [inst : Membership SetObject SetObject] (A U : SetObject)   (universeHypothesis : LRA.Set.Constructions.GrothendieckUniverse.IsGrothendieckUniverseFor A U)   (assignment :     Nat →       (LRA.Set.Constructions.GrothendieckUniverse.GrothendieckUniverseMembershipModel A U universeHypothesis).Domain),   LRA.Logic.FirstOrder.Satisfies     (LRA.Set.Constructions.GrothendieckUniverse.GrothendieckUniverseMembershipModel A U universeHypothesis) assignment     LRA.Set.Constructions.ZFCSet.Interface.ModelTheory.foundationFormula	∀ {SetObject : Type u} [inst : Membership SetObject SetObject] (A U : SetObject)   (universeHypothesis :     And (inst.1 U A)       (And (∀ ⦃x y : SetObject⦄, inst.1 U x → inst.1 x y → inst.1 U y)         (And           (∀ ⦃x y : SetObject⦄,             inst.1 U x →               inst.1 U y →                 Exists fun pair =>                   And (inst.1 U pair) (∀ (x_1 : SetObject), Iff (inst.1 pair x_1) (Or (Eq x_1 x) (Eq x_1 y))))           (And             (∀ ⦃x : SetObject⦄,               inst.1 U x →                 Exists fun powerSet =>                   And (inst.1 U powerSet)                     (∀ (x_1 : SetObject), Iff (inst.1 powerSet x_1) (∀ (y : SetObject), inst.1 x_1 y → inst.1 x y)))             (And               (∀ ⦃indexSet : SetObject⦄,                 inst.1 U indexSet →                   ∀ (family : SetObject → SetObject),                     (∀ (i : SetObject), inst.1 indexSet i → inst.1 U (family i)) →                       Exists fun image =>                         And (inst.1 U image)                           (And                             (∀ (y : SetObject),                               Iff (inst.1 image y) (Exists fun i => And (inst.1 indexSet i) (Eq y (family i))))                             (Exists fun union =>                               And (inst.1 U union)                                 (∀ (x : SetObject),                                   Iff (inst.1 union x)                                     (Exists fun i => And (inst.1 indexSet i) (inst.1 (family i) x))))))               (Exists fun omega =>                 And (inst.1 U omega)                   (And (Exists fun empty => And (inst.1 omega empty) (∀ (x : SetObject), inst.mem empty x → False))                     (∀ (x : SetObject),                       inst.1 omega x →                         Exists fun successor =>                           And (inst.1 omega successor)                             (∀ (x_1 : SetObject), Iff (inst.1 successor x_1) (Or (inst.1 x x_1) (Eq x_1 x)))))))))))   (assignment :     Nat → (LRA.Set.Constructions.GrothendieckUniverse.GrothendieckUniverseMembershipModel A U universeHypothesis).1),   LRA.Logic.FirstOrder.Satisfies     { Domain := Subtype fun x => inst.1 U x, domainNonempty := ⋯, equalityIsDiagonal := ⋯,       interpretFunction := fun functionSymbol =>         Empty.rec           (fun x =>             (Fin (LRA.Set.ModelTheory.MembershipSignature.Functions.2 functionSymbol) → Subtype fun x => inst.1 U x) →               Subtype fun x => inst.1 U x)           functionSymbol,       interpretRelation := fun relationSymbol arguments =>         LRA.Set.ModelTheory.MembershipRelationSymbol.rec (motive := fun x =>           (arguments : Fin (LRA.Set.ModelTheory.MembershipSignature.Relations.2 x) → Subtype fun x => inst.1 U x) →             (fun relationSymbol arguments => Prop) x arguments)           (fun arguments =>             (fun arguments =>                 inst.1                   (arguments                       ⟨1, LRA.Set.Constructions.GrothendieckUniverse.GrothendieckUniverseMembershipModel._proof_3⟩).1                   (arguments                       ⟨0, LRA.Set.Constructions.GrothendieckUniverse.GrothendieckUniverseMembershipModel._proof_4⟩).1)               arguments)           relationSymbol arguments,       interpretConstant := fun constantSymbol =>         LRA.Set.ModelTheory.MembershipConstantSymbol.rec           ((fun _ =>               let emptyWitness := Classical.choose ⋯;               have emptyWitnessSpec := ⋯;               ⟨emptyWitness, ⋯⟩)             Unit.unit)           constantSymbol }     assignment LRA.Set.Constructions.ZFCSet.Interface.ModelTheory.foundationFormula	ok
LRA.Set.Constructions.GrothendieckUniverse.grothendieckUniverseSupportsTGExpansion	LRA.Set.Constructions.GrothendieckUniverse.Satisfy_ZFC	theorem	true	∀ (SetObject : Type u) [inst : Membership SetObject SetObject],   LRA.Set.Constructions.GrothendieckUniverse.GrothendieckUniverseAxiom SetObject →     LRA.Set.Constructions.GrothendieckUniverse.Interface.ModelTheory.SupportsTGExpansion SetObject	∀ (SetObject : Type u) [inst : Membership SetObject SetObject],   LRA.Set.Constructions.GrothendieckUniverse.GrothendieckUniverseAxiom SetObject →     LRA.Set.Constructions.GrothendieckUniverse.GrothendieckUniverseAxiom SetObject	ok
LRA.Set.Constructions.GrothendieckUniverse.grothendieckUniverseHasCumulativeHierarchyClassification	LRA.Set.Constructions.GrothendieckUniverse.Satisfy_ZFC	theorem	true	∀ {SetObject : Type u} [inst : Membership SetObject SetObject] (A U : SetObject)   (universeHypothesis : LRA.Set.Constructions.GrothendieckUniverse.IsGrothendieckUniverseFor A U),   LRA.Set.Constructions.GrothendieckUniverse.HasCumulativeHierarchyClassification A U universeHypothesis	∀ {SetObject : Type u} [inst : Membership SetObject SetObject] (A U : SetObject)   (universeHypothesis :     And (inst.1 U A)       (And (∀ ⦃x y : SetObject⦄, inst.1 U x → inst.1 x y → inst.1 U y)         (And           (∀ ⦃x y : SetObject⦄,             inst.1 U x →               inst.1 U y →                 Exists fun pair =>                   And (inst.1 U pair) (∀ (x_1 : SetObject), Iff (inst.1 pair x_1) (Or (Eq x_1 x) (Eq x_1 y))))           (And             (∀ ⦃x : SetObject⦄,               inst.1 U x →                 Exists fun powerSet =>                   And (inst.1 U powerSet)                     (∀ (x_1 : SetObject), Iff (inst.1 powerSet x_1) (∀ (y : SetObject), inst.1 x_1 y → inst.1 x y)))             (And               (∀ ⦃indexSet : SetObject⦄,                 inst.1 U indexSet →                   ∀ (family : SetObject → SetObject),                     (∀ (i : SetObject), inst.1 indexSet i → inst.1 U (family i)) →                       Exists fun image =>                         And (inst.1 U image)                           (And                             (∀ (y : SetObject),                               Iff (inst.1 image y) (Exists fun i => And (inst.1 indexSet i) (Eq y (family i))))                             (Exists fun union =>                               And (inst.1 U union)                                 (∀ (x : SetObject),                                   Iff (inst.1 union x)                                     (Exists fun i => And (inst.1 indexSet i) (inst.1 (family i) x))))))               (Exists fun omega =>                 And (inst.1 U omega)                   (And (Exists fun empty => And (inst.1 omega empty) (∀ (x : SetObject), inst.mem empty x → False))                     (∀ (x : SetObject),                       inst.1 omega x →                         Exists fun successor =>                           And (inst.1 omega successor)                             (∀ (x_1 : SetObject), Iff (inst.1 successor x_1) (Or (inst.1 x x_1) (Eq x_1 x))))))))))),   Set.instMembership.1     (fun M =>       ∀ (assignment : Nat → M.1) (φ : LRA.Logic.FirstOrder.Formula LRA.Set.ModelTheory.MembershipSignature Nat),         Set.instMembership.1 LRA.Set.Constructions.ZFCSet.Interface.ModelTheory.ZFCTheory φ →           LRA.Logic.FirstOrder.Satisfies M assignment φ)     { Domain := Subtype fun x => inst.1 U x, domainNonempty := ⋯, equalityIsDiagonal := ⋯,       interpretFunction := fun functionSymbol =>         Empty.rec           (fun x =>             (Fin (LRA.Set.ModelTheory.MembershipSignature.Functions.2 functionSymbol) → Subtype fun x => inst.1 U x) →               Subtype fun x => inst.1 U x)           functionSymbol,       interpretRelation := fun relationSymbol arguments =>         LRA.Set.ModelTheory.MembershipRelationSymbol.rec (motive := fun x =>           (arguments : Fin (LRA.Set.ModelTheory.MembershipSignature.Relations.arity x) → Subtype fun x => inst.1 U x) →             (fun relationSymbol arguments => Prop) x arguments)           (fun arguments =>             (fun arguments =>                 inst.1                   (arguments                       ⟨1, LRA.Set.Constructions.GrothendieckUniverse.GrothendieckUniverseMembershipModel._proof_3⟩).val                   (arguments                       ⟨0, LRA.Set.Constructions.GrothendieckUniverse.GrothendieckUniverseMembershipModel._proof_4⟩).val)               arguments)           relationSymbol arguments,       interpretConstant := fun constantSymbol =>         LRA.Set.ModelTheory.MembershipConstantSymbol.rec           ((fun _ =>               let emptyWitness := Classical.choose ⋯;               have emptyWitnessSpec := ⋯;               ⟨emptyWitness, ⋯⟩)             Unit.unit)           constantSymbol }	ok
LRA.Set.Constructions.GrothendieckUniverse.grothendieckUniverseModelIsStandardTransitive	LRA.Set.Constructions.GrothendieckUniverse.Satisfy_ZFC	theorem	true	∀ {SetObject : Type u} [inst : Membership SetObject SetObject] (A U : SetObject)   (universeHypothesis : LRA.Set.Constructions.GrothendieckUniverse.IsGrothendieckUniverseFor A U),   LRA.Set.Constructions.GrothendieckUniverse.Interface.ModelTheory.IsStandardTransitiveMembershipStructure     (LRA.Set.Constructions.GrothendieckUniverse.Interface.ModelTheory.toUniverseLStructure A U universeHypothesis)	∀ {SetObject : Type u} [inst : Membership SetObject SetObject] (A U : SetObject)   (universeHypothesis :     And (inst.1 U A)       (And (∀ ⦃x y : SetObject⦄, inst.1 U x → inst.1 x y → inst.1 U y)         (And           (∀ ⦃x y : SetObject⦄,             inst.1 U x →               inst.1 U y →                 Exists fun pair =>                   And (inst.1 U pair) (∀ (x_1 : SetObject), Iff (inst.1 pair x_1) (Or (Eq x_1 x) (Eq x_1 y))))           (And             (∀ ⦃x : SetObject⦄,               inst.1 U x →                 Exists fun powerSet =>                   And (inst.1 U powerSet)                     (∀ (x_1 : SetObject), Iff (inst.1 powerSet x_1) (∀ (y : SetObject), inst.1 x_1 y → inst.1 x y)))             (And               (∀ ⦃indexSet : SetObject⦄,                 inst.1 U indexSet →                   ∀ (family : SetObject → SetObject),                     (∀ (i : SetObject), inst.1 indexSet i → inst.1 U (family i)) →                       Exists fun image =>                         And (inst.1 U image)                           (And                             (∀ (y : SetObject),                               Iff (inst.1 image y) (Exists fun i => And (inst.1 indexSet i) (Eq y (family i))))                             (Exists fun union =>                               And (inst.1 U union)                                 (∀ (x : SetObject),                                   Iff (inst.1 union x)                                     (Exists fun i => And (inst.1 indexSet i) (inst.1 (family i) x))))))               (Exists fun omega =>                 And (inst.1 U omega)                   (And (Exists fun empty => And (inst.1 omega empty) (∀ (x : SetObject), inst.mem empty x → False))                     (∀ (x : SetObject),                       inst.1 omega x →                         Exists fun successor =>                           And (inst.1 omega successor)                             (∀ (x_1 : SetObject), Iff (inst.1 successor x_1) (Or (inst.1 x x_1) (Eq x_1 x))))))))))),   And     (∀       (left right :         Subtype fun x =>           inst.1             (LRA.Set.Constructions.GrothendieckUniverse.Interface.ModelTheory.toUniverseLStructure A U                 universeHypothesis).2             x),       Iff (inst.1 right.1 left.1) (inst.1 right.1 left.1))     (∀ ⦃x y : SetObject⦄,       inst.1           (LRA.Set.Constructions.GrothendieckUniverse.Interface.ModelTheory.toUniverseLStructure A U               universeHypothesis).2           x →         inst.1 x y →           inst.1             (LRA.Set.Constructions.GrothendieckUniverse.Interface.ModelTheory.toUniverseLStructure A U                 universeHypothesis).2             y)	ok
LRA.Set.Constructions.GrothendieckUniverse.grothendieckUniverseSupportsTGUniverseTower	LRA.Set.Constructions.GrothendieckUniverse.Satisfy_ZFC	theorem	true	∀ (SetObject : Type u) [inst : Membership SetObject SetObject]   [inst_1 : LRA.Set.Constructions.GrothendieckUniverse.GrothendieckUniverseAxiom SetObject],   LRA.Set.Constructions.GrothendieckUniverse.SupportsTGUniverseTower SetObject	∀ (SetObject : Type u) [inst : Membership SetObject SetObject]   [inst_1 : LRA.Set.Constructions.GrothendieckUniverse.GrothendieckUniverseAxiom SetObject] (A : SetObject),   Set.instMembership.1     (fun M =>       ∀ (assignment : Nat → M.1) (φ : LRA.Logic.FirstOrder.Formula LRA.Set.ModelTheory.MembershipSignature Nat),         Set.instMembership.1 LRA.Set.Constructions.ZFCSet.Interface.ModelTheory.ZFCTheory φ →           LRA.Logic.FirstOrder.Satisfies M assignment φ)     { Domain := Subtype fun x => inst.1 (Classical.choose ⋯) x, domainNonempty := ⋯, equalityIsDiagonal := ⋯,       interpretFunction := fun functionSymbol =>         Empty.rec           (fun x =>             (Fin (LRA.Set.ModelTheory.MembershipSignature.Functions.arity functionSymbol) →                 Subtype fun x => inst.1 (LRA.Set.Constructions.GrothendieckUniverse.TheGrothendieckUniverse A) x) →               Subtype fun x => inst.1 (LRA.Set.Constructions.GrothendieckUniverse.TheGrothendieckUniverse A) x)           functionSymbol,       interpretRelation := fun relationSymbol arguments =>         LRA.Set.ModelTheory.MembershipRelationSymbol.rec (motive := fun x =>           (arguments :               Fin (LRA.Set.ModelTheory.MembershipSignature.relationArity x) →                 Subtype fun x => inst.mem (LRA.Set.Constructions.GrothendieckUniverse.TheGrothendieckUniverse A) x) →             (fun relationSymbol arguments => Prop) x arguments)           (fun arguments =>             (fun arguments =>                 inst.mem                   (arguments                       ⟨1, LRA.Set.Constructions.GrothendieckUniverse.GrothendieckUniverseMembershipModel._proof_3⟩).val                   (arguments                       ⟨0, LRA.Set.Constructions.GrothendieckUniverse.GrothendieckUniverseMembershipModel._proof_4⟩).val)               arguments)           relationSymbol arguments,       interpretConstant := fun constantSymbol =>         LRA.Set.ModelTheory.MembershipConstantSymbol.rec           ((fun _ =>               let emptyWitness := Classical.choose ⋯;               have emptyWitnessSpec := ⋯;               ⟨emptyWitness, ⋯⟩)             Unit.unit)           constantSymbol }	ok
LRA.Set.Constructions.GrothendieckUniverse.canonicalGrothendieckUniverseModelsZFC	LRA.Set.Constructions.GrothendieckUniverse.Satisfy_ZFC	theorem	true	∀ {SetObject : Type u} [inst : Membership SetObject SetObject]   [inst_1 : LRA.Set.Constructions.GrothendieckUniverse.GrothendieckUniverseAxiom SetObject] (A : SetObject),   Set.instMembership.mem     (LRA.ModelTheory.FirstOrder.ModelsOfFormulaTheory LRA.Set.Constructions.ZFCSet.Interface.ModelTheory.ZFCTheory)     (LRA.Set.Constructions.GrothendieckUniverse.CanonicalGrothendieckUniverseMembershipModel A)	∀ {SetObject : Type u} [inst : Membership SetObject SetObject]   [inst_1 : LRA.Set.Constructions.GrothendieckUniverse.GrothendieckUniverseAxiom SetObject] (A : SetObject),   Set.instMembership.1     (fun M =>       ∀ (assignment : Nat → M.1) (φ : LRA.Logic.FirstOrder.Formula LRA.Set.ModelTheory.MembershipSignature Nat),         Set.instMembership.1 LRA.Set.Constructions.ZFCSet.Interface.ModelTheory.ZFCTheory φ →           LRA.Logic.FirstOrder.Satisfies M assignment φ)     {       Domain :=         Subtype fun x =>           inst.1             (Classical.indefiniteDescription (LRA.Set.Constructions.GrothendieckUniverse.IsGrothendieckUniverseFor A)                 ⋯).val             x,       domainNonempty := ⋯, equalityIsDiagonal := ⋯,       interpretFunction := fun functionSymbol =>         Empty.rec           (fun x =>             (Fin (LRA.Set.ModelTheory.MembershipSignature.Functions.2 functionSymbol) →                 Subtype fun x => inst.1 (Classical.choose ⋯) x) →               Subtype fun x => inst.1 (Classical.choose ⋯) x)           functionSymbol,       interpretRelation := fun relationSymbol arguments =>         LRA.Set.ModelTheory.MembershipRelationSymbol.rec (motive := fun x =>           (arguments :               Fin (LRA.Set.ModelTheory.MembershipSignature.Relations.arity x) →                 Subtype fun x => inst.1 (LRA.Set.Constructions.GrothendieckUniverse.TheGrothendieckUniverse A) x) →             (fun relationSymbol arguments => Prop) x arguments)           (fun arguments =>             (fun arguments =>                 inst.1                   (arguments                       ⟨1, LRA.Set.Constructions.GrothendieckUniverse.GrothendieckUniverseMembershipModel._proof_3⟩).val                   (arguments                       ⟨0, LRA.Set.Constructions.GrothendieckUniverse.GrothendieckUniverseMembershipModel._proof_4⟩).val)               arguments)           relationSymbol arguments,       interpretConstant := fun constantSymbol =>         LRA.Set.ModelTheory.MembershipConstantSymbol.rec           ((fun _ =>               let emptyWitness := Classical.choose ⋯;               have emptyWitnessSpec := ⋯;               ⟨emptyWitness, ⋯⟩)             Unit.unit)           constantSymbol }	ok
LRA.Set.Constructions.GrothendieckUniverse.grothendieckUniverseSatisfiesReplacement	LRA.Set.Constructions.GrothendieckUniverse.Satisfy_ZFC	theorem	true	∀ {SetObject : Type u} [inst : Membership SetObject SetObject] (A U : SetObject)   (universeHypothesis : LRA.Set.Constructions.GrothendieckUniverse.IsGrothendieckUniverseFor A U)   (relation : LRA.Logic.FirstOrder.Formula LRA.Set.ModelTheory.MembershipSignature Nat),   LRA.Set.Constructions.ZFCSet.Interface.ModelTheory.ReplacementHygienic relation →     ∀       (assignment :         Nat →           (LRA.Set.Constructions.GrothendieckUniverse.GrothendieckUniverseMembershipModel A U               universeHypothesis).Domain),       LRA.Logic.FirstOrder.Satisfies         (LRA.Set.Constructions.GrothendieckUniverse.GrothendieckUniverseMembershipModel A U universeHypothesis)         assignment (LRA.Set.Constructions.ZFCSet.Interface.ModelTheory.replacementInstance relation)	∀ {SetObject : Type u} [inst : Membership SetObject SetObject] (A U : SetObject)   (universeHypothesis :     And (inst.1 U A)       (And (∀ ⦃x y : SetObject⦄, inst.1 U x → inst.1 x y → inst.1 U y)         (And           (∀ ⦃x y : SetObject⦄,             inst.1 U x →               inst.1 U y →                 Exists fun pair =>                   And (inst.1 U pair) (∀ (x_1 : SetObject), Iff (inst.1 pair x_1) (Or (Eq x_1 x) (Eq x_1 y))))           (And             (∀ ⦃x : SetObject⦄,               inst.1 U x →                 Exists fun powerSet =>                   And (inst.1 U powerSet)                     (∀ (x_1 : SetObject), Iff (inst.1 powerSet x_1) (∀ (y : SetObject), inst.1 x_1 y → inst.1 x y)))             (And               (∀ ⦃indexSet : SetObject⦄,                 inst.1 U indexSet →                   ∀ (family : SetObject → SetObject),                     (∀ (i : SetObject), inst.1 indexSet i → inst.1 U (family i)) →                       Exists fun image =>                         And (inst.1 U image)                           (And                             (∀ (y : SetObject),                               Iff (inst.1 image y) (Exists fun i => And (inst.1 indexSet i) (Eq y (family i))))                             (Exists fun union =>                               And (inst.1 U union)                                 (∀ (x : SetObject),                                   Iff (inst.1 union x)                                     (Exists fun i => And (inst.1 indexSet i) (inst.1 (family i) x))))))               (Exists fun omega =>                 And (inst.1 U omega)                   (And (Exists fun empty => And (inst.1 omega empty) (∀ (x : SetObject), inst.mem empty x → False))                     (∀ (x : SetObject),                       inst.1 omega x →                         Exists fun successor =>                           And (inst.1 omega successor)                             (∀ (x_1 : SetObject), Iff (inst.1 successor x_1) (Or (inst.1 x x_1) (Eq x_1 x)))))))))))   (relation : LRA.Logic.FirstOrder.Formula LRA.Set.ModelTheory.MembershipSignature Nat),   And (SetLike.instMembership.1 (LRA.Logic.FirstOrder.freeVariables relation) 2 → False)       (And (SetLike.instMembership.1 (LRA.Logic.FirstOrder.freeVariables relation) 3 → False)         (SetLike.instMembership.1 (LRA.Logic.FirstOrder.allVariables relation) 4 → False)) →     ∀       (assignment :         Nat →           (LRA.Set.Constructions.GrothendieckUniverse.GrothendieckUniverseMembershipModel A U universeHypothesis).1),       LRA.Logic.FirstOrder.Satisfies         { Domain := Subtype fun x => inst.1 U x, domainNonempty := ⋯, equalityIsDiagonal := ⋯,           interpretFunction := fun functionSymbol =>             Empty.rec               (fun x =>                 (Fin (LRA.Set.ModelTheory.MembershipSignature.Functions.2 functionSymbol) →                     Subtype fun x => inst.1 U x) →                   Subtype fun x => inst.1 U x)               functionSymbol,           interpretRelation := fun relationSymbol arguments =>             LRA.Set.ModelTheory.MembershipRelationSymbol.rec (motive := fun x =>               (arguments : Fin (LRA.Set.ModelTheory.MembershipSignature.Relations.2 x) → Subtype fun x => inst.1 U x) →                 (fun relationSymbol arguments => Prop) x arguments)               (fun arguments =>                 (fun arguments =>                     inst.1                       (arguments                           ⟨1,                             LRA.Set.Constructions.GrothendieckUniverse.GrothendieckUniverseMembershipModel._proof_3⟩).1                       (arguments                           ⟨0,                             LRA.Set.Constructions.GrothendieckUniverse.GrothendieckUniverseMembershipModel._proof_4⟩).1)                   arguments)               relationSymbol arguments,           interpretConstant := fun constantSymbol =>             LRA.Set.ModelTheory.MembershipConstantSymbol.rec               ((fun _ =>                   let emptyWitness := Classical.choose ⋯;                   have emptyWitnessSpec := ⋯;                   ⟨emptyWitness, ⋯⟩)                 Unit.unit)               constantSymbol }         assignment         (LRA.Logic.FirstOrder.Formula.forallQ 2           ((LRA.Logic.FirstOrder.Formula.forallQ 0                 ((LRA.Logic.FirstOrder.Formula.relation LRA.Set.ModelTheory.MembershipRelationSymbol.mem fun i =>                       Fin.induction.match_1                         (fun x =>                           (fun x => (fun x => LRA.Logic.FirstOrder.Term LRA.Set.ModelTheory.MembershipSignature Nat) x)                             x)                         i fun i hi =>                         Fin.induction.go (LRA.Set.ModelTheory.varT 0)                           (fun i x => (fun i => Fin.cases (LRA.Set.ModelTheory.varT 2) Fin.elim0 i) i) i hi).impl                   ((LRA.Logic.FirstOrder.Formula.forallQ 1 relation.neg).neg.impl                       (LRA.Logic.FirstOrder.Formula.forallQ 1                           (LRA.Logic.FirstOrder.Formula.forallQ 4                             ((relation.impl                                     (LRA.Logic.FirstOrder.substitute 1 (LRA.Logic.FirstOrder.Term.var 4)                                         relation).neg).neg.impl                               (LRA.Logic.FirstOrder.Formula.equal (LRA.Logic.FirstOrder.Term.var 1)                                 (LRA.Logic.FirstOrder.Term.var 4))))).neg).neg)).impl             (LRA.Logic.FirstOrder.Formula.forallQ 3                 (LRA.Logic.FirstOrder.Formula.forallQ 1                     (((LRA.Logic.FirstOrder.Formula.relation LRA.Set.ModelTheory.MembershipRelationSymbol.mem                                 (LRA.Set.ModelTheory.binaryTerms (LRA.Set.ModelTheory.varT 1)                                   (LRA.Set.ModelTheory.varT 3))).impl                             (LRA.Logic.FirstOrder.Formula.forallQ 0                                 ((LRA.Set.ModelTheory.memF 0 2).impl relation.neg).neg.neg).neg).impl                         ((LRA.Logic.FirstOrder.Formula.forallQ 0                                   ((LRA.Set.ModelTheory.memF 0 2).impl relation.neg).neg.neg).neg.impl                             (LRA.Logic.FirstOrder.Formula.relation LRA.Set.ModelTheory.MembershipRelationSymbol.mem                               (LRA.Set.ModelTheory.binaryTerms (LRA.Set.ModelTheory.varT 1)                                 (LRA.Set.ModelTheory.varT 3)))).neg).neg).neg).neg))	ok
LRA.Set.Constructions.GrothendieckUniverse.HasCumulativeHierarchyClassification	LRA.Set.Constructions.GrothendieckUniverse.Satisfy_ZFC	instance	false	∀ {SetObject : Type u} [inst : Membership SetObject SetObject] (A U : SetObject)   (universeHypothesis : LRA.Set.Constructions.GrothendieckUniverse.IsGrothendieckUniverseFor A U)   (assignment :     Nat →       (LRA.Set.Constructions.GrothendieckUniverse.GrothendieckUniverseMembershipModel A U universeHypothesis).Domain)   (φ : LRA.Logic.FirstOrder.Formula LRA.Set.ModelTheory.MembershipSignature Nat),   Set.instMembership.mem LRA.Set.Constructions.ZFCSet.Interface.ModelTheory.ZFCTheory φ →     LRA.Logic.FirstOrder.Satisfies       (LRA.Set.Constructions.GrothendieckUniverse.GrothendieckUniverseMembershipModel A U universeHypothesis) assignment       φ	∀ {SetObject : Type u} [inst : Membership SetObject SetObject] (A U : SetObject)   (universeHypothesis :     And (inst.1 U A)       (And (∀ ⦃x y : SetObject⦄, inst.1 U x → inst.1 x y → inst.1 U y)         (And           (∀ ⦃x y : SetObject⦄,             inst.1 U x →               inst.1 U y →                 Exists fun pair =>                   And (inst.1 U pair) (∀ (x_1 : SetObject), Iff (inst.1 pair x_1) (Or (Eq x_1 x) (Eq x_1 y))))           (And             (∀ ⦃x : SetObject⦄,               inst.1 U x →                 Exists fun powerSet =>                   And (inst.1 U powerSet)                     (∀ (x_1 : SetObject), Iff (inst.1 powerSet x_1) (∀ (y : SetObject), inst.1 x_1 y → inst.1 x y)))             (And               (∀ ⦃indexSet : SetObject⦄,                 inst.1 U indexSet →                   ∀ (family : SetObject → SetObject),                     (∀ (i : SetObject), inst.1 indexSet i → inst.1 U (family i)) →                       Exists fun image =>                         And (inst.1 U image)                           (And                             (∀ (y : SetObject),                               Iff (inst.1 image y) (Exists fun i => And (inst.1 indexSet i) (Eq y (family i))))                             (Exists fun union =>                               And (inst.1 U union)                                 (∀ (x : SetObject),                                   Iff (inst.1 union x)                                     (Exists fun i => And (inst.1 indexSet i) (inst.1 (family i) x))))))               (Exists fun omega =>                 And (inst.1 U omega)                   (And (Exists fun empty => And (inst.1 omega empty) (∀ (x : SetObject), inst.mem empty x → False))                     (∀ (x : SetObject),                       inst.1 omega x →                         Exists fun successor =>                           And (inst.1 omega successor)                             (∀ (x_1 : SetObject), Iff (inst.1 successor x_1) (Or (inst.1 x x_1) (Eq x_1 x)))))))))))   (assignment :     Nat → (LRA.Set.Constructions.GrothendieckUniverse.GrothendieckUniverseMembershipModel A U universeHypothesis).1)   (φ : LRA.Logic.FirstOrder.Formula LRA.Set.ModelTheory.MembershipSignature Nat),   Set.instMembership.1 LRA.Set.Constructions.ZFCSet.Interface.ModelTheory.ZFCTheory φ →     LRA.Logic.FirstOrder.Satisfies       { Domain := Subtype fun x => inst.1 U x, domainNonempty := ⋯, equalityIsDiagonal := ⋯,         interpretFunction := fun functionSymbol =>           Empty.rec             (fun x =>               (Fin (LRA.Set.ModelTheory.MembershipSignature.Functions.2 functionSymbol) → Subtype fun x => inst.1 U x) →                 Subtype fun x => inst.1 U x)             functionSymbol,         interpretRelation := fun relationSymbol arguments =>           LRA.Set.ModelTheory.MembershipRelationSymbol.rec (motive := fun x =>             (arguments : Fin (LRA.Set.ModelTheory.MembershipSignature.Relations.2 x) → Subtype fun x => inst.1 U x) →               (fun relationSymbol arguments => Prop) x arguments)             (fun arguments =>               (fun arguments =>                   inst.1                     (arguments                         ⟨1, LRA.Set.Constructions.GrothendieckUniverse.GrothendieckUniverseMembershipModel._proof_3⟩).1                     (arguments                         ⟨0, LRA.Set.Constructions.GrothendieckUniverse.GrothendieckUniverseMembershipModel._proof_4⟩).1)                 arguments)             relationSymbol arguments,         interpretConstant := fun constantSymbol =>           LRA.Set.ModelTheory.MembershipConstantSymbol.rec             ((fun _ =>                 let emptyWitness := Classical.choose ⋯;                 have emptyWitnessSpec := ⋯;                 ⟨emptyWitness, ⋯⟩)               Unit.unit)             constantSymbol }       assignment φ	ok
LRA.Set.Constructions.GrothendieckUniverse.grothendieckUniverseSatisfiesExtensionality	LRA.Set.Constructions.GrothendieckUniverse.Satisfy_ZFC	theorem	true	∀ {SetObject : Type u} [inst : Membership SetObject SetObject] (A U : SetObject)   (universeHypothesis : LRA.Set.Constructions.GrothendieckUniverse.IsGrothendieckUniverseFor A U)   (assignment :     Nat →       (LRA.Set.Constructions.GrothendieckUniverse.GrothendieckUniverseMembershipModel A U universeHypothesis).Domain),   LRA.Logic.FirstOrder.Satisfies     (LRA.Set.Constructions.GrothendieckUniverse.GrothendieckUniverseMembershipModel A U universeHypothesis) assignment     LRA.Set.Constructions.ZFCSet.Interface.ModelTheory.extensionalityFormula	∀ {SetObject : Type u} [inst : Membership SetObject SetObject] (A U : SetObject)   (universeHypothesis :     And (inst.1 U A)       (And (∀ ⦃x y : SetObject⦄, inst.1 U x → inst.1 x y → inst.1 U y)         (And           (∀ ⦃x y : SetObject⦄,             inst.1 U x →               inst.1 U y →                 Exists fun pair =>                   And (inst.1 U pair) (∀ (x_1 : SetObject), Iff (inst.1 pair x_1) (Or (Eq x_1 x) (Eq x_1 y))))           (And             (∀ ⦃x : SetObject⦄,               inst.1 U x →                 Exists fun powerSet =>                   And (inst.1 U powerSet)                     (∀ (x_1 : SetObject), Iff (inst.1 powerSet x_1) (∀ (y : SetObject), inst.1 x_1 y → inst.1 x y)))             (And               (∀ ⦃indexSet : SetObject⦄,                 inst.1 U indexSet →                   ∀ (family : SetObject → SetObject),                     (∀ (i : SetObject), inst.1 indexSet i → inst.1 U (family i)) →                       Exists fun image =>                         And (inst.1 U image)                           (And                             (∀ (y : SetObject),                               Iff (inst.1 image y) (Exists fun i => And (inst.1 indexSet i) (Eq y (family i))))                             (Exists fun union =>                               And (inst.1 U union)                                 (∀ (x : SetObject),                                   Iff (inst.1 union x)                                     (Exists fun i => And (inst.1 indexSet i) (inst.1 (family i) x))))))               (Exists fun omega =>                 And (inst.1 U omega)                   (And (Exists fun empty => And (inst.1 omega empty) (∀ (x : SetObject), inst.mem empty x → False))                     (∀ (x : SetObject),                       inst.1 omega x →                         Exists fun successor =>                           And (inst.1 omega successor)                             (∀ (x_1 : SetObject), Iff (inst.1 successor x_1) (Or (inst.1 x x_1) (Eq x_1 x)))))))))))   (assignment :     Nat → (LRA.Set.Constructions.GrothendieckUniverse.GrothendieckUniverseMembershipModel A U universeHypothesis).1),   LRA.Logic.FirstOrder.Satisfies     { Domain := Subtype fun x => inst.1 U x, domainNonempty := ⋯, equalityIsDiagonal := ⋯,       interpretFunction := fun functionSymbol =>         Empty.rec           (fun x =>             (Fin (LRA.Set.ModelTheory.MembershipSignature.Functions.2 functionSymbol) → Subtype fun x => inst.1 U x) →               Subtype fun x => inst.1 U x)           functionSymbol,       interpretRelation := fun relationSymbol arguments =>         LRA.Set.ModelTheory.MembershipRelationSymbol.rec (motive := fun x =>           (arguments : Fin (LRA.Set.ModelTheory.MembershipSignature.Relations.2 x) → Subtype fun x => inst.1 U x) →             (fun relationSymbol arguments => Prop) x arguments)           (fun arguments =>             (fun arguments =>                 inst.1                   (arguments                       ⟨1, LRA.Set.Constructions.GrothendieckUniverse.GrothendieckUniverseMembershipModel._proof_3⟩).1                   (arguments                       ⟨0, LRA.Set.Constructions.GrothendieckUniverse.GrothendieckUniverseMembershipModel._proof_4⟩).1)               arguments)           relationSymbol arguments,       interpretConstant := fun constantSymbol =>         LRA.Set.ModelTheory.MembershipConstantSymbol.rec           ((fun _ =>               let emptyWitness := Classical.choose ⋯;               have emptyWitnessSpec := ⋯;               ⟨emptyWitness, ⋯⟩)             Unit.unit)           constantSymbol }     assignment LRA.Set.Constructions.ZFCSet.Interface.ModelTheory.extensionalityFormula	ok
LRA.Set.Constructions.GrothendieckUniverse.SupportsTGUniverseTower	LRA.Set.Constructions.GrothendieckUniverse.Satisfy_ZFC	instance	false	∀ (SetObject : Type u) [inst : Membership SetObject SetObject]   [inst_1 : LRA.Set.Constructions.GrothendieckUniverse.GrothendieckUniverseAxiom SetObject] (A : SetObject),   Set.instMembership.mem     (LRA.ModelTheory.FirstOrder.ModelsOfFormulaTheory LRA.Set.Constructions.ZFCSet.Interface.ModelTheory.ZFCTheory)     (LRA.Set.Constructions.GrothendieckUniverse.CanonicalGrothendieckUniverseMembershipModel A)	∀ (SetObject : Type u) [inst : Membership SetObject SetObject]   [inst_1 : LRA.Set.Constructions.GrothendieckUniverse.GrothendieckUniverseAxiom SetObject] (A : SetObject),   Set.instMembership.1     (fun M =>       ∀ (assignment : Nat → M.1) (φ : LRA.Logic.FirstOrder.Formula LRA.Set.ModelTheory.MembershipSignature Nat),         Set.instMembership.1 LRA.Set.Constructions.ZFCSet.Interface.ModelTheory.ZFCTheory φ →           LRA.Logic.FirstOrder.Satisfies M assignment φ)     {       Domain :=         Subtype fun x =>           inst.1             (Classical.indefiniteDescription (LRA.Set.Constructions.GrothendieckUniverse.IsGrothendieckUniverseFor A)                 ⋯).val             x,       domainNonempty := ⋯, equalityIsDiagonal := ⋯,       interpretFunction := fun functionSymbol =>         Empty.rec           (fun x =>             (Fin (LRA.Set.ModelTheory.MembershipSignature.Functions.2 functionSymbol) →                 Subtype fun x => inst.1 (Classical.choose ⋯) x) →               Subtype fun x => inst.1 (Classical.choose ⋯) x)           functionSymbol,       interpretRelation := fun relationSymbol arguments =>         LRA.Set.ModelTheory.MembershipRelationSymbol.rec (motive := fun x =>           (arguments :               Fin (LRA.Set.ModelTheory.MembershipSignature.Relations.arity x) →                 Subtype fun x => inst.1 (LRA.Set.Constructions.GrothendieckUniverse.TheGrothendieckUniverse A) x) →             (fun relationSymbol arguments => Prop) x arguments)           (fun arguments =>             (fun arguments =>                 inst.1                   (arguments                       ⟨1, LRA.Set.Constructions.GrothendieckUniverse.GrothendieckUniverseMembershipModel._proof_3⟩).val                   (arguments                       ⟨0, LRA.Set.Constructions.GrothendieckUniverse.GrothendieckUniverseMembershipModel._proof_4⟩).val)               arguments)           relationSymbol arguments,       interpretConstant := fun constantSymbol =>         LRA.Set.ModelTheory.MembershipConstantSymbol.rec           ((fun _ =>               let emptyWitness := Classical.choose ⋯;               have emptyWitnessSpec := ⋯;               ⟨emptyWitness, ⋯⟩)             Unit.unit)           constantSymbol }	ok
LRA.Set.Constructions.GrothendieckUniverse.grothendieckUniverseSatisfiesUnion	LRA.Set.Constructions.GrothendieckUniverse.Satisfy_ZFC	theorem	true	∀ {SetObject : Type u} [inst : Membership SetObject SetObject] (A U : SetObject)   (universeHypothesis : LRA.Set.Constructions.GrothendieckUniverse.IsGrothendieckUniverseFor A U)   (assignment :     Nat →       (LRA.Set.Constructions.GrothendieckUniverse.GrothendieckUniverseMembershipModel A U universeHypothesis).Domain),   LRA.Logic.FirstOrder.Satisfies     (LRA.Set.Constructions.GrothendieckUniverse.GrothendieckUniverseMembershipModel A U universeHypothesis) assignment     LRA.Set.Constructions.ZFCSet.Interface.ModelTheory.unionFormula	∀ {SetObject : Type u} [inst : Membership SetObject SetObject] (A U : SetObject)   (universeHypothesis :     And (inst.1 U A)       (And (∀ ⦃x y : SetObject⦄, inst.1 U x → inst.1 x y → inst.1 U y)         (And           (∀ ⦃x y : SetObject⦄,             inst.1 U x →               inst.1 U y →                 Exists fun pair =>                   And (inst.1 U pair) (∀ (x_1 : SetObject), Iff (inst.1 pair x_1) (Or (Eq x_1 x) (Eq x_1 y))))           (And             (∀ ⦃x : SetObject⦄,               inst.1 U x →                 Exists fun powerSet =>                   And (inst.1 U powerSet)                     (∀ (x_1 : SetObject), Iff (inst.1 powerSet x_1) (∀ (y : SetObject), inst.1 x_1 y → inst.1 x y)))             (And               (∀ ⦃indexSet : SetObject⦄,                 inst.1 U indexSet →                   ∀ (family : SetObject → SetObject),                     (∀ (i : SetObject), inst.1 indexSet i → inst.1 U (family i)) →                       Exists fun image =>                         And (inst.1 U image)                           (And                             (∀ (y : SetObject),                               Iff (inst.1 image y) (Exists fun i => And (inst.1 indexSet i) (Eq y (family i))))                             (Exists fun union =>                               And (inst.1 U union)                                 (∀ (x : SetObject),                                   Iff (inst.1 union x)                                     (Exists fun i => And (inst.1 indexSet i) (inst.1 (family i) x))))))               (Exists fun omega =>                 And (inst.1 U omega)                   (And (Exists fun empty => And (inst.1 omega empty) (∀ (x : SetObject), inst.mem empty x → False))                     (∀ (x : SetObject),                       inst.1 omega x →                         Exists fun successor =>                           And (inst.1 omega successor)                             (∀ (x_1 : SetObject), Iff (inst.1 successor x_1) (Or (inst.1 x x_1) (Eq x_1 x)))))))))))   (assignment :     Nat → (LRA.Set.Constructions.GrothendieckUniverse.GrothendieckUniverseMembershipModel A U universeHypothesis).1),   LRA.Logic.FirstOrder.Satisfies     { Domain := Subtype fun x => inst.1 U x, domainNonempty := ⋯, equalityIsDiagonal := ⋯,       interpretFunction := fun functionSymbol =>         Empty.rec           (fun x =>             (Fin (LRA.Set.ModelTheory.MembershipSignature.Functions.2 functionSymbol) → Subtype fun x => inst.1 U x) →               Subtype fun x => inst.1 U x)           functionSymbol,       interpretRelation := fun relationSymbol arguments =>         LRA.Set.ModelTheory.MembershipRelationSymbol.rec (motive := fun x =>           (arguments : Fin (LRA.Set.ModelTheory.MembershipSignature.Relations.2 x) → Subtype fun x => inst.1 U x) →             (fun relationSymbol arguments => Prop) x arguments)           (fun arguments =>             (fun arguments =>                 inst.1                   (arguments                       ⟨1, LRA.Set.Constructions.GrothendieckUniverse.GrothendieckUniverseMembershipModel._proof_3⟩).1                   (arguments                       ⟨0, LRA.Set.Constructions.GrothendieckUniverse.GrothendieckUniverseMembershipModel._proof_4⟩).1)               arguments)           relationSymbol arguments,       interpretConstant := fun constantSymbol =>         LRA.Set.ModelTheory.MembershipConstantSymbol.rec           ((fun _ =>               let emptyWitness := Classical.choose ⋯;               have emptyWitnessSpec := ⋯;               ⟨emptyWitness, ⋯⟩)             Unit.unit)           constantSymbol }     assignment LRA.Set.Constructions.ZFCSet.Interface.ModelTheory.unionFormula	ok
LRA.Set.Constructions.GrothendieckUniverse.grothendieckUniverseSatisfiesChoice	LRA.Set.Constructions.GrothendieckUniverse.Satisfy_ZFC	theorem	true	∀ {SetObject : Type u} [inst : Membership SetObject SetObject] (A U : SetObject)   (universeHypothesis : LRA.Set.Constructions.GrothendieckUniverse.IsGrothendieckUniverseFor A U)   (assignment :     Nat →       (LRA.Set.Constructions.GrothendieckUniverse.GrothendieckUniverseMembershipModel A U universeHypothesis).Domain),   LRA.Logic.FirstOrder.Satisfies     (LRA.Set.Constructions.GrothendieckUniverse.GrothendieckUniverseMembershipModel A U universeHypothesis) assignment     LRA.Set.Constructions.ZFCSet.Interface.ModelTheory.choiceFormula	∀ {SetObject : Type u} [inst : Membership SetObject SetObject] (A U : SetObject)   (universeHypothesis :     And (inst.1 U A)       (And (∀ ⦃x y : SetObject⦄, inst.1 U x → inst.1 x y → inst.1 U y)         (And           (∀ ⦃x y : SetObject⦄,             inst.1 U x →               inst.1 U y →                 Exists fun pair =>                   And (inst.1 U pair) (∀ (x_1 : SetObject), Iff (inst.1 pair x_1) (Or (Eq x_1 x) (Eq x_1 y))))           (And             (∀ ⦃x : SetObject⦄,               inst.1 U x →                 Exists fun powerSet =>                   And (inst.1 U powerSet)                     (∀ (x_1 : SetObject), Iff (inst.1 powerSet x_1) (∀ (y : SetObject), inst.1 x_1 y → inst.1 x y)))             (And               (∀ ⦃indexSet : SetObject⦄,                 inst.1 U indexSet →                   ∀ (family : SetObject → SetObject),                     (∀ (i : SetObject), inst.1 indexSet i → inst.1 U (family i)) →                       Exists fun image =>                         And (inst.1 U image)                           (And                             (∀ (y : SetObject),                               Iff (inst.1 image y) (Exists fun i => And (inst.1 indexSet i) (Eq y (family i))))                             (Exists fun union =>                               And (inst.1 U union)                                 (∀ (x : SetObject),                                   Iff (inst.1 union x)                                     (Exists fun i => And (inst.1 indexSet i) (inst.1 (family i) x))))))               (Exists fun omega =>                 And (inst.1 U omega)                   (And (Exists fun empty => And (inst.1 omega empty) (∀ (x : SetObject), inst.mem empty x → False))                     (∀ (x : SetObject),                       inst.1 omega x →                         Exists fun successor =>                           And (inst.1 omega successor)                             (∀ (x_1 : SetObject), Iff (inst.1 successor x_1) (Or (inst.1 x x_1) (Eq x_1 x)))))))))))   (assignment :     Nat → (LRA.Set.Constructions.GrothendieckUniverse.GrothendieckUniverseMembershipModel A U universeHypothesis).1),   LRA.Logic.FirstOrder.Satisfies     { Domain := Subtype fun x => inst.1 U x, domainNonempty := ⋯, equalityIsDiagonal := ⋯,       interpretFunction := fun functionSymbol =>         Empty.rec           (fun x =>             (Fin (LRA.Set.ModelTheory.MembershipSignature.Functions.2 functionSymbol) → Subtype fun x => inst.1 U x) →               Subtype fun x => inst.1 U x)           functionSymbol,       interpretRelation := fun relationSymbol arguments =>         LRA.Set.ModelTheory.MembershipRelationSymbol.rec (motive := fun x =>           (arguments : Fin (LRA.Set.ModelTheory.MembershipSignature.Relations.2 x) → Subtype fun x => inst.1 U x) →             (fun relationSymbol arguments => Prop) x arguments)           (fun arguments =>             (fun arguments =>                 inst.1                   (arguments                       ⟨1, LRA.Set.Constructions.GrothendieckUniverse.GrothendieckUniverseMembershipModel._proof_3⟩).1                   (arguments                       ⟨0, LRA.Set.Constructions.GrothendieckUniverse.GrothendieckUniverseMembershipModel._proof_4⟩).1)               arguments)           relationSymbol arguments,       interpretConstant := fun constantSymbol =>         LRA.Set.ModelTheory.MembershipConstantSymbol.rec           ((fun _ =>               let emptyWitness := Classical.choose ⋯;               have emptyWitnessSpec := ⋯;               ⟨emptyWitness, ⋯⟩)             Unit.unit)           constantSymbol }     assignment LRA.Set.Constructions.ZFCSet.Interface.ModelTheory.choiceFormula	ok
LRA.Set.Constructions.GrothendieckUniverse.grothendieckUniverseSatisfiesEmptySet	LRA.Set.Constructions.GrothendieckUniverse.Satisfy_ZFC	theorem	true	∀ {SetObject : Type u} [inst : Membership SetObject SetObject] (A U : SetObject)   (universeHypothesis : LRA.Set.Constructions.GrothendieckUniverse.IsGrothendieckUniverseFor A U)   (assignment :     Nat →       (LRA.Set.Constructions.GrothendieckUniverse.GrothendieckUniverseMembershipModel A U universeHypothesis).Domain),   LRA.Logic.FirstOrder.Satisfies     (LRA.Set.Constructions.GrothendieckUniverse.GrothendieckUniverseMembershipModel A U universeHypothesis) assignment     LRA.Set.Constructions.ZFCSet.Interface.ModelTheory.emptySetFormula	∀ {SetObject : Type u} [inst : Membership SetObject SetObject] (A U : SetObject)   (universeHypothesis :     And (inst.1 U A)       (And (∀ ⦃x y : SetObject⦄, inst.1 U x → inst.1 x y → inst.1 U y)         (And           (∀ ⦃x y : SetObject⦄,             inst.1 U x →               inst.1 U y →                 Exists fun pair =>                   And (inst.1 U pair) (∀ (x_1 : SetObject), Iff (inst.1 pair x_1) (Or (Eq x_1 x) (Eq x_1 y))))           (And             (∀ ⦃x : SetObject⦄,               inst.1 U x →                 Exists fun powerSet =>                   And (inst.1 U powerSet)                     (∀ (x_1 : SetObject), Iff (inst.1 powerSet x_1) (∀ (y : SetObject), inst.1 x_1 y → inst.1 x y)))             (And               (∀ ⦃indexSet : SetObject⦄,                 inst.1 U indexSet →                   ∀ (family : SetObject → SetObject),                     (∀ (i : SetObject), inst.1 indexSet i → inst.1 U (family i)) →                       Exists fun image =>                         And (inst.1 U image)                           (And                             (∀ (y : SetObject),                               Iff (inst.1 image y) (Exists fun i => And (inst.1 indexSet i) (Eq y (family i))))                             (Exists fun union =>                               And (inst.1 U union)                                 (∀ (x : SetObject),                                   Iff (inst.1 union x)                                     (Exists fun i => And (inst.1 indexSet i) (inst.1 (family i) x))))))               (Exists fun omega =>                 And (inst.1 U omega)                   (And (Exists fun empty => And (inst.1 omega empty) (∀ (x : SetObject), inst.mem empty x → False))                     (∀ (x : SetObject),                       inst.1 omega x →                         Exists fun successor =>                           And (inst.1 omega successor)                             (∀ (x_1 : SetObject), Iff (inst.1 successor x_1) (Or (inst.1 x x_1) (Eq x_1 x)))))))))))   (assignment :     Nat → (LRA.Set.Constructions.GrothendieckUniverse.GrothendieckUniverseMembershipModel A U universeHypothesis).1),   LRA.Logic.FirstOrder.Satisfies     { Domain := Subtype fun x => inst.1 U x, domainNonempty := ⋯, equalityIsDiagonal := ⋯,       interpretFunction := fun functionSymbol =>         Empty.rec           (fun x =>             (Fin (LRA.Set.ModelTheory.MembershipSignature.Functions.2 functionSymbol) → Subtype fun x => inst.1 U x) →               Subtype fun x => inst.1 U x)           functionSymbol,       interpretRelation := fun relationSymbol arguments =>         LRA.Set.ModelTheory.MembershipRelationSymbol.rec (motive := fun x =>           (arguments : Fin (LRA.Set.ModelTheory.MembershipSignature.Relations.2 x) → Subtype fun x => inst.1 U x) →             (fun relationSymbol arguments => Prop) x arguments)           (fun arguments =>             (fun arguments =>                 inst.1                   (arguments                       ⟨1, LRA.Set.Constructions.GrothendieckUniverse.GrothendieckUniverseMembershipModel._proof_3⟩).1                   (arguments                       ⟨0, LRA.Set.Constructions.GrothendieckUniverse.GrothendieckUniverseMembershipModel._proof_4⟩).1)               arguments)           relationSymbol arguments,       interpretConstant := fun constantSymbol =>         LRA.Set.ModelTheory.MembershipConstantSymbol.rec           ((fun _ =>               let emptyWitness := Classical.choose ⋯;               have emptyWitnessSpec := ⋯;               ⟨emptyWitness, ⋯⟩)             Unit.unit)           constantSymbol }     assignment LRA.Set.Constructions.ZFCSet.Interface.ModelTheory.emptySetFormula	ok
LRA.Set.Constructions.GrothendieckUniverse.grothendieckUniverseSatisfiesPairing	LRA.Set.Constructions.GrothendieckUniverse.Satisfy_ZFC	theorem	true	∀ {SetObject : Type u} [inst : Membership SetObject SetObject] (A U : SetObject)   (universeHypothesis : LRA.Set.Constructions.GrothendieckUniverse.IsGrothendieckUniverseFor A U)   (assignment :     Nat →       (LRA.Set.Constructions.GrothendieckUniverse.GrothendieckUniverseMembershipModel A U universeHypothesis).Domain),   LRA.Logic.FirstOrder.Satisfies     (LRA.Set.Constructions.GrothendieckUniverse.GrothendieckUniverseMembershipModel A U universeHypothesis) assignment     LRA.Set.Constructions.ZFCSet.Interface.ModelTheory.pairingFormula	∀ {SetObject : Type u} [inst : Membership SetObject SetObject] (A U : SetObject)   (universeHypothesis :     And (inst.1 U A)       (And (∀ ⦃x y : SetObject⦄, inst.1 U x → inst.1 x y → inst.1 U y)         (And           (∀ ⦃x y : SetObject⦄,             inst.1 U x →               inst.1 U y →                 Exists fun pair =>                   And (inst.1 U pair) (∀ (x_1 : SetObject), Iff (inst.1 pair x_1) (Or (Eq x_1 x) (Eq x_1 y))))           (And             (∀ ⦃x : SetObject⦄,               inst.1 U x →                 Exists fun powerSet =>                   And (inst.1 U powerSet)                     (∀ (x_1 : SetObject), Iff (inst.1 powerSet x_1) (∀ (y : SetObject), inst.1 x_1 y → inst.1 x y)))             (And               (∀ ⦃indexSet : SetObject⦄,                 inst.1 U indexSet →                   ∀ (family : SetObject → SetObject),                     (∀ (i : SetObject), inst.1 indexSet i → inst.1 U (family i)) →                       Exists fun image =>                         And (inst.1 U image)                           (And                             (∀ (y : SetObject),                               Iff (inst.1 image y) (Exists fun i => And (inst.1 indexSet i) (Eq y (family i))))                             (Exists fun union =>                               And (inst.1 U union)                                 (∀ (x : SetObject),                                   Iff (inst.1 union x)                                     (Exists fun i => And (inst.1 indexSet i) (inst.1 (family i) x))))))               (Exists fun omega =>                 And (inst.1 U omega)                   (And (Exists fun empty => And (inst.1 omega empty) (∀ (x : SetObject), inst.mem empty x → False))                     (∀ (x : SetObject),                       inst.1 omega x →                         Exists fun successor =>                           And (inst.1 omega successor)                             (∀ (x_1 : SetObject), Iff (inst.1 successor x_1) (Or (inst.1 x x_1) (Eq x_1 x)))))))))))   (assignment :     Nat → (LRA.Set.Constructions.GrothendieckUniverse.GrothendieckUniverseMembershipModel A U universeHypothesis).1),   LRA.Logic.FirstOrder.Satisfies     { Domain := Subtype fun x => inst.1 U x, domainNonempty := ⋯, equalityIsDiagonal := ⋯,       interpretFunction := fun functionSymbol =>         Empty.rec           (fun x =>             (Fin (LRA.Set.ModelTheory.MembershipSignature.Functions.2 functionSymbol) → Subtype fun x => inst.1 U x) →               Subtype fun x => inst.1 U x)           functionSymbol,       interpretRelation := fun relationSymbol arguments =>         LRA.Set.ModelTheory.MembershipRelationSymbol.rec (motive := fun x =>           (arguments : Fin (LRA.Set.ModelTheory.MembershipSignature.Relations.2 x) → Subtype fun x => inst.1 U x) →             (fun relationSymbol arguments => Prop) x arguments)           (fun arguments =>             (fun arguments =>                 inst.1                   (arguments                       ⟨1, LRA.Set.Constructions.GrothendieckUniverse.GrothendieckUniverseMembershipModel._proof_3⟩).1                   (arguments                       ⟨0, LRA.Set.Constructions.GrothendieckUniverse.GrothendieckUniverseMembershipModel._proof_4⟩).1)               arguments)           relationSymbol arguments,       interpretConstant := fun constantSymbol =>         LRA.Set.ModelTheory.MembershipConstantSymbol.rec           ((fun _ =>               let emptyWitness := Classical.choose ⋯;               have emptyWitnessSpec := ⋯;               ⟨emptyWitness, ⋯⟩)             Unit.unit)           constantSymbol }     assignment LRA.Set.Constructions.ZFCSet.Interface.ModelTheory.pairingFormula	ok
LRA.Set.Constructions.GrothendieckUniverse.grothendieckUniverseSatisfiesInfinity	LRA.Set.Constructions.GrothendieckUniverse.Satisfy_ZFC	theorem	true	∀ {SetObject : Type u} [inst : Membership SetObject SetObject] (A U : SetObject)   (universeHypothesis : LRA.Set.Constructions.GrothendieckUniverse.IsGrothendieckUniverseFor A U)   (assignment :     Nat →       (LRA.Set.Constructions.GrothendieckUniverse.GrothendieckUniverseMembershipModel A U universeHypothesis).Domain),   LRA.Logic.FirstOrder.Satisfies     (LRA.Set.Constructions.GrothendieckUniverse.GrothendieckUniverseMembershipModel A U universeHypothesis) assignment     LRA.Set.Constructions.ZFCSet.Interface.ModelTheory.infinityFormula	∀ {SetObject : Type u} [inst : Membership SetObject SetObject] (A U : SetObject)   (universeHypothesis :     And (inst.1 U A)       (And (∀ ⦃x y : SetObject⦄, inst.1 U x → inst.1 x y → inst.1 U y)         (And           (∀ ⦃x y : SetObject⦄,             inst.1 U x →               inst.1 U y →                 Exists fun pair =>                   And (inst.1 U pair) (∀ (x_1 : SetObject), Iff (inst.1 pair x_1) (Or (Eq x_1 x) (Eq x_1 y))))           (And             (∀ ⦃x : SetObject⦄,               inst.1 U x →                 Exists fun powerSet =>                   And (inst.1 U powerSet)                     (∀ (x_1 : SetObject), Iff (inst.1 powerSet x_1) (∀ (y : SetObject), inst.1 x_1 y → inst.1 x y)))             (And               (∀ ⦃indexSet : SetObject⦄,                 inst.1 U indexSet →                   ∀ (family : SetObject → SetObject),                     (∀ (i : SetObject), inst.1 indexSet i → inst.1 U (family i)) →                       Exists fun image =>                         And (inst.1 U image)                           (And                             (∀ (y : SetObject),                               Iff (inst.1 image y) (Exists fun i => And (inst.1 indexSet i) (Eq y (family i))))                             (Exists fun union =>                               And (inst.1 U union)                                 (∀ (x : SetObject),                                   Iff (inst.1 union x)                                     (Exists fun i => And (inst.1 indexSet i) (inst.1 (family i) x))))))               (Exists fun omega =>                 And (inst.1 U omega)                   (And (Exists fun empty => And (inst.1 omega empty) (∀ (x : SetObject), inst.mem empty x → False))                     (∀ (x : SetObject),                       inst.1 omega x →                         Exists fun successor =>                           And (inst.1 omega successor)                             (∀ (x_1 : SetObject), Iff (inst.1 successor x_1) (Or (inst.1 x x_1) (Eq x_1 x)))))))))))   (assignment :     Nat → (LRA.Set.Constructions.GrothendieckUniverse.GrothendieckUniverseMembershipModel A U universeHypothesis).1),   LRA.Logic.FirstOrder.Satisfies     { Domain := Subtype fun x => inst.1 U x, domainNonempty := ⋯, equalityIsDiagonal := ⋯,       interpretFunction := fun functionSymbol =>         Empty.rec           (fun x =>             (Fin (LRA.Set.ModelTheory.MembershipSignature.Functions.2 functionSymbol) → Subtype fun x => inst.1 U x) →               Subtype fun x => inst.1 U x)           functionSymbol,       interpretRelation := fun relationSymbol arguments =>         LRA.Set.ModelTheory.MembershipRelationSymbol.rec (motive := fun x =>           (arguments : Fin (LRA.Set.ModelTheory.MembershipSignature.Relations.2 x) → Subtype fun x => inst.1 U x) →             (fun relationSymbol arguments => Prop) x arguments)           (fun arguments =>             (fun arguments =>                 inst.1                   (arguments                       ⟨1, LRA.Set.Constructions.GrothendieckUniverse.GrothendieckUniverseMembershipModel._proof_3⟩).1                   (arguments                       ⟨0, LRA.Set.Constructions.GrothendieckUniverse.GrothendieckUniverseMembershipModel._proof_4⟩).1)               arguments)           relationSymbol arguments,       interpretConstant := fun constantSymbol =>         LRA.Set.ModelTheory.MembershipConstantSymbol.rec           ((fun _ =>               let emptyWitness := Classical.choose ⋯;               have emptyWitnessSpec := ⋯;               ⟨emptyWitness, ⋯⟩)             Unit.unit)           constantSymbol }     assignment LRA.Set.Constructions.ZFCSet.Interface.ModelTheory.infinityFormula	ok
LRA.Set.Constructions.GrothendieckUniverse.grothendieckUniverseModelsZFC	LRA.Set.Constructions.GrothendieckUniverse.Satisfy_ZFC	theorem	true	∀ {SetObject : Type u} [inst : Membership SetObject SetObject] (A U : SetObject)   (universeHypothesis : LRA.Set.Constructions.GrothendieckUniverse.IsGrothendieckUniverseFor A U),   Set.instMembership.mem     (LRA.ModelTheory.FirstOrder.ModelsOfFormulaTheory LRA.Set.Constructions.ZFCSet.Interface.ModelTheory.ZFCTheory)     (LRA.Set.Constructions.GrothendieckUniverse.GrothendieckUniverseMembershipModel A U universeHypothesis)	∀ {SetObject : Type u} [inst : Membership SetObject SetObject] (A U : SetObject)   (universeHypothesis :     And (inst.1 U A)       (And (∀ ⦃x y : SetObject⦄, inst.1 U x → inst.1 x y → inst.1 U y)         (And           (∀ ⦃x y : SetObject⦄,             inst.1 U x →               inst.1 U y →                 Exists fun pair =>                   And (inst.1 U pair) (∀ (x_1 : SetObject), Iff (inst.1 pair x_1) (Or (Eq x_1 x) (Eq x_1 y))))           (And             (∀ ⦃x : SetObject⦄,               inst.1 U x →                 Exists fun powerSet =>                   And (inst.1 U powerSet)                     (∀ (x_1 : SetObject), Iff (inst.1 powerSet x_1) (∀ (y : SetObject), inst.1 x_1 y → inst.1 x y)))             (And               (∀ ⦃indexSet : SetObject⦄,                 inst.1 U indexSet →                   ∀ (family : SetObject → SetObject),                     (∀ (i : SetObject), inst.1 indexSet i → inst.1 U (family i)) →                       Exists fun image =>                         And (inst.1 U image)                           (And                             (∀ (y : SetObject),                               Iff (inst.1 image y) (Exists fun i => And (inst.1 indexSet i) (Eq y (family i))))                             (Exists fun union =>                               And (inst.1 U union)                                 (∀ (x : SetObject),                                   Iff (inst.1 union x)                                     (Exists fun i => And (inst.1 indexSet i) (inst.1 (family i) x))))))               (Exists fun omega =>                 And (inst.1 U omega)                   (And (Exists fun empty => And (inst.1 omega empty) (∀ (x : SetObject), inst.mem empty x → False))                     (∀ (x : SetObject),                       inst.1 omega x →                         Exists fun successor =>                           And (inst.1 omega successor)                             (∀ (x_1 : SetObject), Iff (inst.1 successor x_1) (Or (inst.1 x x_1) (Eq x_1 x))))))))))),   Set.instMembership.1     (fun M =>       ∀ (assignment : Nat → M.1) (φ : LRA.Logic.FirstOrder.Formula LRA.Set.ModelTheory.MembershipSignature Nat),         Set.instMembership.1 LRA.Set.Constructions.ZFCSet.Interface.ModelTheory.ZFCTheory φ →           LRA.Logic.FirstOrder.Satisfies M assignment φ)     { Domain := Subtype fun x => inst.1 U x, domainNonempty := ⋯, equalityIsDiagonal := ⋯,       interpretFunction := fun functionSymbol =>         Empty.rec           (fun x =>             (Fin (LRA.Set.ModelTheory.MembershipSignature.Functions.2 functionSymbol) → Subtype fun x => inst.1 U x) →               Subtype fun x => inst.1 U x)           functionSymbol,       interpretRelation := fun relationSymbol arguments =>         LRA.Set.ModelTheory.MembershipRelationSymbol.rec (motive := fun x =>           (arguments : Fin (LRA.Set.ModelTheory.MembershipSignature.Relations.2 x) → Subtype fun x => inst.1 U x) →             (fun relationSymbol arguments => Prop) x arguments)           (fun arguments =>             (fun arguments =>                 inst.1                   (arguments                       ⟨1, LRA.Set.Constructions.GrothendieckUniverse.GrothendieckUniverseMembershipModel._proof_3⟩).1                   (arguments                       ⟨0, LRA.Set.Constructions.GrothendieckUniverse.GrothendieckUniverseMembershipModel._proof_4⟩).1)               arguments)           relationSymbol arguments,       interpretConstant := fun constantSymbol =>         LRA.Set.ModelTheory.MembershipConstantSymbol.rec           ((fun _ =>               let emptyWitness := Classical.choose ⋯;               have emptyWitnessSpec := ⋯;               ⟨emptyWitness, ⋯⟩)             Unit.unit)           constantSymbol }	ok
LRA.Set.Constructions.GrothendieckUniverse.grothendieckUniverseSatisfiesSeparation	LRA.Set.Constructions.GrothendieckUniverse.Satisfy_ZFC	theorem	true	∀ {SetObject : Type u} [inst : Membership SetObject SetObject] (A U : SetObject)   (universeHypothesis : LRA.Set.Constructions.GrothendieckUniverse.IsGrothendieckUniverseFor A U)   (property : LRA.Logic.FirstOrder.Formula LRA.Set.ModelTheory.MembershipSignature Nat),   LRA.Set.Constructions.ZFCSet.Interface.ModelTheory.SeparationHygienic property →     ∀       (assignment :         Nat →           (LRA.Set.Constructions.GrothendieckUniverse.GrothendieckUniverseMembershipModel A U               universeHypothesis).Domain),       LRA.Logic.FirstOrder.Satisfies         (LRA.Set.Constructions.GrothendieckUniverse.GrothendieckUniverseMembershipModel A U universeHypothesis)         assignment (LRA.Set.Constructions.ZFCSet.Interface.ModelTheory.separationInstance property)	∀ {SetObject : Type u} [inst : Membership SetObject SetObject] (A U : SetObject)   (universeHypothesis :     And (inst.1 U A)       (And (∀ ⦃x y : SetObject⦄, inst.1 U x → inst.1 x y → inst.1 U y)         (And           (∀ ⦃x y : SetObject⦄,             inst.1 U x →               inst.1 U y →                 Exists fun pair =>                   And (inst.1 U pair) (∀ (x_1 : SetObject), Iff (inst.1 pair x_1) (Or (Eq x_1 x) (Eq x_1 y))))           (And             (∀ ⦃x : SetObject⦄,               inst.1 U x →                 Exists fun powerSet =>                   And (inst.1 U powerSet)                     (∀ (x_1 : SetObject), Iff (inst.1 powerSet x_1) (∀ (y : SetObject), inst.1 x_1 y → inst.1 x y)))             (And               (∀ ⦃indexSet : SetObject⦄,                 inst.1 U indexSet →                   ∀ (family : SetObject → SetObject),                     (∀ (i : SetObject), inst.1 indexSet i → inst.1 U (family i)) →                       Exists fun image =>                         And (inst.1 U image)                           (And                             (∀ (y : SetObject),                               Iff (inst.1 image y) (Exists fun i => And (inst.1 indexSet i) (Eq y (family i))))                             (Exists fun union =>                               And (inst.1 U union)                                 (∀ (x : SetObject),                                   Iff (inst.1 union x)                                     (Exists fun i => And (inst.1 indexSet i) (inst.1 (family i) x))))))               (Exists fun omega =>                 And (inst.1 U omega)                   (And (Exists fun empty => And (inst.1 omega empty) (∀ (x : SetObject), inst.mem empty x → False))                     (∀ (x : SetObject),                       inst.1 omega x →                         Exists fun successor =>                           And (inst.1 omega successor)                             (∀ (x_1 : SetObject), Iff (inst.1 successor x_1) (Or (inst.1 x x_1) (Eq x_1 x)))))))))))   (property : LRA.Logic.FirstOrder.Formula LRA.Set.ModelTheory.MembershipSignature Nat),   And (SetLike.instMembership.1 (LRA.Logic.FirstOrder.freeVariables property) 1 → False)       (SetLike.instMembership.1 (LRA.Logic.FirstOrder.freeVariables property) 2 → False) →     ∀       (assignment :         Nat →           (LRA.Set.Constructions.GrothendieckUniverse.GrothendieckUniverseMembershipModel A U universeHypothesis).1),       LRA.Logic.FirstOrder.Satisfies         { Domain := Subtype fun x => inst.1 U x, domainNonempty := ⋯, equalityIsDiagonal := ⋯,           interpretFunction := fun functionSymbol =>             Empty.rec               (fun x =>                 (Fin (LRA.Set.ModelTheory.MembershipSignature.Functions.2 functionSymbol) →                     Subtype fun x => inst.1 U x) →                   Subtype fun x => inst.1 U x)               functionSymbol,           interpretRelation := fun relationSymbol arguments =>             LRA.Set.ModelTheory.MembershipRelationSymbol.rec (motive := fun x =>               (arguments : Fin (LRA.Set.ModelTheory.MembershipSignature.Relations.2 x) → Subtype fun x => inst.1 U x) →                 (fun relationSymbol arguments => Prop) x arguments)               (fun arguments =>                 (fun arguments =>                     inst.1                       (arguments                           ⟨1,                             LRA.Set.Constructions.GrothendieckUniverse.GrothendieckUniverseMembershipModel._proof_3⟩).1                       (arguments                           ⟨0,                             LRA.Set.Constructions.GrothendieckUniverse.GrothendieckUniverseMembershipModel._proof_4⟩).1)                   arguments)               relationSymbol arguments,           interpretConstant := fun constantSymbol =>             LRA.Set.ModelTheory.MembershipConstantSymbol.rec               ((fun _ =>                   let emptyWitness := Classical.choose ⋯;                   have emptyWitnessSpec := ⋯;                   ⟨emptyWitness, ⋯⟩)                 Unit.unit)               constantSymbol }         assignment         (LRA.Logic.FirstOrder.Formula.forallQ 1           (LRA.Logic.FirstOrder.Formula.forallQ 2               (LRA.Logic.FirstOrder.Formula.forallQ 0                   (((LRA.Logic.FirstOrder.Formula.relation LRA.Set.ModelTheory.MembershipRelationSymbol.mem                               (LRA.Set.ModelTheory.binaryTerms (LRA.Set.ModelTheory.varT 0)                                 (LRA.Set.ModelTheory.varT 2))).impl                           ((LRA.Set.ModelTheory.memT (LRA.Set.ModelTheory.varT 0) (LRA.Set.ModelTheory.varT 1)).impl                               property.neg).neg).impl                       (((LRA.Set.ModelTheory.memT (LRA.Set.ModelTheory.varT 0) (LRA.Set.ModelTheory.varT 1)).impl                                 property.neg).neg.impl                           (LRA.Logic.FirstOrder.Formula.relation LRA.Set.ModelTheory.MembershipRelationSymbol.mem                             (LRA.Set.ModelTheory.binaryTerms (LRA.Set.ModelTheory.varT 0)                               (LRA.Set.ModelTheory.varT 2)))).neg).neg).neg).neg)	ok
LRA.Set.Constructions.GrothendieckUniverse.grothendieckUniverseSatisfiesPowerSet	LRA.Set.Constructions.GrothendieckUniverse.Satisfy_ZFC	theorem	true	∀ {SetObject : Type u} [inst : Membership SetObject SetObject] (A U : SetObject)   (universeHypothesis : LRA.Set.Constructions.GrothendieckUniverse.IsGrothendieckUniverseFor A U)   (assignment :     Nat →       (LRA.Set.Constructions.GrothendieckUniverse.GrothendieckUniverseMembershipModel A U universeHypothesis).Domain),   LRA.Logic.FirstOrder.Satisfies     (LRA.Set.Constructions.GrothendieckUniverse.GrothendieckUniverseMembershipModel A U universeHypothesis) assignment     LRA.Set.Constructions.ZFCSet.Interface.ModelTheory.powerSetFormula	∀ {SetObject : Type u} [inst : Membership SetObject SetObject] (A U : SetObject)   (universeHypothesis :     And (inst.1 U A)       (And (∀ ⦃x y : SetObject⦄, inst.1 U x → inst.1 x y → inst.1 U y)         (And           (∀ ⦃x y : SetObject⦄,             inst.1 U x →               inst.1 U y →                 Exists fun pair =>                   And (inst.1 U pair) (∀ (x_1 : SetObject), Iff (inst.1 pair x_1) (Or (Eq x_1 x) (Eq x_1 y))))           (And             (∀ ⦃x : SetObject⦄,               inst.1 U x →                 Exists fun powerSet =>                   And (inst.1 U powerSet)                     (∀ (x_1 : SetObject), Iff (inst.1 powerSet x_1) (∀ (y : SetObject), inst.1 x_1 y → inst.1 x y)))             (And               (∀ ⦃indexSet : SetObject⦄,                 inst.1 U indexSet →                   ∀ (family : SetObject → SetObject),                     (∀ (i : SetObject), inst.1 indexSet i → inst.1 U (family i)) →                       Exists fun image =>                         And (inst.1 U image)                           (And                             (∀ (y : SetObject),                               Iff (inst.1 image y) (Exists fun i => And (inst.1 indexSet i) (Eq y (family i))))                             (Exists fun union =>                               And (inst.1 U union)                                 (∀ (x : SetObject),                                   Iff (inst.1 union x)                                     (Exists fun i => And (inst.1 indexSet i) (inst.1 (family i) x))))))               (Exists fun omega =>                 And (inst.1 U omega)                   (And (Exists fun empty => And (inst.1 omega empty) (∀ (x : SetObject), inst.mem empty x → False))                     (∀ (x : SetObject),                       inst.1 omega x →                         Exists fun successor =>                           And (inst.1 omega successor)                             (∀ (x_1 : SetObject), Iff (inst.1 successor x_1) (Or (inst.1 x x_1) (Eq x_1 x)))))))))))   (assignment :     Nat → (LRA.Set.Constructions.GrothendieckUniverse.GrothendieckUniverseMembershipModel A U universeHypothesis).1),   LRA.Logic.FirstOrder.Satisfies     { Domain := Subtype fun x => inst.1 U x, domainNonempty := ⋯, equalityIsDiagonal := ⋯,       interpretFunction := fun functionSymbol =>         Empty.rec           (fun x =>             (Fin (LRA.Set.ModelTheory.MembershipSignature.Functions.2 functionSymbol) → Subtype fun x => inst.1 U x) →               Subtype fun x => inst.1 U x)           functionSymbol,       interpretRelation := fun relationSymbol arguments =>         LRA.Set.ModelTheory.MembershipRelationSymbol.rec (motive := fun x =>           (arguments : Fin (LRA.Set.ModelTheory.MembershipSignature.Relations.2 x) → Subtype fun x => inst.1 U x) →             (fun relationSymbol arguments => Prop) x arguments)           (fun arguments =>             (fun arguments =>                 inst.1                   (arguments                       ⟨1, LRA.Set.Constructions.GrothendieckUniverse.GrothendieckUniverseMembershipModel._proof_3⟩).1                   (arguments                       ⟨0, LRA.Set.Constructions.GrothendieckUniverse.GrothendieckUniverseMembershipModel._proof_4⟩).1)               arguments)           relationSymbol arguments,       interpretConstant := fun constantSymbol =>         LRA.Set.ModelTheory.MembershipConstantSymbol.rec           ((fun _ =>               let emptyWitness := Classical.choose ⋯;               have emptyWitnessSpec := ⋯;               ⟨emptyWitness, ⋯⟩)             Unit.unit)           constantSymbol }     assignment LRA.Set.Constructions.ZFCSet.Interface.ModelTheory.powerSetFormula	ok
LRA.Set.Constructions.TGSet.instGrothendieckUniverseAxiom	LRA.Set.Constructions.TGSet.Theorems.ModelTheory.StandardTransitive	theorem	true	LRA.Set.Constructions.GrothendieckUniverse.GrothendieckUniverseAxiom LRA.Set.Constructions.TGSet	LRA.Set.Constructions.GrothendieckUniverse.GrothendieckUniverseAxiom LRA.Set.Constructions.TGSet	ok
LRA.Set.Constructions.TGSet.tgSetCanonicalGrothendieckUniverseModelsZFC	LRA.Set.Constructions.TGSet.Theorems.ModelTheory.StandardTransitive	theorem	true	∀ (A : LRA.Set.Constructions.TGSet),   Set.instMembership.mem     (LRA.ModelTheory.FirstOrder.ModelsOfFormulaTheory LRA.Set.Constructions.ZFCSet.Interface.ModelTheory.ZFCTheory)     A.TGSetCanonicalGrothendieckUniverseMembershipModel	∀ (A : LRA.Set.Constructions.TGSet),   Set.instMembership.1     (fun M =>       ∀ (assignment : Nat → M.1) (φ : LRA.Logic.FirstOrder.Formula LRA.Set.ModelTheory.MembershipSignature Nat),         Set.instMembership.1 LRA.Set.Constructions.ZFCSet.Interface.ModelTheory.ZFCTheory φ →           LRA.Logic.FirstOrder.Satisfies M assignment φ)     { Domain := Subtype fun x => LRA.Set.Constructions.instMembershipTGSet.1 (Classical.choose ⋯) x,       domainNonempty := ⋯, equalityIsDiagonal := ⋯,       interpretFunction := fun functionSymbol =>         Empty.rec           (fun x =>             (Fin (LRA.Set.ModelTheory.MembershipSignature.Functions.arity functionSymbol) →                 Subtype fun x =>                   LRA.Set.Constructions.instMembershipTGSet.1                     (LRA.Set.Constructions.GrothendieckUniverse.TheGrothendieckUniverse A) x) →               Subtype fun x =>                 LRA.Set.Constructions.instMembershipTGSet.1                   (LRA.Set.Constructions.GrothendieckUniverse.TheGrothendieckUniverse A) x)           functionSymbol,       interpretRelation := fun relationSymbol arguments =>         LRA.Set.ModelTheory.MembershipRelationSymbol.rec (motive := fun x =>           (arguments :               Fin (LRA.Set.ModelTheory.MembershipSignature.relationArity x) →                 Subtype fun x =>                   LRA.Set.Constructions.instMembershipTGSet.mem                     (LRA.Set.Constructions.GrothendieckUniverse.TheGrothendieckUniverse A) x) →             (fun relationSymbol arguments => Prop) x arguments)           (fun arguments =>             (fun arguments =>                 LRA.Set.Constructions.instMembershipTGSet.mem                   (arguments                       ⟨1, LRA.Set.Constructions.GrothendieckUniverse.GrothendieckUniverseMembershipModel._proof_3⟩).val                   (arguments                       ⟨0, LRA.Set.Constructions.GrothendieckUniverse.GrothendieckUniverseMembershipModel._proof_4⟩).val)               arguments)           relationSymbol arguments,       interpretConstant := fun constantSymbol =>         LRA.Set.ModelTheory.MembershipConstantSymbol.rec           ((fun _ =>               let emptyWitness := Classical.choose ⋯;               have emptyWitnessSpec := ⋯;               ⟨emptyWitness, ⋯⟩)             Unit.unit)           constantSymbol }	ok
LRA.Set.Constructions.TGSet.tgSetInternalUniverseIsStandardTransitive	LRA.Set.Constructions.TGSet.Satisfy_Grothendieck	theorem	true	∀ (A : LRA.Set.Constructions.TGSet.Interface.ModelTheory.TGSetObject),   LRA.Set.Constructions.GrothendieckUniverse.Interface.ModelTheory.IsStandardTransitiveMembershipStructure     (LRA.Set.Constructions.GrothendieckUniverse.Interface.ModelTheory.toUniverseLStructure A       (LRA.Set.Constructions.GrothendieckUniverse.TheGrothendieckUniverse A) ⋯)	∀ (A : LRA.Set.Constructions.TGSet.Interface.ModelTheory.TGSetObject),   And     (∀       (left right :         Subtype fun x =>           LRA.Set.Constructions.instMembershipTGSet.1             (LRA.Set.Constructions.GrothendieckUniverse.Interface.ModelTheory.toUniverseLStructure A                 (LRA.Set.Constructions.GrothendieckUniverse.TheGrothendieckUniverse A) ⋯).2             x),       Iff (LRA.Set.Constructions.instMembershipTGSet.1 right.1 left.1)         (LRA.Set.Constructions.instMembershipTGSet.1 right.1 left.1))     (∀ ⦃x y : LRA.Set.Constructions.TGSet.Interface.ModelTheory.TGSetObject⦄,       LRA.Set.Constructions.instMembershipTGSet.1           (LRA.Set.Constructions.GrothendieckUniverse.Interface.ModelTheory.toUniverseLStructure A               (LRA.Set.Constructions.GrothendieckUniverse.TheGrothendieckUniverse A) ⋯).2           x →         LRA.Set.Constructions.instMembershipTGSet.1 x y →           LRA.Set.Constructions.instMembershipTGSet.1             (LRA.Set.Constructions.GrothendieckUniverse.Interface.ModelTheory.toUniverseLStructure A                 (LRA.Set.Constructions.GrothendieckUniverse.TheGrothendieckUniverse A) ⋯).2             y)	ok
LRA.Set.Constructions.TGSet.tgSetSatisfiesTGSemanticTower	LRA.Set.Constructions.TGSet.Satisfy_Grothendieck	theorem	true	LRA.Set.Constructions.TGSet.SatisfiesTGSemanticTower	LRA.Set.Constructions.TGSet.SatisfiesTGSemanticTower	ok
LRA.Set.Constructions.TGSet.SatisfiesTGSemanticTower	LRA.Set.Constructions.TGSet.Satisfy_Grothendieck	instance	false	And LRA.Set.Constructions.TGSet.Interface.ModelTheory.TGUniverseAxiom   LRA.Set.Constructions.TGSet.SupportsInternalUniverseTower	And LRA.Set.Constructions.TGSet.Interface.ModelTheory.TGUniverseAxiom   LRA.Set.Constructions.TGSet.SupportsInternalUniverseTower	ok
LRA.Set.Constructions.TGSet.tgSetSupportsInternalUniverseTower	LRA.Set.Constructions.TGSet.Satisfy_Grothendieck	theorem	true	LRA.Set.Constructions.TGSet.SupportsInternalUniverseTower	LRA.Set.Constructions.TGSet.SupportsInternalUniverseTower	ok
LRA.Set.Constructions.TGSet.tgSetSatisfiesTGTheory	LRA.Set.Constructions.TGSet.Satisfy_Grothendieck	theorem	true	LRA.Set.Constructions.TGSet.Interface.ModelTheory.SatisfiesTGTheory LRA.Set.Constructions.TGSet.TGSetMembershipModel	And   (Set.instMembership.1     (fun M =>       ∀ (assignment : Nat → M.1) (φ : LRA.Logic.FirstOrder.Formula LRA.Set.ModelTheory.MembershipSignature Nat),         Set.instMembership.1 LRA.Set.Constructions.ZFCSet.Interface.ModelTheory.ZFCTheory φ →           LRA.Logic.FirstOrder.Satisfies M assignment φ)     LRA.Set.Constructions.TGSet.TGSetMembershipModel)   LRA.Set.Constructions.TGSet.Interface.ModelTheory.TGUniverseAxiom	ok
LRA.Set.Constructions.TGSet.SupportsInternalUniverseTower	LRA.Set.Constructions.TGSet.Satisfy_Grothendieck	instance	false	∀ (A : LRA.Set.Constructions.TGSet.Interface.ModelTheory.TGSetObject),   Set.instMembership.mem     (LRA.ModelTheory.FirstOrder.ModelsOfFormulaTheory LRA.Set.Constructions.ZFCSet.Interface.ModelTheory.ZFCTheory)     (LRA.Set.Constructions.TGSet.TGSetCanonicalGrothendieckUniverseMembershipModel A)	∀ (A : LRA.Set.Constructions.TGSet.Interface.ModelTheory.TGSetObject),   Set.instMembership.1     (fun M =>       ∀ (assignment : Nat → M.1) (φ : LRA.Logic.FirstOrder.Formula LRA.Set.ModelTheory.MembershipSignature Nat),         Set.instMembership.1 LRA.Set.Constructions.ZFCSet.Interface.ModelTheory.ZFCTheory φ →           LRA.Logic.FirstOrder.Satisfies M assignment φ)     { Domain := Subtype fun x => LRA.Set.Constructions.instMembershipTGSet.1 (Classical.choose ⋯) x,       domainNonempty := ⋯, equalityIsDiagonal := ⋯,       interpretFunction := fun functionSymbol =>         Empty.rec           (fun x =>             (Fin (LRA.Set.ModelTheory.MembershipSignature.Functions.arity functionSymbol) →                 Subtype fun x =>                   LRA.Set.Constructions.instMembershipTGSet.1                     (LRA.Set.Constructions.GrothendieckUniverse.TheGrothendieckUniverse A) x) →               Subtype fun x =>                 LRA.Set.Constructions.instMembershipTGSet.1                   (LRA.Set.Constructions.GrothendieckUniverse.TheGrothendieckUniverse A) x)           functionSymbol,       interpretRelation := fun relationSymbol arguments =>         LRA.Set.ModelTheory.MembershipRelationSymbol.rec (motive := fun x =>           (arguments :               Fin (LRA.Set.ModelTheory.MembershipSignature.relationArity x) →                 Subtype fun x =>                   LRA.Set.Constructions.instMembershipTGSet.mem                     (LRA.Set.Constructions.GrothendieckUniverse.TheGrothendieckUniverse A) x) →             (fun relationSymbol arguments => Prop) x arguments)           (fun arguments =>             (fun arguments =>                 LRA.Set.Constructions.instMembershipTGSet.mem                   (arguments                       ⟨1, LRA.Set.Constructions.GrothendieckUniverse.GrothendieckUniverseMembershipModel._proof_3⟩).val                   (arguments                       ⟨0, LRA.Set.Constructions.GrothendieckUniverse.GrothendieckUniverseMembershipModel._proof_4⟩).val)               arguments)           relationSymbol arguments,       interpretConstant := fun constantSymbol =>         LRA.Set.ModelTheory.MembershipConstantSymbol.rec           ((fun _ =>               let emptyWitness := Classical.choose ⋯;               have emptyWitnessSpec := ⋯;               ⟨emptyWitness, ⋯⟩)             Unit.unit)           constantSymbol }	ok
LRA.Set.Constructions.TGSet.tgSetSupportsUniverseAxiom	LRA.Set.Constructions.TGSet.Satisfy_Grothendieck	theorem	true	LRA.Set.Constructions.TGSet.Interface.ModelTheory.TGUniverseAxiom	LRA.Set.Constructions.TGSet.Interface.ModelTheory.TGUniverseAxiom	ok
LRA.Set.Constructions.TGSet.tgSetContainsInternalUniverseModel	LRA.Set.Constructions.TGSet.Satisfy_Grothendieck	theorem	true	∀ (A : LRA.Set.Constructions.TGSet.Interface.ModelTheory.TGSetObject),   Exists fun U =>     Exists fun hU =>       Set.instMembership.mem         (LRA.ModelTheory.FirstOrder.ModelsOfFormulaTheory LRA.Set.Constructions.ZFCSet.Interface.ModelTheory.ZFCTheory)         (LRA.Set.Constructions.GrothendieckUniverse.GrothendieckUniverseMembershipModel A U hU)	∀ (A : LRA.Set.Constructions.TGSet.Interface.ModelTheory.TGSetObject),   Exists fun U =>     Exists fun hU =>       Set.instMembership.1         (fun M =>           ∀ (assignment : Nat → M.1) (φ : LRA.Logic.FirstOrder.Formula LRA.Set.ModelTheory.MembershipSignature Nat),             Set.instMembership.1 LRA.Set.Constructions.ZFCSet.Interface.ModelTheory.ZFCTheory φ →               LRA.Logic.FirstOrder.Satisfies M assignment φ)         { Domain := Subtype fun x => LRA.Set.Constructions.instMembershipTGSet.1 U x, domainNonempty := ⋯,           equalityIsDiagonal := ⋯,           interpretFunction := fun functionSymbol =>             Empty.rec               (fun x =>                 (Fin (LRA.Set.ModelTheory.MembershipSignature.Functions.2 functionSymbol) →                     Subtype fun x => LRA.Set.Constructions.instMembershipTGSet.1 U x) →                   Subtype fun x => LRA.Set.Constructions.instMembershipTGSet.1 U x)               functionSymbol,           interpretRelation := fun relationSymbol arguments =>             LRA.Set.ModelTheory.MembershipRelationSymbol.rec (motive := fun x =>               (arguments :                   Fin (LRA.Set.ModelTheory.MembershipSignature.Relations.2 x) →                     Subtype fun x => LRA.Set.Constructions.instMembershipTGSet.1 U x) →                 (fun relationSymbol arguments => Prop) x arguments)               (fun arguments =>                 (fun arguments =>                     LRA.Set.Constructions.instMembershipTGSet.1                       (arguments                           ⟨1,                             LRA.Set.Constructions.GrothendieckUniverse.GrothendieckUniverseMembershipModel._proof_3⟩).1                       (arguments                           ⟨0,                             LRA.Set.Constructions.GrothendieckUniverse.GrothendieckUniverseMembershipModel._proof_4⟩).1)                   arguments)               relationSymbol arguments,           interpretConstant := fun constantSymbol =>             LRA.Set.ModelTheory.MembershipConstantSymbol.rec               ((fun _ =>                   let emptyWitness := Classical.choose ⋯;                   have emptyWitnessSpec := ⋯;                   ⟨emptyWitness, ⋯⟩)                 Unit.unit)               constantSymbol }	ok
LRA.Set.Constructions.TGSet.TGSetAlgebraEqualityIsCongruence	LRA.Set.Constructions.TGSet.Satisfy_ZFCAlgebra	theorem	true	LRA.Identity.IsCongruence LRA.Set.Constructions.TGSet.TGSetAlgebra fun x1 x2 => Eq x1 x2	LRA.Identity.IsCongruence LRA.Set.Constructions.TGSet.TGSetAlgebra fun x1 x2 => Eq x1 x2	ok
LRA.Set.MathlibPredicateSet.instSymmDiffMembershipLawsSet	LRA.Set.Constructions.Mathlib.PredicateSet.Satisfy_Generic	theorem	true	∀ {Alpha : Type u}, LRA.Set.SymmDiffMembershipLaws Alpha (Set Alpha)	∀ {Alpha : Type u}, LRA.Set.SymmDiffMembershipLaws Alpha (Alpha → Prop)	ok
LRA.Set.MathlibPredicateSet.instUnionLawsSet	LRA.Set.Constructions.Mathlib.PredicateSet.Satisfy_Generic	theorem	true	∀ {Alpha : Type u}, LRA.Set.UnionLaws (Set Alpha)	∀ {Alpha : Type u}, LRA.Set.UnionLaws (Alpha → Prop)	ok
LRA.Set.MathlibPredicateSet.instUniversalMembershipLawsSet	LRA.Set.Constructions.Mathlib.PredicateSet.Satisfy_Generic	theorem	true	∀ {Alpha : Type u}, LRA.Set.UniversalMembershipLaws Alpha (Set Alpha)	∀ {Alpha : Type u}, LRA.Set.UniversalMembershipLaws Alpha (Alpha → Prop)	ok
LRA.Set.MathlibPredicateSet.instCollectionMembershipLawsSet	LRA.Set.Constructions.Mathlib.PredicateSet.Satisfy_Generic	theorem	true	∀ {Alpha : Type u}, LRA.Set.CollectionMembershipLaws Alpha (Set Alpha) (Set (Set Alpha))	∀ {Alpha : Type u}, LRA.Set.CollectionMembershipLaws Alpha (Alpha → Prop) ((Alpha → Prop) → Prop)	ok
LRA.Set.MathlibPredicateSet.instCountableMembershipLawsSet	LRA.Set.Constructions.Mathlib.PredicateSet.Satisfy_Generic	theorem	true	∀ {Alpha : Type u}, LRA.Set.CountableMembershipLaws Alpha (Set Alpha)	∀ {Alpha : Type u}, LRA.Set.CountableMembershipLaws Alpha (Alpha → Prop)	ok
LRA.Set.MathlibPredicateSet.instSymmDiffLawsSet	LRA.Set.Constructions.Mathlib.PredicateSet.Satisfy_Generic	theorem	true	∀ {Alpha : Type u}, LRA.Set.SymmDiffLaws (Set Alpha)	∀ {Alpha : Type u}, LRA.Set.SymmDiffLaws (Alpha → Prop)	ok
LRA.Set.MathlibPredicateSet.instIndexedMembershipLawsSet	LRA.Set.Constructions.Mathlib.PredicateSet.Satisfy_Generic	theorem	true	∀ {Alpha : Type u}, LRA.Set.IndexedMembershipLaws Alpha (Set Alpha)	∀ {Alpha : Type u}, LRA.Set.IndexedMembershipLaws Alpha (Alpha → Prop)	ok
LRA.Set.MathlibPredicateSet.instSeparationLawsSet	LRA.Set.Constructions.Mathlib.PredicateSet.Satisfy_Generic	theorem	true	∀ {Alpha : Type u}, LRA.Set.SeparationLaws Alpha (Set Alpha)	∀ {Alpha : Type u}, LRA.Set.SeparationLaws Alpha (Alpha → Prop)	ok
LRA.Set.MathlibPredicateSet.instComplementLawsSet	LRA.Set.Constructions.Mathlib.PredicateSet.Satisfy_Generic	theorem	true	∀ {Alpha : Type u}, LRA.Set.ComplementLaws (Set Alpha)	∀ {Alpha : Type u}, LRA.Set.ComplementLaws (Alpha → Prop)	ok
LRA.Set.MathlibPredicateSet.instMembershipLawsSet	LRA.Set.Constructions.Mathlib.PredicateSet.Satisfy_Generic	theorem	true	∀ {Alpha : Type u}, LRA.Set.MembershipLaws Alpha (Set Alpha)	∀ {Alpha : Type u}, LRA.Set.MembershipLaws Alpha (Alpha → Prop)	ok
LRA.Set.MathlibPredicateSet.instDifferenceLawsSet	LRA.Set.Constructions.Mathlib.PredicateSet.Satisfy_Generic	theorem	true	∀ {Alpha : Type u}, LRA.Set.DifferenceLaws (Set Alpha)	∀ {Alpha : Type u}, LRA.Set.DifferenceLaws (Alpha → Prop)	ok
LRA.Set.MathlibPredicateSet.instPowersetMembershipLawsSet	LRA.Set.Constructions.Mathlib.PredicateSet.Satisfy_Generic	theorem	true	∀ {Alpha : Type u}, LRA.Set.PowersetMembershipLaws (Set Alpha) (Set (Set Alpha))	∀ {Alpha : Type u}, LRA.Set.PowersetMembershipLaws (Alpha → Prop) ((Alpha → Prop) → Prop)	ok
LRA.Set.MathlibPredicateSet.instIntersectionLawsSet	LRA.Set.Constructions.Mathlib.PredicateSet.Satisfy_Generic	theorem	true	∀ {Alpha : Type u}, LRA.Set.IntersectionLaws (Set Alpha)	∀ {Alpha : Type u}, LRA.Set.IntersectionLaws (Alpha → Prop)	ok
LRA.Set.MathlibPredicateSet.instExtensionalityLawSet	LRA.Set.Constructions.Mathlib.PredicateSet.Satisfy_Generic	theorem	true	∀ {Alpha : Type u}, LRA.Set.ExtensionalityLaw Alpha (Set Alpha)	∀ {Alpha : Type u}, LRA.Set.ExtensionalityLaw Alpha (Alpha → Prop)	ok
LRA.Set.MathlibPredicateSet.instSubsetLawsSet	LRA.Set.Constructions.Mathlib.PredicateSet.Satisfy_Generic	theorem	true	∀ {Alpha : Type u}, LRA.Set.SubsetLaws (Set Alpha)	∀ {Alpha : Type u}, LRA.Set.SubsetLaws (Alpha → Prop)	ok
LRA.Set.MathlibPredicateSet.instDistributivityLawsSet	LRA.Set.Constructions.Mathlib.PredicateSet.Satisfy_Generic	theorem	true	∀ {Alpha : Type u}, LRA.Set.DistributivityLaws (Set Alpha)	∀ {Alpha : Type u}, LRA.Set.DistributivityLaws (Alpha → Prop)	ok
LRA.Set.MathlibZFSet.RelatesIffPairMember	LRA.Set.Constructions.Mathlib.ZFSet.FunctionSets	theorem	true	∀ (relation input output : ZFSet),   Iff (LRA.Set.Relates relation input output) (SetLike.instMembership.mem relation (input.pair output))	∀ (relation input output : ZFSet),   Iff (SetLike.instMembership.1 relation (LRA.Set.MathlibZFSet.instHasPairingZFSet.1 input output))     (SetLike.instMembership.1 relation       (ZFSet.instInsert.1 (ZFSet.instSingleton.1 input)         (ZFSet.instSingleton.1 (ZFSet.instInsert.1 input (ZFSet.instSingleton.1 output)))))	ok
LRA.Set.MathlibZFSet.IsFuncIffFunctional	LRA.Set.Constructions.Mathlib.ZFSet.FunctionSets	theorem	true	∀ (domain codomain relation : ZFSet),   Iff (domain.IsFunc codomain relation)     (And (ZFSet.instPartialOrder.le relation (domain.prod codomain))       (And (LRA.Set.IsTotalOn ZFSet relation domain) (LRA.Set.IsSingleValued ZFSet ZFSet relation)))	∀ (domain codomain relation : ZFSet),   Iff     (And       (ZFSet.instPartialOrder.toPreorder.1.le relation         (Quot.lift           (fun x =>             Quot.mk PSet.setoid.r               (PSet.sep                 (fun y =>                   (fun z =>                       Exists fun a =>                         And (SetLike.instMembership.mem domain a)                           (Exists fun b =>                             And (SetLike.instMembership.mem codomain b)                               (And (Eq z (a.pair b)) ((fun x x_1 => True) a b))))                     (ZFSet.mk y))                 x))           ⋯ (ZFSet.instUnion.union domain codomain).powerset.powerset))       (∀ (z : ZFSet),         SetLike.instMembership.1 domain z →           Exists fun x =>             And               ((fun w =>                   SetLike.instMembership.1 relation                     (ZFSet.instInsert.1 (ZFSet.instSingleton.1 z)                       (ZFSet.instSingleton.1 (ZFSet.instInsert.insert z (ZFSet.instSingleton.singleton w)))))                 x)               (∀ (y : ZFSet),                 SetLike.instMembership.1 relation                     (ZFSet.instInsert.1 (ZFSet.instSingleton.1 z)                       (ZFSet.instSingleton.1 (ZFSet.instInsert.insert z (ZFSet.instSingleton.singleton y)))) →                   Eq y x)))     (And       (ZFSet.instPartialOrder.toPreorder.1.le relation         (Quot.lift           (fun x =>             Quot.mk PSet.setoid.1               (PSet.mk                 (Subtype fun a =>                   (fun y =>                       (fun z =>                           Exists fun a =>                             And (SetLike.instMembership.mem domain a)                               (Exists fun b =>                                 And (SetLike.instMembership.mem codomain b)                                   (And (Eq z (a.pair b)) ((fun x x_1 => True) a b))))                         (ZFSet.mk y))                     (x.Func a))                 fun y => x.Func y.val))           ⋯ (Quotient.map PSet.powerset ZFSet.powerset._proof_1 (ZFSet.instUnion.union domain codomain).powerset)))       (And         (∀ (input : ZFSet),           SetLike.instMembership.1 domain input →             Exists fun output =>               SetLike.instMembership.1 relation (LRA.Set.MathlibZFSet.instHasPairingZFSet.1 input output))         (∀ (input firstOutput secondOutput : ZFSet),           SetLike.instMembership.1 relation (LRA.Set.MathlibZFSet.instHasPairingZFSet.1 input firstOutput) →             SetLike.instMembership.1 relation (LRA.Set.MathlibZFSet.instHasPairingZFSet.1 input secondOutput) →               Eq firstOutput secondOutput)))	ok
LRA.Set.MathlibZFSet.IsPairwiseOfSubsetProd	LRA.Set.Constructions.Mathlib.ZFSet.FunctionSets	theorem	true	∀ {domain codomain relation : ZFSet},   ZFSet.instPartialOrder.le relation (domain.prod codomain) → LRA.Set.IsPairwise ZFSet ZFSet relation	∀ {domain codomain relation : ZFSet},   ZFSet.instPartialOrder.toPreorder.1.le relation       (Quot.lift         (fun x =>           Quot.mk PSet.setoid.1             (PSet.mk               (Subtype fun a =>                 (fun y =>                     (fun z =>                         Exists fun a =>                           And (SetLike.instMembership.mem domain a)                             (Exists fun b =>                               And (SetLike.instMembership.mem codomain b)                                 (And (Eq z (a.pair b)) ((fun x x_1 => True) a b))))                       (ZFSet.mk y))                   (x.Func a))               fun y => x.Func y.val))         ⋯ (Quotient.map PSet.powerset ZFSet.powerset._proof_1 (ZFSet.instUnion.union domain codomain).powerset)) →     ∀ (member : ZFSet),       SetLike.instMembership.1 relation member →         Exists fun input => Exists fun output => Eq member (LRA.Set.MathlibZFSet.instHasPairingZFSet.1 input output)	ok
LRA.Set.MathlibZFSet.RelatesMapIff	LRA.Set.Constructions.Mathlib.ZFSet.FunctionSets	theorem	true	∀ (f : ZFSet → ZFSet) [inst : ZFSet.Definable₁ f] (over input output : ZFSet),   Iff (LRA.Set.Relates (ZFSet.map f over) input output)     (And (SetLike.instMembership.mem over input) (Eq (f input) output))	∀ (f : ZFSet → ZFSet) [inst : ZFSet.Definable 1 fun s => f (s 0)] (over input output : ZFSet),   Iff     (SetLike.instMembership.1       ((let r := ZFSet.Definable₁.out fun y => y.pair (f y);         Quotient.map (PSet.image r) ⋯)         over)       (LRA.Set.MathlibZFSet.instHasPairingZFSet.1 input output))     (And (SetLike.instMembership.1 over input) (Eq (f input) output))	ok
LRA.Set.MathlibZFSet.MapIsFunctionalSet	LRA.Set.Constructions.Mathlib.ZFSet.FunctionSets	theorem	true	∀ (f : ZFSet → ZFSet) [inst : ZFSet.Definable₁ f] (over : ZFSet), LRA.Set.IsFunctionalSet ZFSet ZFSet (ZFSet.map f over)	∀ (f : ZFSet → ZFSet) [inst : ZFSet.Definable 1 fun s => f (s 0)] (over : ZFSet),   And     (∀ (member : ZFSet),       SetLike.instMembership.1           ((let r := ZFSet.Definable₁.out fun y => y.pair (f y);             Quotient.map (PSet.image r) ⋯)             over)           member →         Exists fun input => Exists fun output => Eq member (LRA.Set.MathlibZFSet.instHasPairingZFSet.1 input output))     (∀ (input firstOutput secondOutput : ZFSet),       SetLike.instMembership.1           ((let r := ZFSet.Definable₁.out fun y => y.pair (f y);             Quotient.map (PSet.image r) ⋯)             over)           (LRA.Set.MathlibZFSet.instHasPairingZFSet.1 input firstOutput) →         SetLike.instMembership.1             ((let r := ZFSet.Definable₁.out fun y => y.pair (f y);               Quotient.map (PSet.image r) ⋯)               over)             (LRA.Set.MathlibZFSet.instHasPairingZFSet.1 input secondOutput) →           Eq firstOutput secondOutput)	ok
LRA.Set.MathlibZFSet.IsFunctionalSetOfIsFunc	LRA.Set.Constructions.Mathlib.ZFSet.FunctionSets	theorem	true	∀ {domain codomain relation : ZFSet}, domain.IsFunc codomain relation → LRA.Set.IsFunctionalSet ZFSet ZFSet relation	∀ {domain codomain relation : ZFSet},   And       (ZFSet.instPartialOrder.toPreorder.1.le relation         (Quot.lift           (fun x =>             Quot.mk PSet.setoid.r               (PSet.sep                 (fun y =>                   (fun z =>                       Exists fun a =>                         And (SetLike.instMembership.mem domain a)                           (Exists fun b =>                             And (SetLike.instMembership.mem codomain b)                               (And (Eq z (a.pair b)) ((fun x x_1 => True) a b))))                     (ZFSet.mk y))                 x))           ⋯ (ZFSet.instUnion.union domain codomain).powerset.powerset))       (∀ (z : ZFSet),         SetLike.instMembership.1 domain z →           Exists fun x =>             And               ((fun w =>                   SetLike.instMembership.1 relation                     (ZFSet.instInsert.1 (ZFSet.instSingleton.1 z)                       (ZFSet.instSingleton.1 (ZFSet.instInsert.insert z (ZFSet.instSingleton.singleton w)))))                 x)               (∀ (y : ZFSet),                 SetLike.instMembership.1 relation                     (ZFSet.instInsert.1 (ZFSet.instSingleton.1 z)                       (ZFSet.instSingleton.1 (ZFSet.instInsert.insert z (ZFSet.instSingleton.singleton y)))) →                   Eq y x)) →     And       (∀ (member : ZFSet),         SetLike.instMembership.1 relation member →           Exists fun input => Exists fun output => Eq member (LRA.Set.MathlibZFSet.instHasPairingZFSet.1 input output))       (∀ (input firstOutput secondOutput : ZFSet),         SetLike.instMembership.1 relation (LRA.Set.MathlibZFSet.instHasPairingZFSet.1 input firstOutput) →           SetLike.instMembership.1 relation (LRA.Set.MathlibZFSet.instHasPairingZFSet.1 input secondOutput) →             Eq firstOutput secondOutput)	ok
LRA.Set.MathlibZFSet.MemberOfFunsIffFunctional	LRA.Set.Constructions.Mathlib.ZFSet.FunctionSets	theorem	true	∀ (domain codomain relation : ZFSet),   Iff (SetLike.instMembership.mem (domain.funs codomain) relation)     (And (ZFSet.instPartialOrder.le relation (domain.prod codomain))       (And (LRA.Set.IsTotalOn ZFSet relation domain) (LRA.Set.IsSingleValued ZFSet ZFSet relation)))	∀ (domain codomain relation : ZFSet),   Iff     (SetLike.instMembership.1       (Quot.lift         (fun x =>           Quot.mk PSet.setoid.1             (PSet.mk (Subtype fun a => (fun y => domain.IsFunc codomain (ZFSet.mk y)) (x.Func a)) fun y =>               x.Func y.val))         ⋯ (Quotient.map PSet.powerset ZFSet.powerset._proof_1 (domain.prod codomain)))       relation)     (And       (ZFSet.instPartialOrder.toPreorder.1.le relation         (Quot.lift           (fun x =>             Quot.mk PSet.setoid.1               (PSet.mk                 (Subtype fun a =>                   (fun y =>                       (fun z =>                           Exists fun a =>                             And (SetLike.instMembership.mem domain a)                               (Exists fun b =>                                 And (SetLike.instMembership.mem codomain b)                                   (And (Eq z (a.pair b)) ((fun x x_1 => True) a b))))                         (ZFSet.mk y))                     (x.Func a))                 fun y => x.Func y.val))           ⋯ (Quotient.map PSet.powerset ZFSet.powerset._proof_1 (ZFSet.instUnion.union domain codomain).powerset)))       (And         (∀ (input : ZFSet),           SetLike.instMembership.1 domain input →             Exists fun output =>               SetLike.instMembership.1 relation (LRA.Set.MathlibZFSet.instHasPairingZFSet.1 input output))         (∀ (input firstOutput secondOutput : ZFSet),           SetLike.instMembership.1 relation (LRA.Set.MathlibZFSet.instHasPairingZFSet.1 input firstOutput) →             SetLike.instMembership.1 relation (LRA.Set.MathlibZFSet.instHasPairingZFSet.1 input secondOutput) →               Eq firstOutput secondOutput)))	ok
LRA.Set.MathlibZFSet.IsSingleValuedOfIsFunc	LRA.Set.Constructions.Mathlib.ZFSet.FunctionSets	theorem	true	∀ {domain codomain relation : ZFSet}, domain.IsFunc codomain relation → LRA.Set.IsSingleValued ZFSet ZFSet relation	∀ {domain codomain relation : ZFSet},   And       (ZFSet.instPartialOrder.toPreorder.1.le relation         (Quot.lift           (fun x =>             Quot.mk PSet.setoid.r               (PSet.sep                 (fun y =>                   (fun z =>                       Exists fun a =>                         And (SetLike.instMembership.mem domain a)                           (Exists fun b =>                             And (SetLike.instMembership.mem codomain b)                               (And (Eq z (a.pair b)) ((fun x x_1 => True) a b))))                     (ZFSet.mk y))                 x))           ⋯ (ZFSet.instUnion.union domain codomain).powerset.powerset))       (∀ (z : ZFSet),         SetLike.instMembership.1 domain z →           Exists fun x =>             And               ((fun w =>                   SetLike.instMembership.1 relation                     (ZFSet.instInsert.1 (ZFSet.instSingleton.1 z)                       (ZFSet.instSingleton.1 (ZFSet.instInsert.insert z (ZFSet.instSingleton.singleton w)))))                 x)               (∀ (y : ZFSet),                 SetLike.instMembership.1 relation                     (ZFSet.instInsert.1 (ZFSet.instSingleton.1 z)                       (ZFSet.instSingleton.1 (ZFSet.instInsert.insert z (ZFSet.instSingleton.singleton y)))) →                   Eq y x)) →     ∀ (input firstOutput secondOutput : ZFSet),       And (SetLike.instMembership.1 relation (LRA.Set.MathlibZFSet.instHasPairingZFSet.1 input firstOutput))           (SetLike.instMembership.1 relation (LRA.Set.MathlibZFSet.instHasPairingZFSet.1 input secondOutput)) →         Eq firstOutput secondOutput	ok
LRA.Set.MathlibZFSet.mem_symmetricDifference	LRA.Set.Constructions.Mathlib.ZFSet.Laws	theorem	true	∀ {A B z : ZFSet},   Iff (SetLike.instMembership.mem (LRA.Set.MathlibZFSet.SymmetricDifference A B) z)     (Or (And (SetLike.instMembership.mem A z) (Not (SetLike.instMembership.mem B z)))       (And (SetLike.instMembership.mem B z) (Not (SetLike.instMembership.mem A z))))	∀ {A B z : ZFSet},   Iff (SetLike.instMembership.1 (ZFSet.instUnion.1 (ZFSet.instSDiff.1 A B) (ZFSet.instSDiff.1 B A)) z)     (Or (And (SetLike.instMembership.1 A z) (SetLike.instMembership.1 B z → False))       (And (SetLike.instMembership.1 B z) (SetLike.instMembership.1 A z → False)))	ok
LRA.Set.MathlibZFSet.mem_countableUnion	LRA.Set.Constructions.Mathlib.ZFSet.Laws	theorem	true	∀ {family : Nat → ZFSet} {x : ZFSet},   Iff (SetLike.instMembership.mem (LRA.Set.MathlibZFSet.CountableUnion family) x)     (Exists fun index => SetLike.instMembership.mem (family index) x)	∀ {family : Nat → ZFSet} {x : ZFSet},   Iff     (SetLike.instMembership.1       (Quot.lift         (fun x =>           Quot.mk PSet.setoid.1             (PSet.mk ((x_1 : x.Type) × (x.Func x_1).Type) fun x_1 =>               PSet.sUnion.match_1 x (fun x => PSet) x_1 fun x_2 y => (x.Func x_2).Func y))         ⋯         (Quotient.mk PSet.setoid           (PSet.mk (Shrink Nat)             (Function.comp Quotient.out (Function.comp family (EquivLike.toFunLike.coe (equivShrink Nat).symm))))))       x)     (Exists fun index => SetLike.instMembership.1 (family index) x)	ok
LRA.Set.MathlibZFSet.symmetricDifference_eq_union_sdiff_inter	LRA.Set.Constructions.Mathlib.ZFSet.Laws	theorem	true	∀ (A B : ZFSet),   Eq (LRA.Set.MathlibZFSet.SymmetricDifference A B)     (ZFSet.instSDiff.sdiff (ZFSet.instUnion.union A B) (ZFSet.instInter.inter A B))	∀ (A B : ZFSet),   Eq (ZFSet.instUnion.1 (ZFSet.instSDiff.1 A B) (ZFSet.instSDiff.1 B A))     (ZFSet.instSDiff.1 (ZFSet.instUnion.1 A B) (ZFSet.instInter.1 A B))	ok
LRA.Set.MathlibZFSet.empty_symmetricDifference	LRA.Set.Constructions.Mathlib.ZFSet.Laws	theorem	true	∀ (A : ZFSet), Eq (LRA.Set.MathlibZFSet.SymmetricDifference ZFSet.instEmptyCollection.emptyCollection A) A	∀ (A : ZFSet),   Eq     (ZFSet.instUnion.1 (ZFSet.instSDiff.1 ZFSet.instEmptyCollection.1 A)       (ZFSet.instSDiff.1 A ZFSet.instEmptyCollection.1))     A	ok
LRA.Set.MathlibZFSet.symmetricDifference_empty	LRA.Set.Constructions.Mathlib.ZFSet.Laws	theorem	true	∀ (A : ZFSet), Eq (LRA.Set.MathlibZFSet.SymmetricDifference A ZFSet.instEmptyCollection.emptyCollection) A	∀ (A : ZFSet),   Eq     (ZFSet.instUnion.1 (ZFSet.instSDiff.1 A ZFSet.instEmptyCollection.1)       (ZFSet.instSDiff.1 ZFSet.instEmptyCollection.1 A))     A	ok
LRA.Set.MathlibZFSet.symmetricDifference_comm	LRA.Set.Constructions.Mathlib.ZFSet.Laws	theorem	true	∀ (A B : ZFSet), Eq (LRA.Set.MathlibZFSet.SymmetricDifference A B) (LRA.Set.MathlibZFSet.SymmetricDifference B A)	∀ (A B : ZFSet),   Eq (ZFSet.instUnion.1 (ZFSet.instSDiff.1 A B) (ZFSet.instSDiff.1 B A))     (ZFSet.instUnion.1 (ZFSet.instSDiff.1 B A) (ZFSet.instSDiff.1 A B))	ok
LRA.Set.MathlibZFSet.symmetricDifference_assoc	LRA.Set.Constructions.Mathlib.ZFSet.Laws	theorem	true	∀ (A B C : ZFSet),   Eq (LRA.Set.MathlibZFSet.SymmetricDifference (LRA.Set.MathlibZFSet.SymmetricDifference A B) C)     (LRA.Set.MathlibZFSet.SymmetricDifference A (LRA.Set.MathlibZFSet.SymmetricDifference B C))	∀ (A B C : ZFSet),   Eq     (ZFSet.instUnion.1 (ZFSet.instSDiff.1 (ZFSet.instUnion.1 (ZFSet.instSDiff.1 A B) (ZFSet.instSDiff.1 B A)) C)       (ZFSet.instSDiff.1 C (ZFSet.instUnion.1 (ZFSet.instSDiff.1 A B) (ZFSet.instSDiff.1 B A))))     (ZFSet.instUnion.1 (ZFSet.instSDiff.1 A (ZFSet.instUnion.1 (ZFSet.instSDiff.1 B C) (ZFSet.instSDiff.1 C B)))       (ZFSet.instSDiff.1 (ZFSet.instUnion.1 (ZFSet.instSDiff.1 B C) (ZFSet.instSDiff.1 C B)) A))	ok
LRA.Set.MathlibZFSet.symmetricDifference_self	LRA.Set.Constructions.Mathlib.ZFSet.Laws	theorem	true	∀ (A : ZFSet), Eq (LRA.Set.MathlibZFSet.SymmetricDifference A A) ZFSet.instEmptyCollection.emptyCollection	∀ (A : ZFSet), Eq (ZFSet.instUnion.1 (ZFSet.instSDiff.1 A A) (ZFSet.instSDiff.1 A A)) ZFSet.instEmptyCollection.1	ok
LRA.Set.MathlibZFSet.symmetricDifference_eq_empty_iff	LRA.Set.Constructions.Mathlib.ZFSet.Laws	theorem	true	∀ (A B : ZFSet),   Iff (Eq (LRA.Set.MathlibZFSet.SymmetricDifference A B) ZFSet.instEmptyCollection.emptyCollection) (Eq A B)	∀ (A B : ZFSet),   Iff (Eq (ZFSet.instUnion.1 (ZFSet.instSDiff.1 A B) (ZFSet.instSDiff.1 B A)) ZFSet.instEmptyCollection.1) (Eq A B)	ok
LRA.Set.MathlibZFSet.mem_countableIntersection	LRA.Set.Constructions.Mathlib.ZFSet.Laws	theorem	true	∀ {family : Nat → ZFSet} {x : ZFSet},   Iff (SetLike.instMembership.mem (LRA.Set.MathlibZFSet.CountableIntersection family) x)     (∀ (index : Nat), SetLike.instMembership.mem (family index) x)	∀ {family : Nat → ZFSet} {x : ZFSet},   Iff     (SetLike.instMembership.1       (Quot.lift         (fun x =>           Quot.mk PSet.setoid.r             (PSet.sep               (fun y =>                 (fun y =>                     ∀ (z : ZFSet), SetLike.instMembership.mem (ZFSet.range family) z → SetLike.instMembership.mem z y)                   (ZFSet.mk y))               x))         ⋯ (ZFSet.range family).sUnion)       x)     (∀ (index : Nat), SetLike.instMembership.1 (family index) x)	ok
LRA.Set.MathlibZFSet.symmetricDifference_subset_union	LRA.Set.Constructions.Mathlib.ZFSet.Laws	theorem	true	∀ (A B : ZFSet), ZFSet.instPartialOrder.le (LRA.Set.MathlibZFSet.SymmetricDifference A B) (ZFSet.instUnion.union A B)	∀ (A B : ZFSet),   ZFSet.instPartialOrder.toPreorder.1.le (ZFSet.instUnion.1 (ZFSet.instSDiff.1 A B) (ZFSet.instSDiff.1 B A))     (ZFSet.instUnion.1 A B)	ok
LRA.Set.MathlibZFSet.instExtensionalityLawZFSet	LRA.Set.Constructions.Mathlib.ZFSet.Satisfy_Generic	theorem	true	LRA.Set.ExtensionalityLaw ZFSet ZFSet	LRA.Set.ExtensionalityLaw ZFSet ZFSet	ok
LRA.Set.MathlibZFSet.instSeparationLawsZFSet	LRA.Set.Constructions.Mathlib.ZFSet.Satisfy_Generic	theorem	true	LRA.Set.SeparationLaws ZFSet ZFSet	LRA.Set.SeparationLaws ZFSet ZFSet	ok
LRA.Set.MathlibZFSet.instCollectionMembershipLawsZFSet	LRA.Set.Constructions.Mathlib.ZFSet.Satisfy_Generic	theorem	true	LRA.Set.CollectionMembershipLaws ZFSet ZFSet ZFSet	LRA.Set.CollectionMembershipLaws ZFSet ZFSet ZFSet	ok
LRA.Set.MathlibZFSet.instPairingLawsZFSet	LRA.Set.Constructions.Mathlib.ZFSet.Satisfy_Generic	theorem	true	LRA.Set.PairingLaws ZFSet ZFSet ZFSet	LRA.Set.PairingLaws ZFSet ZFSet ZFSet	ok
LRA.Set.MathlibZFSet.instPowersetMembershipLawsZFSet	LRA.Set.Constructions.Mathlib.ZFSet.Satisfy_Generic	theorem	true	LRA.Set.PowersetMembershipLaws ZFSet ZFSet	LRA.Set.PowersetMembershipLaws ZFSet ZFSet	ok
LRA.Set.MathlibZFSet.instUnionLawsZFSet	LRA.Set.Constructions.Mathlib.ZFSet.Satisfy_Generic	theorem	true	LRA.Set.UnionLaws ZFSet	LRA.Set.UnionLaws ZFSet	ok
LRA.Set.MathlibZFSet.instMembershipLawsZFSet	LRA.Set.Constructions.Mathlib.ZFSet.Satisfy_Generic	theorem	true	LRA.Set.MembershipLaws ZFSet ZFSet	LRA.Set.MembershipLaws ZFSet ZFSet	ok
LRA.Set.MathlibZFSet.instDistributivityLawsZFSet	LRA.Set.Constructions.Mathlib.ZFSet.Satisfy_Generic	theorem	true	LRA.Set.DistributivityLaws ZFSet	LRA.Set.DistributivityLaws ZFSet	ok
LRA.Set.MathlibZFSet.instSymmDiffLawsZFSet	LRA.Set.Constructions.Mathlib.ZFSet.Satisfy_Generic	theorem	true	LRA.Set.SymmDiffLaws ZFSet	LRA.Set.SymmDiffLaws ZFSet	ok
LRA.Set.MathlibZFSet.instSubsetLawsZFSet	LRA.Set.Constructions.Mathlib.ZFSet.Satisfy_Generic	theorem	true	LRA.Set.SubsetLaws ZFSet	LRA.Set.SubsetLaws ZFSet	ok
LRA.Set.MathlibZFSet.instSymmDiffMembershipLawsZFSet	LRA.Set.Constructions.Mathlib.ZFSet.Satisfy_Generic	theorem	true	LRA.Set.SymmDiffMembershipLaws ZFSet ZFSet	LRA.Set.SymmDiffMembershipLaws ZFSet ZFSet	ok
LRA.Set.MathlibZFSet.instCountableMembershipLawsZFSet	LRA.Set.Constructions.Mathlib.ZFSet.Satisfy_Generic	theorem	true	LRA.Set.CountableMembershipLaws ZFSet ZFSet	LRA.Set.CountableMembershipLaws ZFSet ZFSet	ok
LRA.Set.MathlibZFSet.instIntersectionLawsZFSet	LRA.Set.Constructions.Mathlib.ZFSet.Satisfy_Generic	theorem	true	LRA.Set.IntersectionLaws ZFSet	LRA.Set.IntersectionLaws ZFSet	ok
LRA.Set.MathlibZFSet.instDifferenceLawsZFSet	LRA.Set.Constructions.Mathlib.ZFSet.Satisfy_Generic	theorem	true	LRA.Set.DifferenceLaws ZFSet	LRA.Set.DifferenceLaws ZFSet	ok
LRA.Set.MathlibZFSet.zfSetSatisfiesEmptySet	LRA.Set.Constructions.Mathlib.ZFSet.Satisfy_ZFC	theorem	true	∀ (assignment : Nat → LRA.Set.MathlibZFSet.ZFSetMembershipModel.Domain),   LRA.Logic.FirstOrder.Satisfies LRA.Set.MathlibZFSet.ZFSetMembershipModel assignment     LRA.Set.Constructions.ZFCSet.Interface.ModelTheory.emptySetFormula	∀ (assignment : Nat → LRA.Set.MathlibZFSet.ZFSetMembershipModel.1),   LRA.Logic.FirstOrder.Satisfies LRA.Set.MathlibZFSet.ZFSetMembershipModel assignment     LRA.Set.Constructions.ZFCSet.Interface.ModelTheory.emptySetFormula	ok
LRA.Set.MathlibZFSet.zfSetSatisfiesPairing	LRA.Set.Constructions.Mathlib.ZFSet.Satisfy_ZFC	theorem	true	∀ (assignment : Nat → LRA.Set.MathlibZFSet.ZFSetMembershipModel.Domain),   LRA.Logic.FirstOrder.Satisfies LRA.Set.MathlibZFSet.ZFSetMembershipModel assignment     LRA.Set.Constructions.ZFCSet.Interface.ModelTheory.pairingFormula	∀ (assignment : Nat → LRA.Set.MathlibZFSet.ZFSetMembershipModel.1),   LRA.Logic.FirstOrder.Satisfies LRA.Set.MathlibZFSet.ZFSetMembershipModel assignment     LRA.Set.Constructions.ZFCSet.Interface.ModelTheory.pairingFormula	ok
LRA.Set.MathlibZFSet.zfSetSatisfiesInfinity	LRA.Set.Constructions.Mathlib.ZFSet.Satisfy_ZFC	theorem	true	∀ (assignment : Nat → LRA.Set.MathlibZFSet.ZFSetMembershipModel.Domain),   LRA.Logic.FirstOrder.Satisfies LRA.Set.MathlibZFSet.ZFSetMembershipModel assignment     LRA.Set.Constructions.ZFCSet.Interface.ModelTheory.infinityFormula	∀ (assignment : Nat → LRA.Set.MathlibZFSet.ZFSetMembershipModel.1),   LRA.Logic.FirstOrder.Satisfies LRA.Set.MathlibZFSet.ZFSetMembershipModel assignment     LRA.Set.Constructions.ZFCSet.Interface.ModelTheory.infinityFormula	ok
LRA.Set.MathlibZFSet.zfSetSatisfiesReplacement	LRA.Set.Constructions.Mathlib.ZFSet.Satisfy_ZFC	theorem	true	∀ (relation : LRA.Logic.FirstOrder.Formula LRA.Set.ModelTheory.MembershipSignature Nat),   LRA.Set.Constructions.ZFCSet.Interface.ModelTheory.ReplacementHygienic relation →     ∀ (assignment : Nat → LRA.Set.MathlibZFSet.ZFSetMembershipModel.Domain),       LRA.Logic.FirstOrder.Satisfies LRA.Set.MathlibZFSet.ZFSetMembershipModel assignment         (LRA.Set.Constructions.ZFCSet.Interface.ModelTheory.replacementInstance relation)	∀ (relation : LRA.Logic.FirstOrder.Formula LRA.Set.ModelTheory.MembershipSignature Nat),   And (SetLike.instMembership.1 (LRA.Logic.FirstOrder.freeVariables relation) 2 → False)       (And (SetLike.instMembership.1 (LRA.Logic.FirstOrder.freeVariables relation) 3 → False)         (SetLike.instMembership.1 (LRA.Logic.FirstOrder.allVariables relation) 4 → False)) →     ∀ (assignment : Nat → LRA.Set.MathlibZFSet.ZFSetMembershipModel.1),       LRA.Logic.FirstOrder.Satisfies LRA.Set.MathlibZFSet.ZFSetMembershipModel assignment         (LRA.Logic.FirstOrder.Formula.forallQ 2           ((LRA.Logic.FirstOrder.Formula.forallQ 0                 ((LRA.Logic.FirstOrder.Formula.relation LRA.Set.ModelTheory.MembershipRelationSymbol.mem fun i =>                       Fin.induction.match_1                         (fun x =>                           (fun x => (fun x => LRA.Logic.FirstOrder.Term LRA.Set.ModelTheory.MembershipSignature Nat) x)                             x)                         i fun i hi =>                         Fin.induction.go (LRA.Set.ModelTheory.varT 0)                           (fun i x => (fun i => Fin.cases (LRA.Set.ModelTheory.varT 2) Fin.elim0 i) i) i hi).impl                   ((LRA.Logic.FirstOrder.Formula.forallQ 1 relation.neg).neg.impl                       (LRA.Logic.FirstOrder.Formula.forallQ 1                           (LRA.Logic.FirstOrder.Formula.forallQ 4                             ((relation.impl                                     (LRA.Logic.FirstOrder.substitute 1 (LRA.Logic.FirstOrder.Term.var 4)                                         relation).neg).neg.impl                               (LRA.Logic.FirstOrder.Formula.equal (LRA.Logic.FirstOrder.Term.var 1)                                 (LRA.Logic.FirstOrder.Term.var 4))))).neg).neg)).impl             (LRA.Logic.FirstOrder.Formula.forallQ 3                 (LRA.Logic.FirstOrder.Formula.forallQ 1                     (((LRA.Logic.FirstOrder.Formula.relation LRA.Set.ModelTheory.MembershipRelationSymbol.mem                                 (LRA.Set.ModelTheory.binaryTerms (LRA.Set.ModelTheory.varT 1)                                   (LRA.Set.ModelTheory.varT 3))).impl                             (LRA.Logic.FirstOrder.Formula.forallQ 0                                 ((LRA.Set.ModelTheory.memF 0 2).impl relation.neg).neg.neg).neg).impl                         ((LRA.Logic.FirstOrder.Formula.forallQ 0                                   ((LRA.Set.ModelTheory.memF 0 2).impl relation.neg).neg.neg).neg.impl                             (LRA.Logic.FirstOrder.Formula.relation LRA.Set.ModelTheory.MembershipRelationSymbol.mem                               (LRA.Set.ModelTheory.binaryTerms (LRA.Set.ModelTheory.varT 1)                                 (LRA.Set.ModelTheory.varT 3)))).neg).neg).neg).neg))	ok
LRA.Set.MathlibZFSet.zfSetSatisfiesSeparation	LRA.Set.Constructions.Mathlib.ZFSet.Satisfy_ZFC	theorem	true	∀ (property : LRA.Logic.FirstOrder.Formula LRA.Set.ModelTheory.MembershipSignature Nat),   LRA.Set.Constructions.ZFCSet.Interface.ModelTheory.SeparationHygienic property →     ∀ (assignment : Nat → LRA.Set.MathlibZFSet.ZFSetMembershipModel.Domain),       LRA.Logic.FirstOrder.Satisfies LRA.Set.MathlibZFSet.ZFSetMembershipModel assignment         (LRA.Set.Constructions.ZFCSet.Interface.ModelTheory.separationInstance property)	∀ (property : LRA.Logic.FirstOrder.Formula LRA.Set.ModelTheory.MembershipSignature Nat),   And (SetLike.instMembership.1 (LRA.Logic.FirstOrder.freeVariables property) 1 → False)       (SetLike.instMembership.1 (LRA.Logic.FirstOrder.freeVariables property) 2 → False) →     ∀ (assignment : Nat → LRA.Set.MathlibZFSet.ZFSetMembershipModel.1),       LRA.Logic.FirstOrder.Satisfies LRA.Set.MathlibZFSet.ZFSetMembershipModel assignment         (LRA.Logic.FirstOrder.Formula.forallQ 1           (LRA.Logic.FirstOrder.Formula.forallQ 2               (LRA.Logic.FirstOrder.Formula.forallQ 0                   (((LRA.Logic.FirstOrder.Formula.relation LRA.Set.ModelTheory.MembershipRelationSymbol.mem                               (LRA.Set.ModelTheory.binaryTerms (LRA.Set.ModelTheory.varT 0)                                 (LRA.Set.ModelTheory.varT 2))).impl                           ((LRA.Set.ModelTheory.memT (LRA.Set.ModelTheory.varT 0) (LRA.Set.ModelTheory.varT 1)).impl                               property.neg).neg).impl                       (((LRA.Set.ModelTheory.memT (LRA.Set.ModelTheory.varT 0) (LRA.Set.ModelTheory.varT 1)).impl                                 property.neg).neg.impl                           (LRA.Logic.FirstOrder.Formula.relation LRA.Set.ModelTheory.MembershipRelationSymbol.mem                             (LRA.Set.ModelTheory.binaryTerms (LRA.Set.ModelTheory.varT 0)                               (LRA.Set.ModelTheory.varT 2)))).neg).neg).neg).neg)	ok
LRA.Set.MathlibZFSet.zfSetModelsZFC	LRA.Set.Constructions.Mathlib.ZFSet.Satisfy_ZFC	theorem	true	Set.instMembership.mem   (LRA.ModelTheory.FirstOrder.ModelsOfFormulaTheory LRA.Set.Constructions.ZFCSet.Interface.ModelTheory.ZFCTheory)   LRA.Set.MathlibZFSet.ZFSetMembershipModel	Set.instMembership.1   (fun M =>     ∀ (assignment : Nat → M.1) (φ : LRA.Logic.FirstOrder.Formula LRA.Set.ModelTheory.MembershipSignature Nat),       Set.instMembership.1 LRA.Set.Constructions.ZFCSet.Interface.ModelTheory.ZFCTheory φ →         LRA.Logic.FirstOrder.Satisfies M assignment φ)   LRA.Set.MathlibZFSet.ZFSetMembershipModel	ok
LRA.Set.MathlibZFSet.zfSetSatisfiesFoundation	LRA.Set.Constructions.Mathlib.ZFSet.Satisfy_ZFC	theorem	true	∀ (assignment : Nat → LRA.Set.MathlibZFSet.ZFSetMembershipModel.Domain),   LRA.Logic.FirstOrder.Satisfies LRA.Set.MathlibZFSet.ZFSetMembershipModel assignment     LRA.Set.Constructions.ZFCSet.Interface.ModelTheory.foundationFormula	∀ (assignment : Nat → LRA.Set.MathlibZFSet.ZFSetMembershipModel.1),   LRA.Logic.FirstOrder.Satisfies LRA.Set.MathlibZFSet.ZFSetMembershipModel assignment     LRA.Set.Constructions.ZFCSet.Interface.ModelTheory.foundationFormula	ok
LRA.Set.MathlibZFSet.zfSetSatisfiesPowerSet	LRA.Set.Constructions.Mathlib.ZFSet.Satisfy_ZFC	theorem	true	∀ (assignment : Nat → LRA.Set.MathlibZFSet.ZFSetMembershipModel.Domain),   LRA.Logic.FirstOrder.Satisfies LRA.Set.MathlibZFSet.ZFSetMembershipModel assignment     LRA.Set.Constructions.ZFCSet.Interface.ModelTheory.powerSetFormula	∀ (assignment : Nat → LRA.Set.MathlibZFSet.ZFSetMembershipModel.1),   LRA.Logic.FirstOrder.Satisfies LRA.Set.MathlibZFSet.ZFSetMembershipModel assignment     LRA.Set.Constructions.ZFCSet.Interface.ModelTheory.powerSetFormula	ok
LRA.Set.MathlibZFSet.zfSetSatisfiesUnion	LRA.Set.Constructions.Mathlib.ZFSet.Satisfy_ZFC	theorem	true	∀ (assignment : Nat → LRA.Set.MathlibZFSet.ZFSetMembershipModel.Domain),   LRA.Logic.FirstOrder.Satisfies LRA.Set.MathlibZFSet.ZFSetMembershipModel assignment     LRA.Set.Constructions.ZFCSet.Interface.ModelTheory.unionFormula	∀ (assignment : Nat → LRA.Set.MathlibZFSet.ZFSetMembershipModel.1),   LRA.Logic.FirstOrder.Satisfies LRA.Set.MathlibZFSet.ZFSetMembershipModel assignment     LRA.Set.Constructions.ZFCSet.Interface.ModelTheory.unionFormula	ok
LRA.Set.MathlibZFSet.zfSetSatisfiesExtensionality	LRA.Set.Constructions.Mathlib.ZFSet.Satisfy_ZFC	theorem	true	∀ (assignment : Nat → LRA.Set.MathlibZFSet.ZFSetMembershipModel.Domain),   LRA.Logic.FirstOrder.Satisfies LRA.Set.MathlibZFSet.ZFSetMembershipModel assignment     LRA.Set.Constructions.ZFCSet.Interface.ModelTheory.extensionalityFormula	∀ (assignment : Nat → LRA.Set.MathlibZFSet.ZFSetMembershipModel.1),   LRA.Logic.FirstOrder.Satisfies LRA.Set.MathlibZFSet.ZFSetMembershipModel assignment     LRA.Set.Constructions.ZFCSet.Interface.ModelTheory.extensionalityFormula	ok
LRA.Set.MathlibZFSet.zfSetSatisfiesChoice	LRA.Set.Constructions.Mathlib.ZFSet.Satisfy_ZFC	theorem	true	∀ (assignment : Nat → LRA.Set.MathlibZFSet.ZFSetMembershipModel.Domain),   LRA.Logic.FirstOrder.Satisfies LRA.Set.MathlibZFSet.ZFSetMembershipModel assignment     LRA.Set.Constructions.ZFCSet.Interface.ModelTheory.choiceFormula	∀ (assignment : Nat → LRA.Set.MathlibZFSet.ZFSetMembershipModel.1),   LRA.Logic.FirstOrder.Satisfies LRA.Set.MathlibZFSet.ZFSetMembershipModel assignment     LRA.Set.Constructions.ZFCSet.Interface.ModelTheory.choiceFormula	ok
LRA.Set.MathlibZFSet.ZFSetAlgebraEqualityIsCongruence	LRA.Set.Constructions.Mathlib.ZFSet.Satisfy_ZFCAlgebra	theorem	true	LRA.Identity.IsCongruence LRA.Set.MathlibZFSet.ZFSetAlgebra fun x1 x2 => Eq x1 x2	LRA.Identity.IsCongruence LRA.Set.MathlibZFSet.ZFSetAlgebra fun x1 x2 => Eq x1 x2	ok
LRA.Set.Interop.AlgebraicRing.instZeroAbsorbingLawsTypeSet	LRA.Set.Interop.AlgebraicRing	theorem	true	∀ {Alpha : Type u}, LRA.AlgebraicStructures.ZeroAbsorbingLaws (LRA.Set.Constructions.TypeSet Alpha)	∀ {Alpha : Type u}, LRA.AlgebraicStructures.ZeroAbsorbingLaws (Alpha → Prop)	ok
LRA.Set.Interop.AlgebraicRing.instDistributiveLawsTypeSet	LRA.Set.Interop.AlgebraicRing	theorem	true	∀ {Alpha : Type u}, LRA.AlgebraicStructures.DistributiveLaws (LRA.Set.Constructions.TypeSet Alpha)	∀ {Alpha : Type u}, LRA.AlgebraicStructures.DistributiveLaws (Alpha → Prop)	ok
LRA.Set.Interop.AlgebraicRing.IntersectionDistributesOverSymmetricDifference	LRA.Set.Interop.AlgebraicRing	theorem	true	∀ {Alpha : Type u} (A B C : LRA.Set.Constructions.TypeSet Alpha),   Eq (instHMul.hMul A (instHAdd.hAdd B C)) (instHAdd.hAdd (instHMul.hMul A B) (instHMul.hMul A C))	∀ {Alpha : Type u} (A B C : Alpha → Prop),   Eq     ({           hMul := fun a b =>             {                   mul := fun A B x =>                     And (LRA.Set.Constructions.instMembershipTypeSet.1 A x)                       (LRA.Set.Constructions.instMembershipTypeSet.1 B x) }.mul               a b }.hMul       A       ({             hAdd := fun a b =>               {                     add := fun A B x =>                       Or                         (And (LRA.Set.Constructions.instMembershipTypeSet.1 A x)                           (LRA.Set.Constructions.instMembershipTypeSet.1 B x → False))                         (And (LRA.Set.Constructions.instMembershipTypeSet.1 B x)                           (LRA.Set.Constructions.instMembershipTypeSet.1 A x → False)) }.add                 a b }.hAdd         B C))     ({           hAdd := fun a b =>             {                   add := fun A B x =>                     Or                       (And (LRA.Set.Constructions.instMembershipTypeSet.1 A x)                         (LRA.Set.Constructions.instMembershipTypeSet.1 B x → False))                       (And (LRA.Set.Constructions.instMembershipTypeSet.1 B x)                         (LRA.Set.Constructions.instMembershipTypeSet.1 A x → False)) }.add               a b }.hAdd       ({             hMul := fun a b =>               {                     mul := fun A B x =>                       And (LRA.Set.Constructions.instMembershipTypeSet.1 A x)                         (LRA.Set.Constructions.instMembershipTypeSet.1 B x) }.mul                 a b }.hMul         A B)       ({             hMul := fun a b =>               {                     mul := fun A B x =>                       And (LRA.Set.Constructions.instMembershipTypeSet.1 A x)                         (LRA.Set.Constructions.instMembershipTypeSet.1 B x) }.mul                 a b }.hMul         A C))	ok
LRA.Set.Interop.AlgebraicRing.instMultiplicativeIdentityLawsTypeSet	LRA.Set.Interop.AlgebraicRing	theorem	true	∀ {Alpha : Type u}, LRA.AlgebraicStructures.MultiplicativeIdentityLaws (LRA.Set.Constructions.TypeSet Alpha)	∀ {Alpha : Type u}, LRA.AlgebraicStructures.MultiplicativeIdentityLaws (Alpha → Prop)	ok
LRA.Set.Interop.AlgebraicRing.UniversalIntersection	LRA.Set.Interop.AlgebraicRing	theorem	true	∀ {Alpha : Type u} (A : LRA.Set.Constructions.TypeSet Alpha), Eq (instHMul.hMul 1 A) A	∀ {Alpha : Type u} (A : Alpha → Prop),   Eq     ({           hMul := fun a b =>             {                   mul := fun A B x =>                     And (LRA.Set.Constructions.instMembershipTypeSet.1 A x)                       (LRA.Set.Constructions.instMembershipTypeSet.1 B x) }.mul               a b }.hMul       1 A)     A	ok
LRA.Set.Interop.AlgebraicRing.IntersectionUniversal	LRA.Set.Interop.AlgebraicRing	theorem	true	∀ {Alpha : Type u} (A : LRA.Set.Constructions.TypeSet Alpha), Eq (instHMul.hMul A 1) A	∀ {Alpha : Type u} (A : Alpha → Prop),   Eq     ({           hMul := fun a b =>             {                   mul := fun A B x =>                     And (LRA.Set.Constructions.instMembershipTypeSet.1 A x)                       (LRA.Set.Constructions.instMembershipTypeSet.1 B x) }.mul               a b }.hMul       A 1)     A	ok
LRA.Set.Interop.AlgebraicRing.instAdditiveInverseLawsTypeSet	LRA.Set.Interop.AlgebraicRing	theorem	true	∀ {Alpha : Type u}, LRA.AlgebraicStructures.AdditiveInverseLaws (LRA.Set.Constructions.TypeSet Alpha)	∀ {Alpha : Type u}, LRA.AlgebraicStructures.AdditiveInverseLaws (Alpha → Prop)	ok
LRA.Set.Interop.AlgebraicRing.instMultiplicativeSemigroupLawsTypeSet	LRA.Set.Interop.AlgebraicRing	theorem	true	∀ {Alpha : Type u}, LRA.AlgebraicStructures.MultiplicativeSemigroupLaws (LRA.Set.Constructions.TypeSet Alpha)	∀ {Alpha : Type u}, LRA.AlgebraicStructures.MultiplicativeSemigroupLaws (Alpha → Prop)	ok
LRA.Set.Interop.AlgebraicRing.instAdditiveCommutativeLawsTypeSet	LRA.Set.Interop.AlgebraicRing	theorem	true	∀ {Alpha : Type u}, LRA.AlgebraicStructures.AdditiveCommutativeLaws (LRA.Set.Constructions.TypeSet Alpha)	∀ {Alpha : Type u}, LRA.AlgebraicStructures.AdditiveCommutativeLaws (Alpha → Prop)	ok
LRA.Set.Interop.AlgebraicRing.instMultiplicativeCommutativeLawsTypeSet	LRA.Set.Interop.AlgebraicRing	theorem	true	∀ {Alpha : Type u}, LRA.AlgebraicStructures.MultiplicativeCommutativeLaws (LRA.Set.Constructions.TypeSet Alpha)	∀ {Alpha : Type u}, LRA.AlgebraicStructures.MultiplicativeCommutativeLaws (Alpha → Prop)	ok
LRA.Set.Interop.AlgebraicRing.instAdditiveSemigroupLawsTypeSet	LRA.Set.Interop.AlgebraicRing	theorem	true	∀ {Alpha : Type u}, LRA.AlgebraicStructures.AdditiveSemigroupLaws (LRA.Set.Constructions.TypeSet Alpha)	∀ {Alpha : Type u}, LRA.AlgebraicStructures.AdditiveSemigroupLaws (Alpha → Prop)	ok
LRA.Set.Interop.AlgebraicRing.instAdditiveIdentityLawsTypeSet	LRA.Set.Interop.AlgebraicRing	theorem	true	∀ {Alpha : Type u}, LRA.AlgebraicStructures.AdditiveIdentityLaws (LRA.Set.Constructions.TypeSet Alpha)	∀ {Alpha : Type u}, LRA.AlgebraicStructures.AdditiveIdentityLaws (Alpha → Prop)	ok
LRA.Set.Interop.AlgebraicRing.SymmetricDifferenceIntersectionDistributes	LRA.Set.Interop.AlgebraicRing	theorem	true	∀ {Alpha : Type u} (A B C : LRA.Set.Constructions.TypeSet Alpha),   Eq (instHMul.hMul (instHAdd.hAdd A B) C) (instHAdd.hAdd (instHMul.hMul A C) (instHMul.hMul B C))	∀ {Alpha : Type u} (A B C : Alpha → Prop),   Eq     ({           hMul := fun a b =>             {                   mul := fun A B x =>                     And (LRA.Set.Constructions.instMembershipTypeSet.1 A x)                       (LRA.Set.Constructions.instMembershipTypeSet.1 B x) }.mul               a b }.hMul       ({             hAdd := fun a b =>               {                     add := fun A B x =>                       Or                         (And (LRA.Set.Constructions.instMembershipTypeSet.1 A x)                           (LRA.Set.Constructions.instMembershipTypeSet.1 B x → False))                         (And (LRA.Set.Constructions.instMembershipTypeSet.1 B x)                           (LRA.Set.Constructions.instMembershipTypeSet.1 A x → False)) }.add                 a b }.hAdd         A B)       C)     ({           hAdd := fun a b =>             {                   add := fun A B x =>                     Or                       (And (LRA.Set.Constructions.instMembershipTypeSet.1 A x)                         (LRA.Set.Constructions.instMembershipTypeSet.1 B x → False))                       (And (LRA.Set.Constructions.instMembershipTypeSet.1 B x)                         (LRA.Set.Constructions.instMembershipTypeSet.1 A x → False)) }.add               a b }.hAdd       ({             hMul := fun a b =>               {                     mul := fun A B x =>                       And (LRA.Set.Constructions.instMembershipTypeSet.1 A x)                         (LRA.Set.Constructions.instMembershipTypeSet.1 B x) }.mul                 a b }.hMul         A C)       ({             hMul := fun a b =>               {                     mul := fun A B x =>                       And (LRA.Set.Constructions.instMembershipTypeSet.1 A x)                         (LRA.Set.Constructions.instMembershipTypeSet.1 B x) }.mul                 a b }.hMul         B C))	ok
